make: Entering directory '/home/ubuntu/work/Kernel-6.18-LTS'
make[1]: Entering directory '/home/ubuntu/work/Kernel-6.18-LTS/out/spss-port-build'
  SYNC    include/config/auto.conf.cmd
  GEN     Makefile
  GEN     Makefile
  HOSTCC  scripts/basic/fixdep
  CC      scripts/mod/empty.o
  CC      scripts/mod/devicetable-offsets.s
  MKELF   scripts/mod/elfconfig.h
  HOSTCC  scripts/mod/modpost.o
  HOSTCC  scripts/mod/sumversion.o
  HOSTCC  scripts/mod/symsearch.o
  HOSTCC  scripts/mod/file2alias.o
  HOSTLD  scripts/mod/modpost
  CC      kernel/bounds.s
  CC      arch/arm64/kernel/asm-offsets.s
  UPD     include/generated/asm-offsets.h
  CC      kernel/sched/rq-offsets.s
  UPD     include/generated/rq-offsets.h
  CALL    /home/ubuntu/work/Kernel-6.18-LTS/scripts/checksyscalls.sh
  LDS     arch/arm64/kernel/vdso/vdso.lds
  CC      arch/arm64/kernel/vdso/vgettimeofday.o
  AS      arch/arm64/kernel/vdso/note.o
  AS      arch/arm64/kernel/vdso/sigreturn.o
  CC      arch/arm64/kernel/vdso/vgetrandom.o
  AS      arch/arm64/kernel/vdso/vgetrandom-chacha.o
  LD      arch/arm64/kernel/vdso/vdso.so.dbg
  VDSOSYM include/generated/vdso-offsets.h
  OBJCOPY arch/arm64/kernel/vdso/vdso.so
  LDS     arch/arm64/kernel/vdso32/vdso.lds
  CC32    arch/arm64/kernel/vdso32/note.o
  CC32    arch/arm64/kernel/vdso32/vgettimeofday.o
  LD32    arch/arm64/kernel/vdso32/vdso.so.raw
  MUNGE   arch/arm64/kernel/vdso32/vdso32.so.dbg
  OBJCOPY arch/arm64/kernel/vdso32/vdso.so
  CC      certs/system_keyring.o
  CC      init/main.o
  CC      arch/arm64/kernel/debug-monitors.o
  CC      kernel/fork.o
  CC      mm/filemap.o
  CC      fs/open.o
  AS      certs/system_certificates.o
  AR      certs/built-in.a
  CC      mm/mempool.o
  AS      arch/arm64/kernel/entry.o
  CC      arch/arm64/kernel/irq.o
  CC      init/do_mounts.o
  CC      fs/read_write.o
  CC      mm/oom_kill.o
  CC      arch/arm64/kernel/fpsimd.o
  CC      kernel/exec_domain.o
  CC      mm/fadvise.o
  CC      init/do_mounts_rd.o
  CC      fs/file_table.o
  CC      arch/arm64/kernel/entry-common.o
  CC      kernel/panic.o
  CC      mm/maccess.o
  CC      init/do_mounts_initrd.o
  CC      mm/page-writeback.o
  CC      fs/super.o
  CC      kernel/cpu.o
  AS      arch/arm64/kernel/entry-fpsimd.o
  CC      arch/arm64/kernel/process.o
  CC      mm/folio-compat.o
  CC      init/initramfs.o
  CC      fs/char_dev.o
  CC      arch/arm64/kernel/ptrace.o
  CC      fs/stat.o
  CC      mm/readahead.o
  CC      kernel/exit.o
  CC      init/calibrate.o
  CC      init/init_task.o
  CC      kernel/softirq.o
  CC      fs/exec.o
  CC      arch/arm64/kernel/setup.o
  CC      init/version.o
  CC      mm/swap.o
  CC      mm/truncate.o
  CC      kernel/resource.o
  AR      init/built-in.a
  CC      arch/arm64/kernel/signal.o
  CC      fs/pipe.o
  CC      arch/arm64/kernel/sys.o
  CC      kernel/sysctl.o
  CC      mm/vmscan.o
  CC      mm/shrinker.o
  CC      fs/namei.o
  CC      fs/fcntl.o
  CC      kernel/capability.o
  CC      mm/shmem.o
  CC      arch/arm64/kernel/stacktrace.o
  CC      fs/ioctl.o
  CC      kernel/ptrace.o
  CC      kernel/user.o
  CC      arch/arm64/kernel/time.o
  CC      fs/readdir.o
  CC      arch/arm64/kernel/traps.o
  CC      kernel/signal.o
  CC      fs/select.o
  CC      fs/dcache.o
  CC      fs/inode.o
  CC      arch/arm64/kernel/io.o
  CC      mm/util.o
  CC      arch/arm64/kernel/vdso.o
  CC      kernel/sys.o
  CC      kernel/umh.o
  AS      arch/arm64/kernel/hyp-stub.o
  CC      fs/attr.o
  CC      arch/arm64/kernel/psci.o
  CC      fs/bad_inode.o
  CC      mm/mmzone.o
  CC      kernel/workqueue.o
  CC      fs/file.o
  CC      arch/arm64/kernel/cpu_ops.o
  CC      fs/filesystems.o
  CC      kernel/pid.o
  CC      mm/vmstat.o
  CC      arch/arm64/kernel/return_address.o
  CC      mm/backing-dev.o
  CC      fs/namespace.o
  CC      arch/arm64/kernel/cpuinfo.o
  CC      fs/seq_file.o
  CC      kernel/task_work.o
  CC      arch/arm64/kernel/cpu_errata.o
  CC      mm/mm_init.o
  CC      mm/percpu.o
  CC      fs/xattr.o
  CC      arch/arm64/kernel/cpufeature.o
  CC      kernel/extable.o
  CC      fs/libfs.o
  CC      mm/slab_common.o
  CC      fs/fs-writeback.o
  CC      kernel/params.o
  CC      mm/compaction.o
  CC      arch/arm64/kernel/alternative.o
  CC      kernel/kthread.o
  CC      kernel/sys_ni.o
  CC      arch/arm64/kernel/cacheinfo.o
  CC      kernel/nsproxy.o
  CC      mm/show_mem.o
  CC      arch/arm64/kernel/smp.o
  CC      kernel/nstree.o
  CC      fs/pnode.o
  CC      kernel/nscommon.o
  CC      kernel/notifier.o
  CC      mm/interval_tree.o
  CC      mm/list_lru.o
  CC      fs/splice.o
  CC      kernel/ksysfs.o
  CC      arch/arm64/kernel/smp_spin_table.o
  CC      mm/workingset.o
  CC      kernel/cred.o
  CC      kernel/reboot.o
  CC      arch/arm64/kernel/topology.o
  CC      mm/debug.o
  CC      fs/sync.o
  CC      kernel/async.o
  AS      arch/arm64/kernel/smccc-call.o
  CC      arch/arm64/kernel/syscall.o
  CC      mm/gup.o
  CC      kernel/range.o
  CC      kernel/smpboot.o
  CC      mm/mmap_lock.o
  CC      kernel/ucount.o
  CC      fs/utimes.o
  CC      arch/arm64/kernel/proton-pack.o
  CC      kernel/regset.o
  CC      kernel/ksyms_common.o
  CC      kernel/groups.o
  CC      mm/vma_init.o
  CC      fs/d_path.o
  CC      arch/arm64/kernel/idle.o
  CC      mm/pgsize_migration.o
  CC      kernel/vhost_task.o
  CC      kernel/sched/core.o
  CC      kernel/locking/mutex.o
  CC      arch/arm64/kernel/patching.o
  CC      kernel/locking/semaphore.o
  CC      mm/page_size_compat.o
  CC      fs/stack.o
  CC      fs/fs_struct.o
  CC      fs/statfs.o
  CC      arch/arm64/kernel/pi/idreg-override.o
  CC      mm/vma_readahead_boundary.o
  CC      kernel/locking/rwsem.o
  CC      arch/arm64/kernel/pi/map_kernel.o
  CC      fs/fs_pin.o
  CC      mm/highmem.o
  CC      fs/nsfs.o
  CC      fs/fs_types.o
  CC      arch/arm64/kernel/pi/map_range.o
  CC      kernel/locking/percpu-rwsem.o
  CC      mm/memory.o
  CC      fs/fs_context.o
  CC      arch/arm64/kernel/pi/lib-fdt.o
  CC      fs/fs_parser.o
  CC      arch/arm64/kernel/pi/lib-fdt_ro.o
  CC      kernel/locking/spinlock.o
  CC      arch/arm64/kernel/pi/relocate.o
  CC      arch/arm64/kernel/pi/kaslr_early.o
  CC      kernel/locking/osq_lock.o
  CC      kernel/power/qos.o
  CC      fs/fsopen.o
  CC      arch/arm64/kernel/pi/patch-scs.o
  CC      kernel/locking/qspinlock.o
  OBJCOPY arch/arm64/kernel/pi/idreg-override.pi.o
  OBJCOPY arch/arm64/kernel/pi/map_kernel.pi.o
  OBJCOPY arch/arm64/kernel/pi/map_range.pi.o
  OBJCOPY arch/arm64/kernel/pi/lib-fdt.pi.o
  OBJCOPY arch/arm64/kernel/pi/lib-fdt_ro.pi.o
  OBJCOPY arch/arm64/kernel/pi/relocate.pi.o
  OBJCOPY arch/arm64/kernel/pi/kaslr_early.pi.o
  OBJCOPY arch/arm64/kernel/pi/patch-scs.pi.o
  AR      arch/arm64/kernel/pi/built-in.a
  CC      kernel/sched/fair.o
  CC      arch/arm64/kernel/rsi.o
  CC      kernel/locking/rtmutex_api.o
  CC      fs/init.o
  CC      kernel/power/main.o
  CC      arch/arm64/kernel/jump_label.o
  CC      arch/arm64/kernel/sys32.o
  CC      kernel/locking/qrwlock.o
  CC      fs/kernel_read_file.o
  CC      kernel/power/process.o
  AR      kernel/locking/built-in.a
  CC      mm/mincore.o
  CC      kernel/printk/printk.o
  CC      arch/arm64/kernel/signal32.o
  CC      fs/mnt_idmapping.o
  CC      kernel/power/suspend.o
  CC      fs/remap_range.o
  CC      mm/mlock.o
  CC      kernel/sched/build_policy.o
  CC      kernel/printk/printk_safe.o
  CC      kernel/power/hibernate.o
  CC      arch/arm64/kernel/sys_compat.o
  CC      fs/pidfs.o
  CC      kernel/printk/nbcon.o
  CC      mm/mmap.o
  CC      kernel/power/snapshot.o
  CC      arch/arm64/kernel/ftrace.o
  CC      fs/file_attr.o
  CC      kernel/printk/printk_ringbuffer.o
  AS      arch/arm64/kernel/entry-ftrace.o
  CC      arch/arm64/kernel/module.o
  CC      kernel/printk/sysctl.o
  CC      mm/mmu_gather.o
  CC      fs/buffer.o
  CC      kernel/power/swap.o
  AR      kernel/printk/built-in.a
  CC      kernel/power/user.o
  CC      arch/arm64/kernel/module-plts.o
  CC      kernel/sched/build_utility.o
  CC      mm/mprotect.o
  CC      kernel/power/wakelock.o
  CC      kernel/power/poweroff.o
  CC      arch/arm64/kernel/perf_regs.o
  CC      kernel/power/wakeup_reason.o
  CC      fs/mpage.o
  CC      kernel/power/energy_model.o
  CC      arch/arm64/kernel/perf_callchain.o
  CC      mm/mremap.o
  CC      mm/msync.o
  AR      kernel/power/built-in.a
  CC      kernel/irq/irqdesc.o
  CC      fs/proc_namespace.o
  CC      arch/arm64/kernel/hw_breakpoint.o
  AS      arch/arm64/kernel/sleep.o
  CC      kernel/irq/handle.o
  CC      arch/arm64/kernel/suspend.o
  CC      kernel/sched/vendor_hooks.o
  CC      mm/page_vma_mapped.o
  CC      fs/direct-io.o
  CC      arch/arm64/kernel/efi.o
  CC      kernel/irq/manage.o
  AS      arch/arm64/kernel/efi-rt-wrapper.o
  CC      arch/arm64/kernel/pci.o
  CC      mm/pagewalk.o
  AR      kernel/sched/built-in.a
  CC      mm/pgtable-generic.o
  CC      fs/notify/fsnotify.o
  CC      fs/notify/notification.o
  CC      arch/arm64/kernel/armv8_deprecated.o
  CC      kernel/irq/spurious.o
  CC      arch/arm64/kernel/paravirt.o
  CC      fs/notify/group.o
  CC      arch/arm64/kernel/kaslr.o
  CC      mm/rmap.o
  CC      arch/arm64/kernel/hibernate.o
  AS      arch/arm64/kernel/hibernate-asm.o
  CC      kernel/irq/resend.o
  CC      arch/arm64/kernel/elfcore.o
  CC      arch/arm64/kernel/sdei.o
  CC      fs/notify/mark.o
  CC      kernel/irq/chip.o
  CC      arch/arm64/kernel/pointer_auth.o
  CC      arch/arm64/kernel/mte.o
  AS      arch/arm64/kernel/vdso-wrap.o
  AS      arch/arm64/kernel/vdso32-wrap.o
  CC      arch/arm64/kernel/probes/kprobes.o
  CC      fs/eventpoll.o
  CC      fs/notify/fdinfo.o
  CC      kernel/irq/dummychip.o
  CC      mm/vmalloc.o
  CC      arch/arm64/kernel/probes/decode-insn.o
  AS      arch/arm64/kernel/head.o
  LDS     arch/arm64/kernel/vmlinux.lds
  AS      arch/arm64/kernel/probes/kprobes_trampoline.o
  CC      arch/arm64/kernel/probes/simulate-insn.o
  CC      fs/notify/inotify/inotify_fsnotify.o
  CC      kernel/irq/devres.o
  CC      fs/notify/inotify/inotify_user.o
  CC      arch/arm64/kernel/probes/uprobes.o
  CC      kernel/irq/kexec.o
  CC      fs/anon_inodes.o
  CC      kernel/irq/generic-chip.o
  AR      arch/arm64/kernel/probes/built-in.a
  AR      arch/arm64/kernel/built-in.a
  AR      fs/notify/inotify/built-in.a
  AR      fs/notify/built-in.a
  CC      arch/arm64/mm/dma-mapping.o
  CC      fs/signalfd.o
  CC      arch/arm64/mm/extable.o
  CC      fs/timerfd.o
  CC      kernel/irq/autoprobe.o
  CC      mm/vma.o
  CC      mm/vma_exec.o
  CC      arch/arm64/mm/fault.o
  CC      fs/eventfd.o
  CC      kernel/irq/irqdomain.o
  CC      fs/userfaultfd.o
  CC      mm/process_vm_access.o
  CC      fs/aio.o
  CC      arch/arm64/mm/init.o
  CC      kernel/irq/proc.o
  AS      arch/arm64/mm/cache.o
  CC      arch/arm64/mm/copypage.o
  CC      mm/mseal.o
  CC      kernel/irq/cpuhotplug.o
  CC      mm/page_alloc.o
  CC      arch/arm64/mm/flush.o
  CC      fs/crypto/crypto.o
  CC      kernel/irq/pm.o
  CC      fs/crypto/fname.o
  CC      fs/verity/enable.o
  CC      arch/arm64/mm/ioremap.o
  CC      fs/crypto/hkdf.o
  CC      kernel/irq/msi.o
  CC      arch/arm64/mm/mmap.o
  CC      kernel/irq/ipi.o
  CC      fs/verity/hash_algs.o
  CC      fs/crypto/hooks.o
  CC      kernel/irq/affinity.o
  CC      arch/arm64/mm/pgd.o
  CC      fs/verity/init.o
  CC      fs/verity/measure.o
  CC      fs/crypto/keyring.o
  AR      kernel/irq/built-in.a
  CC      kernel/rcu/update.o
  CC      mm/shuffle.o
  CC      arch/arm64/mm/mem_encrypt.o
  CC      kernel/rcu/sync.o
  CC      fs/verity/open.o
  CC      fs/crypto/keysetup.o
  CC      kernel/rcu/srcutree.o
  CC      arch/arm64/mm/mmu.o
  CC      mm/page_frag_cache.o
  CC      fs/verity/pagecache.o
  CC      fs/crypto/keysetup_v1.o
  CC      kernel/rcu/tree.o
  CC      kernel/rcu/rcu_segcblist.o
  CC      mm/init-mm.o
  CC      fs/verity/read_metadata.o
  CC      arch/arm64/mm/context.o
  CC      fs/crypto/policy.o
  CC      fs/crypto/bio.o
  CC      mm/memblock.o
  CC      fs/verity/verify.o
  AS      arch/arm64/mm/proc.o
  CC      arch/arm64/mm/pageattr.o
  CC      arch/arm64/mm/fixmap.o
  CC      fs/crypto/inline_crypt.o
  CC      arch/arm64/mm/contpte.o
  AR      fs/verity/built-in.a
  CC      fs/locks.o
  CC      arch/arm64/mm/ptdump.o
  CC      mm/memory_hotplug.o
  AR      fs/crypto/built-in.a
  CC      fs/binfmt_misc.o
  AR      kernel/rcu/built-in.a
  CC      kernel/dma/mapping.o
  CC      arch/arm64/mm/trans_pgd.o
  AS      arch/arm64/mm/trans_pgd-asm.o
  CC      arch/arm64/mm/mteswap.o
  CC      arch/arm64/mm/gcs.o
  CC      fs/binfmt_script.o
  CC      fs/binfmt_elf.o
  CC      mm/slub.o
  CC      arch/arm64/mm/kasan_init.o
  CC      fs/compat_binfmt_elf.o
  CC      kernel/dma/direct.o
  CC      kernel/dma/ops_helpers.o
  AR      arch/arm64/mm/built-in.a
  CC      arch/arm64/net/bpf_jit_comp.o
  CC      kernel/dma/dummy.o
  CC      fs/backing-file.o
  CC      kernel/dma/contiguous.o
  CC      fs/mbcache.o
  CC      kernel/dma/coherent.o
  CC      kernel/dma/swiotlb.o
  CC      fs/posix_acl.o
  CC      fs/coredump.o
  AS      arch/arm64/net/bpf_timed_may_goto.o
  AR      arch/arm64/net/built-in.a
  CC      arch/arm64/kvm/hyp-constants.s
  CC      kernel/dma/pool.o
  CC      mm/madvise.o
  CC      mm/page_io.o
  CC      fs/drop_caches.o
  CC      kernel/dma/remap.o
  CC      fs/sysctls.o
  CC      arch/arm64/kvm/hyp/vhe/timer-sr.o
  LDS     arch/arm64/kvm/hyp/nvhe/hyp.lds
  CC      arch/arm64/kvm/hyp/nvhe/timer-sr.nvhe.o
  AR      kernel/dma/built-in.a
  CC      fs/iomap/trace.o
  CC      kernel/entry/common.o
  CC      arch/arm64/kvm/hyp/pgtable.o
  CC      arch/arm64/kvm/hyp/vhe/sysreg-sr.o
  CC      mm/swap_state.o
  CC      arch/arm64/kvm/hyp/nvhe/sysreg-sr.nvhe.o
  CC      kernel/entry/virt.o
  CC      fs/iomap/iter.o
  CC      arch/arm64/kvm/hyp/nvhe/debug-sr.nvhe.o
  CC      mm/swapfile.o
  CC      arch/arm64/kvm/hyp/vhe/debug-sr.o
  CC      fs/iomap/buffered-io.o
  AR      kernel/entry/built-in.a
  CC      kernel/module/main.o
  CC      arch/arm64/kvm/hyp/vhe/switch.o
  CC      arch/arm64/kvm/hyp/nvhe/switch.nvhe.o
  CC      arch/arm64/kvm/hyp/vhe/tlb.o
  CC      fs/iomap/direct-io.o
  CC      mm/dmapool.o
  CC      fs/iomap/ioend.o
  CC      kernel/module/strict_rwx.o
  CC      arch/arm64/kvm/hyp/nvhe/tlb.nvhe.o
  CC      arch/arm64/kvm/hyp/vhe/../vgic-v3-sr.o
  CC      mm/sparse.o
  AS      arch/arm64/kvm/hyp/nvhe/hyp-init.nvhe.o
  CC      kernel/module/kmod.o
  AS      arch/arm64/kvm/hyp/nvhe/host.nvhe.o
  CC      arch/arm64/kvm/hyp/nvhe/hyp-main.nvhe.o
  CC      fs/iomap/fiemap.o
  CC      arch/arm64/kvm/hyp/nvhe/hyp-smp.nvhe.o
  CC      fs/iomap/seek.o
  CC      kernel/module/signing.o
  CC      mm/sparse-vmemmap.o
  CC      arch/arm64/kvm/hyp/vhe/../aarch32.o
  CC      fs/iomap/swapfile.o
  CC      arch/arm64/kvm/hyp/nvhe/psci-relay.nvhe.o
  CC      kernel/module/tree_lookup.o
  CC      arch/arm64/kvm/hyp/nvhe/alloc.nvhe.o
  CC      mm/mmu_notifier.o
  CC      kernel/module/kallsyms.o
  AR      fs/iomap/built-in.a
  CC      fs/quota/dquot.o
  CC      arch/arm64/kvm/hyp/vhe/../vgic-v2-cpuif-proxy.o
  CC      fs/quota/quota_v2.o
  CC      mm/kasan/common.o
  CC      arch/arm64/kvm/hyp/nvhe/early_alloc.nvhe.o
  CC      kernel/module/procfs.o
  CC      mm/kasan/report.o
  AS      arch/arm64/kvm/hyp/vhe/../entry.o
  AS      arch/arm64/kvm/hyp/vhe/../fpsimd.o
  CC      fs/quota/quota_tree.o
  AS      arch/arm64/kvm/hyp/vhe/../hyp-entry.o
  CC      kernel/module/sysfs.o
  CC      arch/arm64/kvm/hyp/vhe/../exception.o
  CC      arch/arm64/kvm/hyp/nvhe/page_alloc.nvhe.o
  AS      arch/arm64/kvm/hyp/nvhe/cache.nvhe.o
  CC      arch/arm64/kvm/hyp/nvhe/setup.nvhe.o
  CC      mm/kasan/hw_tags.o
  CC      fs/quota/quota.o
  AR      kernel/module/built-in.a
  CC      kernel/kcmp.o
  AR      arch/arm64/kvm/hyp/vhe/built-in.a
  CC      kernel/freezer.o
  CC      arch/arm64/kvm/hyp/nvhe/mm.nvhe.o
  CC      mm/kasan/report_hw_tags.o
  CC      kernel/profile.o
  CC      fs/quota/kqid.o
  CC      arch/arm64/kvm/hyp/nvhe/mem_protect.nvhe.o
  CC      kernel/stacktrace.o
  AR      fs/quota/built-in.a
  CC      fs/proc/task_mmu.o
  CC      arch/arm64/kvm/hyp/nvhe/sys_regs.nvhe.o
  CC      kernel/time/time.o
  CC      mm/kasan/tags.o
  CC      kernel/time/timer.o
  CC      mm/kasan/report_tags.o
  CC      kernel/futex/core.o
  CC      arch/arm64/kvm/hyp/nvhe/pkvm.nvhe.o
  CC      arch/arm64/kvm/hyp/nvhe/stacktrace.nvhe.o
  CC      fs/proc/inode.o
  CC      kernel/time/hrtimer.o
  AR      mm/kasan/built-in.a
  CC      mm/kfence/core.o
  CC      kernel/time/sleep_timeout.o
  CC      kernel/futex/syscalls.o
  CC      fs/proc/root.o
  CC      arch/arm64/kvm/hyp/nvhe/ffa.nvhe.o
  CC      fs/proc/base.o
  CC      kernel/time/timekeeping.o
  CC      mm/kfence/report.o
  CC      kernel/futex/pi.o
  CC      fs/proc/generic.o
  CC      kernel/time/ntp.o
  CC      kernel/futex/requeue.o
  CC      arch/arm64/kvm/hyp/nvhe/serial.nvhe.o
  AR      mm/kfence/built-in.a
  CC      mm/migrate.o
  CC      arch/arm64/kvm/hyp/nvhe/alloc_mgt.nvhe.o
  CC      fs/proc/array.o
  CC      kernel/futex/waitwake.o
  CC      kernel/time/clocksource.o
  CC      arch/arm64/kvm/hyp/nvhe/iommu/iommu.nvhe.o
  AR      kernel/futex/built-in.a
  CC      kernel/smp.o
  CC      arch/arm64/kvm/hyp/nvhe/power/hvc.nvhe.o
  CC      fs/proc/fd.o
  CC      kernel/time/jiffies.o
  CC      mm/huge_memory.o
  CC      kernel/time/timer_list.o
  CC      fs/proc/proc_tty.o
  CC      fs/proc/cmdline.o
  CC      arch/arm64/kvm/hyp/nvhe/device/device.nvhe.o
  CC      kernel/uid16.o
  CC      fs/proc/consoles.o
  CC      fs/proc/cpuinfo.o
  CC      kernel/time/timeconv.o
  CC      fs/proc/devices.o
  CC      fs/proc/interrupts.o
  CC      kernel/time/timecounter.o
  CC      kernel/time/alarmtimer.o
  CC      kernel/module_signature.o
  CC      arch/arm64/kvm/hyp/nvhe/../vgic-v3-sr.nvhe.o
  CC      kernel/kallsyms.o
  CC      fs/proc/loadavg.o
  CC      fs/proc/meminfo.o
  CC      mm/khugepaged.o
  CC      kernel/time/posix-timers.o
  CC      fs/proc/stat.o
  CC      mm/page_counter.o
  CC      arch/arm64/kvm/hyp/nvhe/../aarch32.nvhe.o
  CC      mm/memcontrol.o
  CC      fs/proc/uptime.o
  CC      fs/proc/util.o
  CC      kernel/time/posix-cpu-timers.o
  CC      arch/arm64/kvm/hyp/nvhe/../vgic-v2-cpuif-proxy.nvhe.o
  CC      kernel/compat.o
  CC      fs/proc/version.o
  CC      fs/proc/softirqs.o
  CC      kernel/time/posix-clock.o
  CC      fs/proc/namespaces.o
  CC      fs/proc/self.o
  CC      kernel/cgroup/cgroup.o
  AS      arch/arm64/kvm/hyp/nvhe/../entry.nvhe.o
  AS      arch/arm64/kvm/hyp/nvhe/../fpsimd.nvhe.o
  AS      arch/arm64/kvm/hyp/nvhe/../hyp-entry.nvhe.o
  CC      arch/arm64/kvm/hyp/nvhe/../exception.nvhe.o
  CC      kernel/time/itimer.o
  CC      kernel/cgroup/rstat.o
  CC      mm/vmpressure.o
  CC      fs/proc/thread_self.o
  CC      fs/proc/proc_sysctl.o
  CC      kernel/cgroup/namespace.o
  CC      kernel/time/clockevents.o
  CC      mm/swap_cgroup.o
  CC      arch/arm64/kvm/hyp/nvhe/../pgtable.nvhe.o
  CC      kernel/cgroup/cgroup-v1.o
  CC      kernel/time/tick-common.o
  CC      mm/page_owner.o
  CC      fs/proc/proc_net.o
  CC      arch/arm64/kvm/hyp/nvhe/../../config.nvhe.o
  CC      kernel/cgroup/freezer.o
  CC      kernel/cgroup/legacy_freezer.o
  CC      kernel/time/tick-broadcast.o
  CC      mm/cleancache.o
  CC      fs/proc/kmsg.o
  CC      kernel/cgroup/pids.o
  CC      kernel/cgroup/cpuset.o
  CC      kernel/time/tick-broadcast-hrtimer.o
  CC      mm/page_isolation.o
  CC      fs/proc/page.o
  AS      arch/arm64/kvm/hyp/nvhe/../../../kernel/smccc-call.nvhe.o
  CC      arch/arm64/kvm/hyp/nvhe/iommu/pviommu-host.nvhe.o
  CC      kernel/cgroup/cpuset-v1.o
  CC      kernel/time/sched_clock.o
  CC      fs/proc/bootconfig.o
  CC      mm/early_ioremap.o
  CC      arch/arm64/kvm/hyp/nvhe/iommu/pviommu.nvhe.o
  CC      arch/arm64/kvm/hyp/nvhe/list_debug.nvhe.o
  AR      kernel/cgroup/built-in.a
  CC      kernel/utsname.o
  CC      arch/arm64/kvm/hyp/nvhe/clock.nvhe.o
  CC      kernel/time/tick-oneshot.o
  AR      fs/proc/built-in.a
  CC      fs/kernfs/mount.o
  CC      mm/cma.o
  UPD     kernel/config_data
  CC      kernel/stop_machine.o
  CC      kernel/time/tick-sched.o
  CC      arch/arm64/kvm/hyp/nvhe/events.nvhe.o
  CC      fs/kernfs/inode.o
  CC      arch/arm64/kvm/hyp/nvhe/trace.nvhe.o
  CC      kernel/audit.o
  CC      kernel/time/timer_migration.o
  CC      arch/arm64/kvm/hyp/nvhe/modules.nvhe.o
  CC      fs/kernfs/dir.o
  CC      mm/gcma.o
  AS      arch/arm64/kvm/hyp/nvhe/../../../lib/clear_page.nvhe.o
  AS      arch/arm64/kvm/hyp/nvhe/../../../lib/copy_page.nvhe.o
  AS      arch/arm64/kvm/hyp/nvhe/../../../lib/memcpy.nvhe.o
  AS      arch/arm64/kvm/hyp/nvhe/../../../lib/memset.nvhe.o
  CC      mm/gcma_sysfs.o
  CC      mm/balloon_compaction.o
  CC      kernel/auditfilter.o
  CC      kernel/time/vsyscall.o
  CC      fs/kernfs/file.o
  LD      arch/arm64/kvm/hyp/nvhe/kvm_nvhe.tmp.o
  HYPREL  arch/arm64/kvm/hyp/nvhe/hyp-reloc.S
  AS      arch/arm64/kvm/hyp/nvhe/hyp-reloc.o
  CC      kernel/time/timekeeping_debug.o
  LD      arch/arm64/kvm/hyp/nvhe/kvm_nvhe.rel.o
  HYPCOPY arch/arm64/kvm/hyp/nvhe/kvm_nvhe.o
  AR      arch/arm64/kvm/hyp/nvhe/built-in.a
  AR      arch/arm64/kvm/hyp/built-in.a
  CC      arch/arm64/kvm/../../../virt/kvm/kvm_main.o
  CC      kernel/time/namespace.o
  CC      mm/page_ext.o
  CC      fs/kernfs/symlink.o
  CC [M]  kernel/time/time_test.o
  CC      kernel/auditsc.o
  CC      mm/cma_debug.o
  CC      mm/secretmem.o
  AR      kernel/time/built-in.a
  AR      fs/kernfs/built-in.a
  CC      kernel/audit_watch.o
  CC      fs/sysfs/file.o
  CC      mm/cma_sysfs.o
  CC      fs/sysfs/dir.o
  CC      mm/userfaultfd.o
  CC      kernel/audit_fsnotify.o
  CC      mm/damon/core.o
  CC      kernel/audit_tree.o
  CC      fs/sysfs/symlink.o
  CC      arch/arm64/kvm/../../../virt/kvm/eventfd.o
  CC      arch/arm64/kvm/../../../virt/kvm/binary_stats.o
  CC      fs/sysfs/mount.o
  CC      kernel/kprobes.o
  CC      mm/usercopy.o
  CC      mm/damon/ops-common.o
  CC      arch/arm64/kvm/../../../virt/kvm/vfio.o
  CC      arch/arm64/kvm/../../../virt/kvm/coalesced_mmio.o
  CC      fs/sysfs/group.o
  CC      mm/hmm.o
  CC      kernel/hung_task.o
  AR      fs/sysfs/built-in.a
  CC      fs/configfs/inode.o
  CC      arch/arm64/kvm/../../../virt/kvm/irqchip.o
  CC      arch/arm64/kvm/../../../virt/kvm/dirty_ring.o
  CC      mm/damon/vaddr.o
  CC      kernel/watchdog.o
  CC      fs/configfs/file.o
  CC      kernel/watchdog_buddy.o
  CC      arch/arm64/kvm/../../../virt/kvm/guest_memfd.o
  CC      arch/arm64/kvm/arm.o
  CC      kernel/seccomp.o
  CC      fs/configfs/dir.o
  CC      mm/damon/paddr.o
  CC      kernel/utsname_sysctl.o
  CC      kernel/delayacct.o
  CC      arch/arm64/kvm/mmu.o
  CC      fs/configfs/symlink.o
  CC      kernel/taskstats.o
  CC      mm/damon/sysfs-common.o
  CC      fs/configfs/mount.o
  CC      fs/configfs/item.o
  CC      kernel/tsacct.o
  CC      mm/damon/sysfs-schemes.o
  CC      kernel/tracepoint.o
  AR      fs/configfs/built-in.a
  CC      fs/devpts/inode.o
  CC      arch/arm64/kvm/mmio.o
  CC      arch/arm64/kvm/psci.o
  CC      kernel/trace/trace_clock.o
  CC      arch/arm64/gunyah/gunyah_hypercall.o
  AR      fs/devpts/built-in.a
  CC      fs/ext4/balloc.o
  CC      mm/damon/sysfs.o
  CC      kernel/trace/ftrace.o
  CC      arch/arm64/gunyah/timer.o
  CC      kernel/trace/ring_buffer.o
  CC      arch/arm64/kvm/hypercalls.o
  CC      fs/ext4/bitmap.o
  AR      arch/arm64/gunyah/built-in.a
  CC      arch/arm64/crypto/ghash-ce-glue.o
  AR      mm/damon/built-in.a
  CC      mm/memfd.o
  CC      arch/arm64/kvm/pvtime.o
  CC      fs/ext4/block_validity.o
  AS      arch/arm64/crypto/ghash-ce-core.o
  AS      arch/arm64/crypto/aes-ce-core.o
  CC      arch/arm64/crypto/aes-ce-glue.o
  CC      mm/ptdump.o
  CC      arch/arm64/kvm/inject_fault.o
  CC      kernel/trace/trace.o
  CC      fs/ext4/dir.o
  CC      arch/arm64/crypto/aes-glue-ce.o
  CC      kernel/trace/trace_output.o
  CC      mm/page_reporting.o
  AS      arch/arm64/crypto/aes-ce.o
  AR      arch/arm64/crypto/built-in.a
  CC      fs/ext4/ext4_jbd2.o
  CC [M]  arch/arm64/geniezone/../../../drivers/virt/geniezone/gzvm_main.o
  CC      kernel/trace/trace_seq.o
  CC      arch/arm64/kvm/va_layout.o
  CC      mm/ioremap.o
  CC [M]  arch/arm64/geniezone/../../../drivers/virt/geniezone/gzvm_vm.o
  CC      kernel/trace/trace_stat.o
  CC      fs/ext4/extents.o
  CC      mm/execmem.o
  CC [M]  mm/zsmalloc.o
  CC      arch/arm64/kvm/handle_exit.o
  CC [M]  arch/arm64/geniezone/../../../drivers/virt/geniezone/gzvm_vcpu.o
  CC      kernel/trace/trace_printk.o
  CC      kernel/trace/pid_list.o
  CC [M]  arch/arm64/geniezone/../../../drivers/virt/geniezone/gzvm_irqfd.o
  CC      kernel/trace/tracing_map.o
  AR      mm/built-in.a
  CC      security/keys/gc.o
  CC      arch/arm64/kvm/config.o
  CC      fs/ext4/extents_status.o
  CC [M]  arch/arm64/geniezone/../../../drivers/virt/geniezone/gzvm_ioeventfd.o
  CC      kernel/trace/trace_sched_switch.o
  CC      security/keys/key.o
  CC      security/keys/keyring.o
  CC [M]  arch/arm64/geniezone/../../../drivers/virt/geniezone/gzvm_mmu.o
  CC      kernel/trace/trace_functions.o
  CC      fs/ext4/file.o
  CC [M]  arch/arm64/geniezone/../../../drivers/virt/geniezone/gzvm_exception.o
  CC      security/keys/keyctl.o
  CC      arch/arm64/kvm/guest.o
  CC      security/keys/permission.o
  CC      kernel/trace/trace_nop.o
  CC [M]  arch/arm64/geniezone/vm.o
  CC      fs/ext4/fsmap.o
  CC      security/keys/process_keys.o
  CC      security/keys/request_key.o
  CC      kernel/trace/trace_functions_graph.o
  CC      arch/arm64/kvm/debug.o
  CC [M]  arch/arm64/geniezone/vcpu.o
  CC      fs/ext4/fsync.o
  CC      security/keys/request_key_auth.o
  CC      security/keys/user_defined.o
  CC      kernel/trace/fgraph.o
  CC [M]  arch/arm64/geniezone/vgic.o
  CC      security/keys/compat.o
  CC      security/keys/proc.o
  CC      fs/ext4/hash.o
  CC      arch/arm64/kvm/reset.o
  CC [M]  arch/arm64/geniezone/hvc.o
  CC      security/keys/sysctl.o
  CC      kernel/trace/blktrace.o
  CC      security/keys/keyctl_pkey.o
  CC      fs/ext4/ialloc.o
  LD [M]  arch/arm64/geniezone/gzvm.o
  CC      fs/ext4/indirect.o
  CC      fs/ext4/inline.o
  CC      arch/arm64/kvm/sys_regs.o
  AR      security/keys/built-in.a
  CC      security/commoncap.o
  CC      kernel/trace/trace_events.o
  CC      fs/ext4/inode.o
  CC      fs/ext4/ioctl.o
  CC      fs/ext4/mballoc.o
  CC      security/lsm_syscalls.o
  CC      kernel/trace/trace_export.o
  CC      security/min_addr.o
  CC      security/security.o
  CC      arch/arm64/kvm/stacktrace.o
  CC      kernel/trace/trace_syscalls.o
  CC      security/inode.o
  CC      fs/ext4/migrate.o
  CC      fs/ext4/mmp.o
  CC      kernel/trace/trace_event_perf.o
  CC      security/selinux/avc.o
  CC      arch/arm64/kvm/vgic-sys-reg-v3.o
  CC      arch/arm64/kvm/fpsimd.o
  CC      fs/ext4/move_extent.o
  CC      security/lsm_audit.o
  CC      kernel/trace/trace_events_filter.o
  CC      security/selinux/hooks.o
  CC      security/selinux/selinuxfs.o
  CC      fs/ext4/namei.o
  CC      arch/arm64/kvm/pkvm.o
  CC      security/safesetid/lsm.o
  CC      kernel/trace/trace_events_trigger.o
  CC      security/selinux/netlink.o
  CC      security/safesetid/securityfs.o
  CC      fs/ext4/page-io.o
  CC      arch/arm64/kvm/arch_timer.o
  CC      kernel/trace/trace_eprobe.o
  CC      arch/arm64/kvm/trng.o
  CC      security/selinux/nlmsgtab.o
  AR      security/safesetid/built-in.a
  CC      security/device_cgroup.o
  CC      fs/ext4/readpage.o
  CC      kernel/trace/trace_events_synth.o
  CC      fs/ext4/resize.o
  CC      security/selinux/netif.o
  CC      security/bpf/hooks.o
  CC      arch/arm64/kvm/vmid.o
  CC      fs/ext4/super.o
  CC      kernel/trace/trace_events_hist.o
  AR      security/bpf/built-in.a
  CC      fs/ext4/symlink.o
  CC      security/selinux/netnode.o
  CC      arch/arm64/kvm/emulate-nested.o
  CC      fs/ext4/sysfs.o
  CC      fs/ext4/xattr.o
  CC      fs/ext4/xattr_hurd.o
  CC      security/selinux/netport.o
  CC      kernel/trace/bpf_trace.o
  CC      arch/arm64/kvm/nested.o
  CC      fs/ext4/xattr_trusted.o
  CC      fs/ext4/xattr_user.o
  CC      security/selinux/status.o
  CC      fs/ext4/fast_commit.o
  CC      fs/ext4/orphan.o
  CC      kernel/trace/trace_kprobe.o
  CC      security/selinux/ss/ebitmap.o
  CC      fs/ext4/acl.o
  CC      arch/arm64/kvm/at.o
  CC      arch/arm64/kvm/vgic/vgic.o
  CC      fs/ext4/xattr_security.o
  CC      security/selinux/ss/hashtab.o
  CC      kernel/trace/error_report-traces.o
  CC      fs/ext4/verity.o
  CC      security/selinux/ss/symtab.o
  CC      fs/ext4/crypto.o
  CC      security/selinux/ss/sidtab.o
  CC      security/selinux/ss/avtab.o
  CC      arch/arm64/kvm/vgic/vgic-init.o
  CC      kernel/trace/power-traces.o
  CC [M]  fs/ext4/inode-test.o
  AR      fs/ext4/built-in.a
  CC      kernel/trace/rpm-traces.o
  CC      security/selinux/ss/policydb.o
  LD [M]  fs/ext4/ext4-inode-test.o
  CC      security/selinux/ss/services.o
  CC      fs/jbd2/transaction.o
  CC      arch/arm64/kvm/vgic/vgic-irqfd.o
  CC      fs/jbd2/commit.o
  CC      kernel/trace/trace_dynevent.o
  CC      fs/jbd2/recovery.o
  CC      arch/arm64/kvm/vgic/vgic-v2.o
  CC      fs/jbd2/checkpoint.o
  CC      kernel/trace/trace_probe.o
  CC      kernel/trace/trace_uprobe.o
  CC      security/selinux/ss/conditional.o
  CC      fs/jbd2/revoke.o
  CC      fs/jbd2/journal.o
  CC      arch/arm64/kvm/vgic/vgic-v3.o
  CC      kernel/trace/trace_boot.o
  CC      security/selinux/ss/mls.o
  CC      security/selinux/ss/context.o
  CC      arch/arm64/kvm/vgic/vgic-v4.o
  AR      kernel/trace/built-in.a
  CC      kernel/irq_work.o
  CC      kernel/cpu_pm.o
  CC      arch/arm64/kvm/vgic/vgic-mmio.o
  AR      fs/jbd2/built-in.a
  CC      fs/ramfs/inode.o
  AR      security/selinux/built-in.a
  CC      security/landlock/setup.o
  CC      fs/ramfs/file-mmu.o
  CC      arch/arm64/kvm/vgic/vgic-mmio-v2.o
  CC      kernel/bpf/core.o
  CC      kernel/scs.o
  CC      security/landlock/syscalls.o
  AR      fs/ramfs/built-in.a
  CC      security/landlock/object.o
  CC      fs/fat/cache.o
  CC      kernel/cfi.o
  CC      arch/arm64/kvm/vgic/vgic-mmio-v3.o
  CC      security/landlock/ruleset.o
  CC      fs/fat/dir.o
  CC      security/landlock/cred.o
  CC      kernel/bpf/syscall.o
  CC      kernel/events/core.o
  CC      security/landlock/task.o
  CC      security/landlock/fs.o
  CC      arch/arm64/kvm/vgic/vgic-kvm-device.o
  CC      fs/fat/fatent.o
  CC      security/landlock/net.o
  CC      security/landlock/id.o
  CC      arch/arm64/kvm/vgic/vgic-its.o
  CC      fs/fat/file.o
  CC      security/landlock/audit.o
  CC      kernel/bpf/verifier.o
  CC      security/landlock/domain.o
  CC      fs/fat/inode.o
  CC      kernel/events/ring_buffer.o
  CC      kernel/events/callchain.o
  CC      arch/arm64/kvm/vgic/vgic-debug.o
  AR      security/landlock/built-in.a
  CC      security/integrity/iint.o
  CC      fs/fat/misc.o
  CC      kernel/events/hw_breakpoint.o
  CC      kernel/events/uprobes.o
  CC      security/integrity/integrity_audit.o
  CC      arch/arm64/kvm/vgic/vgic-v3-nested.o
  CC      fs/fat/nfs.o
  CC      fs/fat/namei_vfat.o
  AR      security/integrity/built-in.a
  AR      security/built-in.a
  CC      crypto/api.o
  CC      fs/fat/namei_msdos.o
  CC      arch/arm64/kvm/vgic/vgic-v5.o
  AR      kernel/events/built-in.a
  CC      kernel/jump_label.o
  CC [M]  fs/fat/fat_test.o
  CC      crypto/cipher.o
  CC      crypto/crypto_engine.o
  CC      kernel/context_tracking.o
  CC      arch/arm64/kvm/iommu.o
  CC      crypto/algapi.o
  AR      fs/fat/built-in.a
  CC      fs/exfat/inode.o
  CC      fs/exfat/namei.o
  CC      fs/exfat/dir.o
  CC      fs/exfat/super.o
  CC      arch/arm64/kvm/pmu-emul.o
  CC      kernel/bpf/inode.o
  CC      arch/arm64/kvm/pmu.o
  CC      crypto/scatterwalk.o
  CC      crypto/proc.o
  CC      crypto/aead.o
  CC      fs/exfat/fatent.o
  CC      arch/arm64/kvm/pauth.o
  CC      crypto/geniv.o
  CC      kernel/bpf/helpers.o
  CC      kernel/bpf/tnum.o
  CC      kernel/bpf/log.o
  CC      fs/exfat/cache.o
  CC      crypto/lskcipher.o
  CC      crypto/skcipher.o
  CC      arch/arm64/kvm/ptdump.o
  CC      fs/exfat/nls.o
  CC      fs/exfat/misc.o
  CC      crypto/bpf_crypto_skcipher.o
  CC      kernel/bpf/token.o
  CC      crypto/seqiv.o
  CC      crypto/echainiv.o
  CC      fs/exfat/file.o
  CC      arch/arm64/kvm/hyp_events.o
  CC      fs/exfat/balloc.o
  CC      kernel/bpf/liveness.o
  CC      crypto/ahash.o
  CC      crypto/shash.o
  CC      crypto/akcipher.o
  AR      fs/exfat/built-in.a
  CC      fs/exportfs/expfs.o
  CC      kernel/bpf/bpf_iter.o
  CC      arch/arm64/kvm/hyp_trace.o
  CC      crypto/sig.o
  CC      crypto/kpp.o
  AR      fs/exportfs/built-in.a
  CC      fs/nls/nls_base.o
  CC      crypto/rsapubkey.asn1.o
  CC      crypto/rsaprivkey.asn1.o
  CC      crypto/rsa.o
  CC      crypto/rsa_helper.o
  CC      fs/nls/nls_cp437.o
  CC      kernel/bpf/map_iter.o
  CC      crypto/rsa-pkcs1pad.o
  AR      arch/arm64/kvm/built-in.a
  AR      arch/arm64/built-in.a
  CC      block/bdev.o
  CC      crypto/rsassa-pkcs1.o
  CC      crypto/acompress.o
  CC      fs/nls/nls_cp737.o
  CC      fs/nls/nls_cp775.o
  CC      kernel/bpf/task_iter.o
  CC      fs/nls/nls_cp850.o
  CC      crypto/scompress.o
  CC      fs/nls/nls_cp852.o
  CC      kernel/bpf/prog_iter.o
  CC      block/fops.o
  CC      fs/nls/nls_cp855.o
  CC      fs/nls/nls_cp857.o
  CC      kernel/bpf/link_iter.o
  CC      crypto/algboss.o
  CC      kernel/bpf/hashtab.o
  CC      fs/nls/nls_cp860.o
  CC      crypto/testmgr.o
  CC      block/bio.o
  CC      fs/nls/nls_cp861.o
  CC      block/elevator.o
  CC      crypto/cmac.o
  CC      crypto/hmac.o
  CC      fs/nls/nls_cp862.o
  CC      kernel/bpf/arraymap.o
  CC      block/blk-core.o
  CC      crypto/xcbc.o
  CC      fs/nls/nls_cp863.o
  CC      fs/nls/nls_cp864.o
  CC      block/blk-sysfs.o
  CC      fs/nls/nls_cp865.o
  CC      fs/nls/nls_cp866.o
  CC      crypto/crypto_null.o
  CC      fs/nls/nls_cp869.o
  CC      kernel/bpf/percpu_freelist.o
  CC      block/blk-flush.o
  CC      fs/nls/nls_cp874.o
  CC      kernel/bpf/bpf_lru_list.o
  CC      crypto/md5.o
  CC      kernel/bpf/lpm_trie.o
  CC      fs/nls/nls_cp932.o
  CC      kernel/bpf/map_in_map.o
  CC      kernel/bpf/bloom_filter.o
  CC      block/blk-settings.o
  CC      fs/nls/nls_euc-jp.o
  CC      crypto/sha1.o
  CC      kernel/bpf/local_storage.o
  CC      fs/nls/nls_cp936.o
  CC      fs/nls/nls_cp949.o
  CC      kernel/bpf/queue_stack_maps.o
  CC      block/blk-ioc.o
  CC      crypto/sha256.o
  CC      fs/nls/nls_cp950.o
  CC      kernel/bpf/ringbuf.o
  CC      kernel/bpf/bpf_local_storage.o
  CC      kernel/bpf/bpf_task_storage.o
  CC      block/blk-map.o
  CC      crypto/sha512.o
  CC      fs/nls/nls_cp1250.o
  CC      crypto/sha3_generic.o
  CC      fs/nls/nls_cp1251.o
  CC      crypto/blake2b_generic.o
  CC      block/blk-merge.o
  CC      kernel/bpf/bpf_inode_storage.o
  CC      kernel/bpf/disasm.o
  CC      fs/nls/nls_ascii.o
  CC      crypto/ecb.o
  CC      fs/nls/nls_iso8859-1.o
  CC      crypto/cbc.o
  CC      kernel/bpf/mprog.o
  CC      kernel/bpf/trampoline.o
  CC      crypto/cts.o
  CC      block/blk-timeout.o
  CC      fs/nls/nls_iso8859-2.o
  CC      crypto/xts.o
  CC      fs/nls/nls_iso8859-3.o
  CC      kernel/bpf/btf.o
  CC      block/blk-lib.o
  CC      io_uring/io_uring.o
  CC      io_uring/opdef.o
  CC      fs/nls/nls_iso8859-4.o
  CC      crypto/ctr.o
  CC      block/blk-mq.o
  CC      fs/nls/nls_iso8859-5.o
  CC      block/blk-mq-tag.o
  CC      fs/nls/nls_iso8859-6.o
  CC      crypto/xctr.o
  CC      block/blk-mq-dma.o
  CC      fs/nls/nls_iso8859-7.o
  CC      crypto/hctr2.o
  CC      fs/nls/nls_cp1255.o
  CC      io_uring/kbuf.o
  CC      block/blk-stat.o
  CC      kernel/bpf/memalloc.o
  CC      fs/nls/nls_iso8859-9.o
  CC      crypto/adiantum.o
  CC      fs/nls/nls_iso8859-13.o
  CC      block/blk-mq-sysfs.o
  CC      kernel/bpf/rqspinlock.o
  CC      io_uring/rsrc.o
  CC      fs/nls/nls_iso8859-14.o
  CC      crypto/nhpoly1305.o
  CC      fs/nls/nls_iso8859-15.o
  CC      block/blk-mq-cpumap.o
  CC      fs/nls/nls_koi8-r.o
  CC      kernel/bpf/stream.o
  CC      fs/nls/nls_koi8-u.o
  CC      crypto/gcm.o
  CC      fs/nls/nls_koi8-ru.o
  CC      io_uring/notif.o
  CC      block/blk-mq-sched.o
  CC      fs/nls/nls_utf8.o
  CC      fs/nls/mac-celtic.o
  CC      fs/nls/mac-centeuro.o
  CC      crypto/ccm.o
  CC      kernel/bpf/arena.o
  CC      fs/nls/mac-croatian.o
  CC      io_uring/tctx.o
  CC      block/ioctl.o
  CC      fs/nls/mac-cyrillic.o
  CC      fs/nls/mac-gaelic.o
  CC      crypto/chacha20poly1305.o
  CC      fs/nls/mac-greek.o
  CC      kernel/bpf/range_tree.o
  CC      io_uring/filetable.o
  CC      kernel/bpf/dispatcher.o
  CC      block/genhd.o
  CC      fs/nls/mac-iceland.o
  CC      crypto/des_generic.o
  CC      io_uring/rw.o
  CC      crypto/aes_generic.o
  CC      fs/nls/mac-inuit.o
  CC      kernel/bpf/devmap.o
  CC      kernel/iomem.o
  CC      block/ioprio.o
  CC      fs/nls/mac-romanian.o
  CC      crypto/chacha.o
  CC      crypto/deflate.o
  CC      io_uring/poll.o
  CC      fs/nls/mac-roman.o
  CC      crypto/authenc.o
  CC      block/badblocks.o
  CC      kernel/bpf/cpumap.o
  CC      fs/nls/mac-turkish.o
  CC      block/partitions/core.o
  CC      block/blk-rq-qos.o
  AR      fs/nls/built-in.a
  CC      fs/unicode/utf8-norm.o
  CC      io_uring/eventfd.o
  CC      crypto/authencesn.o
  CC      block/partitions/msdos.o
  CC      fs/unicode/utf8-core.o
  CC      kernel/bpf/offload.o
  CC      block/disk-events.o
  CC      io_uring/uring_cmd.o
  CC      fs/unicode/utf8data.o
  CC      crypto/lzo.o
  CC      block/partitions/efi.o
  CC      block/blk-ia-ranges.o
  AR      fs/unicode/built-in.a
  CC      fs/fuse/trace.o
  CC      io_uring/openclose.o
  CC      crypto/lzo-rle.o
  CC      kernel/bpf/net_namespace.o
  AR      block/partitions/built-in.a
  CC      block/early-lookup.o
  CC      crypto/lz4.o
  CC      crypto/rng.o
  CC      io_uring/sqpoll.o
  CC      fs/fuse/dev.o
  CC      kernel/bpf/tcx.o
  CC      block/bsg.o
  CC      crypto/ansi_cprng.o
  CC      fs/overlayfs/super.o
  CC      crypto/drbg.o
  CC      block/bsg-lib.o
  CC      io_uring/xattr.o
  CC      kernel/bpf/stackmap.o
  CC      fs/overlayfs/namei.o
  CC      crypto/jitterentropy.o
  CC      crypto/jitterentropy-kcapi.o
  CC      fs/fuse/dir.o
  CC      block/blk-cgroup.o
  CC      io_uring/nop.o
  CC      kernel/bpf/cgroup_iter.o
  CC      crypto/ghash-generic.o
  CC      fs/overlayfs/util.o
  CC      io_uring/fs.o
  CC      crypto/zstd.o
  CC      kernel/bpf/bpf_cgrp_storage.o
  CC      block/blk-cgroup-rwstat.o
  CC      fs/overlayfs/inode.o
  CC      io_uring/splice.o
  CC      fs/fuse/file.o
  CC      crypto/ecc.o
  CC      block/blk-throttle.o
  CC      kernel/bpf/cgroup.o
  CC      fs/overlayfs/file.o
  CC      io_uring/sync.o
  CC      block/blk-ioprio.o
  CC      io_uring/msg_ring.o
  CC      fs/overlayfs/dir.o
  CC      crypto/essiv.o
  CC      fs/fuse/inode.o
  CC      kernel/bpf/reuseport_array.o
  CC      block/blk-iocost.o
  CC      io_uring/advise.o
  CC      crypto/ecdh.o
  CC      fs/overlayfs/readdir.o
  CC      io_uring/statx.o
  CC      crypto/ecdh_helper.o
  CC      kernel/bpf/bpf_struct_ops.o
  CC      fs/fuse/control.o
  CC      fs/overlayfs/copy_up.o
  CC      crypto/asymmetric_keys/asymmetric_type.o
  CC      io_uring/timeout.o
  CC      block/mq-deadline.o
  CC      crypto/asymmetric_keys/restrict.o
  CC      fs/fuse/xattr.o
  CC      kernel/bpf/cpumask.o
  CC      fs/overlayfs/export.o
  CC      crypto/asymmetric_keys/signature.o
  CC      io_uring/cancel.o
  CC      block/kyber-iosched.o
  CC      crypto/asymmetric_keys/public_key.o
  CC      fs/overlayfs/params.o
  CC      kernel/bpf/bpf_lsm.o
  CC      fs/fuse/acl.o
  CC      io_uring/waitid.o
  CC      crypto/asymmetric_keys/x509.asn1.o
  CC      crypto/asymmetric_keys/x509_akid.asn1.o
  CC      crypto/asymmetric_keys/x509_cert_parser.o
  CC      fs/overlayfs/xattrs.o
  CC      crypto/asymmetric_keys/x509_loader.o
  CC      io_uring/register.o
  CC      block/bfq-iosched.o
  CC      fs/fuse/readdir.o
  CC      kernel/bpf/crypto.o
  CC      crypto/asymmetric_keys/x509_public_key.o
  AR      fs/overlayfs/built-in.a
  CC      crypto/asymmetric_keys/pkcs7.asn1.o
  CC      crypto/asymmetric_keys/pkcs7_parser.o
  CC      crypto/asymmetric_keys/pkcs7_trust.o
  CC      crypto/asymmetric_keys/pkcs7_verify.o
  CC      kernel/bpf/relo_core.o
  CC      fs/fuse/ioctl.o
  CC      io_uring/truncate.o
  CC      io_uring/memmap.o
  CC      block/bfq-wf2q.o
  AR      crypto/asymmetric_keys/built-in.a
  AR      crypto/built-in.a
  AS      arch/arm64/lib/clear_page.o
  AS      arch/arm64/lib/clear_user.o
  AS      arch/arm64/lib/copy_from_user.o
  CC      io_uring/alloc_cache.o
  AS      arch/arm64/lib/copy_page.o
  AS      arch/arm64/lib/copy_to_user.o
  CC      arch/arm64/lib/csum.o
  CC      kernel/bpf/btf_iter.o
  CC      fs/fuse/iomode.o
  CC      io_uring/query.o
  CC      arch/arm64/lib/delay.o
  CC      block/bfq-cgroup.o
  CC      io_uring/zcrx.o
  CC      kernel/bpf/btf_relocate.o
  CC      arch/arm64/lib/insn.o
  CC      io_uring/io-wq.o
  CC      fs/fuse/passthrough.o
  CC      block/blk-zoned.o
  AS      arch/arm64/lib/memchr.o
  AS      arch/arm64/lib/memcmp.o
  AS      arch/arm64/lib/memcpy.o
  AS      arch/arm64/lib/memset.o
  CC      kernel/bpf/kmem_cache_iter.o
  AS      arch/arm64/lib/strchr.o
  AS      arch/arm64/lib/strcmp.o
  AS      arch/arm64/lib/strlen.o
  AS      arch/arm64/lib/strncmp.o
  CC      kernel/bpf/dmabuf_iter.o
  CC      fs/fuse/backing.o
  AS      arch/arm64/lib/strnlen.o
  AS      arch/arm64/lib/strrchr.o
  CC      io_uring/futex.o
  AS      arch/arm64/lib/tishift.o
  CC      arch/arm64/lib/uaccess_flushcache.o
  CC      block/blk-wbt.o
  CC      kernel/bpf/bpf_fuse.o
  CC      block/blk-mq-debugfs.o
  AS      arch/arm64/lib/mte.o
  AR      arch/arm64/lib/lib.a
  CC      io_uring/epoll.o
  AR      arch/arm64/lib/built-in.a
  CC      io_uring/napi.o
  CC      fs/fuse/sysctl.o
  CC      block/blk-pm.o
  CC      block/blk-crypto.o
  AR      kernel/bpf/built-in.a
  GZIP    kernel/config_data.gz
  GEN     kernel/kheaders_data.tar.xz
  CC      io_uring/net.o
  CC      fs/fuse/dev_uring.o
  CC      io_uring/cmd_net.o
  CC      block/blk-crypto-profile.o
  CC      block/blk-crypto-sysfs.o
  CC      block/blk-crypto-fallback.o
  CC      io_uring/fdinfo.o
  CC      fs/fuse/fuse_bpf_backing.o
  CC      block/holder.o
  CC      fs/fuse/virtio_fs.o
  AR      io_uring/built-in.a
  AR      block/built-in.a
  CC      drivers/irqchip/irqchip.o
  CC      drivers/irqchip/irq-tegra.o
  CC      lib/argv_split.o
  CC      lib/bug.o
  CC      drivers/irqchip/irq-sun6i-r.o
  AR      fs/fuse/built-in.a
  CC      fs/incfs/data_mgmt.o
  CC      lib/buildid.o
  CC      fs/incfs/format.o
  CC      drivers/irqchip/irq-sunxi-nmi.o
  CC      drivers/irqchip/irq-gic.o
  CC      lib/clz_tab.o
  CC      fs/incfs/integrity.o
  CC      lib/cmdline.o
  CC      lib/cpumask.o
  CC      fs/incfs/main.o
  CC      drivers/irqchip/irq-gic-common.o
  CC      fs/incfs/pseudo_files.o
  CC      drivers/irqchip/irq-gic-pm.o
  CC      lib/ctype.o
  CC      lib/dec_and_lock.o
  CC      fs/incfs/sysfs.o
  CC      drivers/irqchip/irq-msi-lib.o
  CC      lib/decompress.o
  CC      drivers/irqchip/irq-gic-v2m.o
  CC      lib/decompress_inflate.o
  CC      fs/incfs/vfs.o
  CC      drivers/irqchip/irq-gic-v3.o
  CC      fs/incfs/verity.o
  CC      lib/decompress_unlz4.o
  CC      drivers/irqchip/irq-gic-v3-mbi.o
  CC      lib/decompress_unzstd.o
  CC      lib/dump_stack.o
  CC      drivers/irqchip/irq-gic-its-msi-parent.o
  AR      fs/incfs/built-in.a
  CC      fs/debugfs/inode.o
  CC      drivers/irqchip/irq-gic-v3-its.o
  CC      lib/earlycpio.o
  CC      lib/extable.o
  CC      lib/fdt.o
  CC      lib/fdt_addresses.o
  CC      drivers/irqchip/irq-gic-v4.o
  CC      lib/fdt_empty_tree.o
  CC      lib/fdt_ro.o
  CC      lib/fdt_rw.o
  CC      fs/debugfs/file.o
  CC      lib/fdt_strerror.o
  CC      lib/fdt_sw.o
  CC      lib/fdt_wip.o
  CC      drivers/irqchip/irq-gic-v5.o
  CC      lib/flex_proportions.o
  CC      lib/idr.o
  CC      lib/iomem_copy.o
  CC      lib/irq_regs.o
  AR      fs/debugfs/built-in.a
  CC      drivers/irqchip/irq-gic-v5-irs.o
  CC      fs/tracefs/inode.o
  CC      lib/is_single_threaded.o
  CC      lib/klist.o
  CC      drivers/irqchip/irq-gic-v5-its.o
  CC      lib/kobject.o
  CC      lib/kobject_uevent.o
  CC      fs/tracefs/event_inode.o
  CC      drivers/irqchip/irq-gic-v5-iwb.o
  CC      drivers/irqchip/irq-mbigen.o
  CC      lib/logic_pio.o
  CC      lib/maple_tree.o
  CC      lib/memcat_p.o
  AR      drivers/irqchip/built-in.a
  CC      drivers/bus/qcom-ebi2.o
  AR      fs/tracefs/built-in.a
  CC      drivers/phy/phy-core.o
  CC      fs/f2fs/dir.o
  CC      drivers/phy/phy-core-mipi-dphy.o
  CC      drivers/bus/simple-pm-bus.o
  CC      drivers/phy/qualcomm/phy-ath79-usb.o
  CC      fs/pstore/inode.o
  AR      drivers/bus/built-in.a
  CC      fs/f2fs/file.o
  CC      fs/f2fs/inode.o
  CC      drivers/phy/qualcomm/phy-qcom-qmp-combo.o
  CC      fs/pstore/platform.o
  CC      lib/min_heap.o
  CC      lib/nmi_backtrace.o
  CC      fs/f2fs/namei.o
  CC      fs/pstore/ftrace.o
  CC      drivers/phy/qualcomm/phy-qcom-qmp-usbc.o
  CC      lib/objpool.o
  CC      fs/pstore/pmsg.o
  CC      drivers/phy/qualcomm/phy-qcom-qmp-pcie.o
  CC      lib/plist.o
  CC      fs/pstore/ram.o
  CC      lib/radix-tree.o
  CC      fs/f2fs/hash.o
  CC      drivers/phy/qualcomm/phy-qcom-qmp-pcie-msm8996.o
  CC      fs/pstore/ram_core.o
  CC      drivers/phy/qualcomm/phy-qcom-qmp-ufs.o
  CC      lib/ratelimit.o
  CC      fs/f2fs/super.o
  CC      fs/f2fs/inline.o
  CC      lib/rbtree.o
  AR      fs/pstore/built-in.a
  CC      lib/seq_buf.o
  CC      drivers/phy/qualcomm/phy-qcom-qmp-usb.o
  CC      lib/siphash.o
  CC      lib/string.o
  CC      lib/sys_info.o
  CC      fs/f2fs/checkpoint.o
  CC      lib/timerqueue.o
  AR      drivers/phy/qualcomm/built-in.a
  AR      drivers/phy/built-in.a
  CC      drivers/pinctrl/core.o
  CC      lib/union_find.o
  CC      lib/vsprintf.o
  CC      lib/win_minmax.o
  CC      lib/xarray.o
  CC      drivers/pinctrl/pinctrl-utils.o
  CC      fs/f2fs/gc.o
  CC      drivers/pinctrl/pinmux.o
  CC      lib/lockref.o
  CC      lib/bcd.o
  CC      lib/sort.o
  CC      lib/parser.o
  CC      fs/f2fs/data.o
  CC      drivers/pinctrl/pinconf.o
  CC      lib/debug_locks.o
  CC      lib/random32.o
  CC      lib/bust_spinlocks.o
  CC      drivers/pinctrl/pinconf-generic.o
  CC      lib/kasprintf.o
  CC      fs/f2fs/node.o
  CC      lib/bitmap.o
  CC      drivers/pinctrl/devicetree.o
  CC      lib/scatterlist.o
  CC      kernel/configs.o
  CC      drivers/pinctrl/pinctrl-single.o
  CC      lib/list_sort.o
  CC      lib/uuid.o
  CC [M]  kernel/kheaders.o
  CC      lib/iov_iter.o
  CC      lib/clz_ctz.o
  CC      lib/bsearch.o
  CC      fs/f2fs/segment.o
  AR      kernel/built-in.a
  CC      drivers/pinctrl/tegra/pinctrl-tegra.o
  CC      sound/sound_core.o
  CC      drivers/pinctrl/tegra/pinctrl-tegra234.o
  CC      fs/f2fs/recovery.o
  CC      sound/core/sound.o
  CC      lib/find_bit.o
  CC      drivers/pinctrl/tegra/pinctrl-tegra-xusb.o
  CC      lib/llist.o
  CC      lib/lwq.o
  CC      lib/memweight.o
  CC      sound/core/init.o
  CC      lib/kfifo.o
  CC      lib/percpu-refcount.o
  CC      fs/f2fs/shrinker.o
  AR      drivers/pinctrl/tegra/built-in.a
  AR      drivers/pinctrl/built-in.a
  CC      drivers/gpio/gpiolib.o
  CC      sound/core/memory.o
  CC      drivers/pwm/core.o
  CC      lib/rhashtable.o
  CC      lib/base64.o
  CC      fs/f2fs/extent_cache.o
  CC      lib/once.o
  CC      sound/core/control.o
  CC      lib/refcount.o
  CC      lib/rcuref.o
  CC      lib/usercopy.o
  AR      drivers/pwm/built-in.a
  CC      lib/errseq.o
  CC      drivers/leds/led-core.o
  CC      lib/bucket_locks.o
  CC      fs/f2fs/sysfs.o
  CC      drivers/gpio/gpiolib-devres.o
  CC      lib/generic-radix-tree.o
  CC      drivers/leds/led-class.o
  CC      lib/bitmap-str.o
  CC      sound/core/misc.o
  CC      drivers/gpio/gpiolib-legacy.o
  CC      sound/core/device.o
  CC      fs/f2fs/debug.o
  CC      drivers/leds/led-class-flash.o
  CC      lib/string_helpers.o
  CC      sound/core/info.o
  CC      drivers/gpio/gpiolib-of.o
  CC      drivers/gpio/gpiolib-cdev.o
  CC      drivers/leds/led-class-multicolor.o
  CC      fs/f2fs/xattr.o
  CC      lib/hexdump.o
  CC      sound/core/vmaster.o
  CC      lib/kstrtox.o
  CC      drivers/leds/led-triggers.o
  CC      sound/core/ctljack.o
  CC      drivers/gpio/gpiolib-swnode.o
  CC      lib/kunit/hooks.o
  CC      lib/math/div64.o
  CC      sound/core/jack.o
  CC      lib/math/gcd.o
  CC      lib/math/lcm.o
  CC [M]  lib/kunit/test.o
  CC      lib/math/int_log.o
  CC      drivers/leds/trigger/ledtrig-timer.o
  CC      lib/math/int_pow.o
  CC      lib/math/int_sqrt.o
  CC      fs/f2fs/acl.o
  CC      lib/math/reciprocal_div.o
  CC      lib/math/rational.o
  CC      drivers/gpio/gpio-mmio.o
  CC      sound/core/hwdep.o
  CC      drivers/leds/trigger/ledtrig-transient.o
  CC [M]  lib/kunit/resource.o
  AR      lib/math/built-in.a
  CC      lib/crc/crc8.o
  AR      drivers/leds/trigger/built-in.a
  CC      fs/f2fs/verity.o
  AR      drivers/leds/built-in.a
  CC      lib/crc/crc16.o
  CC      drivers/gpio/gpio-ep93xx.o
  CC      sound/core/timer.o
  CC [M]  lib/kunit/user_alloc.o
  CC      lib/crc/crc32-main.o
  AS      lib/crc/arm64/crc32-core.o
  CC [M]  lib/crc/crc-ccitt.o
  CC      drivers/gpio/gpio-pl061.o
  CC      drivers/gpio/gpio-rtd.o
  CC [M]  lib/kunit/static_stub.o
  CC      fs/f2fs/compress.o
  AR      lib/crc/built-in.a
  CC      lib/crypto/hash_info.o
  CC      sound/core/hrtimer.o
  CC [M]  lib/kunit/string-stream.o
  CC [M]  lib/kunit/assert.o
  AR      drivers/gpio/built-in.a
  CC      lib/crypto/memneq.o
  CC      drivers/pci/access.o
  CC      drivers/video/cmdline.o
  CC      sound/core/pcm.o
  CC [M]  lib/kunit/try-catch.o
  CC      lib/crypto/utils.o
  CC      fs/f2fs/iostat.o
  CC [M]  lib/kunit/executor.o
  CC      drivers/pci/bus.o
  CC      drivers/video/nomodeset.o
  CC      lib/crypto/aes.o
  CC      sound/core/pcm_native.o
  CC [M]  lib/kunit/attributes.o
  CC      drivers/video/hdmi.o
  CC      drivers/pci/probe.o
  AR      fs/f2fs/built-in.a
  CC      lib/crypto/gf128mul.o
  CC      fs/erofs/super.o
  CC [M]  lib/kunit/device.o
  CC      lib/crypto/blake2s.o
  CC      drivers/video/backlight/backlight.o
  CC [M]  lib/kunit/platform.o
  CC      drivers/pci/host-bridge.o
  CC      fs/erofs/inode.o
  CC      lib/crypto/chacha-block-generic.o
  CC      sound/core/pcm_lib.o
  AR      drivers/video/backlight/built-in.a
  CC      drivers/video/display_timing.o
  CC      lib/crypto/chacha.o
  CC [M]  lib/kunit/debugfs.o
  CC      drivers/pci/remove.o
  CC      drivers/video/videomode.o
  CC      drivers/video/of_display_timing.o
  CC [M]  lib/kunit/kunit-test.o
  AS      lib/crypto/arm64/chacha-neon-core.o
  CC      lib/crypto/chacha20poly1305.o
  CC      fs/erofs/data.o
  CC      drivers/video/of_videomode.o
  CC      sound/core/pcm_misc.o
  CC      drivers/pci/pci.o
  CC [M]  lib/kunit/platform-test.o
  AR      drivers/video/built-in.a
  CC [M]  lib/kunit/kunit-example-test.o
  CC      lib/crypto/curve25519.o
  CC      fs/erofs/namei.o
  CC      fs/erofs/dir.o
  CC      sound/core/pcm_memory.o
  CC      lib/crypto/curve25519-hacl64.o
  AR      lib/kunit/built-in.a
  LD [M]  lib/kunit/kunit.o
  CC      lib/vdso/datastore.o
  CC      fs/erofs/sysfs.o
  CC      fs/erofs/xattr.o
  CC      drivers/pci/pci-driver.o
  CC      sound/core/memalloc.o
  AR      lib/vdso/built-in.a
  CC      drivers/pci/search.o
  CC      fs/erofs/decompressor.o
  CC      fs/erofs/zmap.o
  CC      lib/crypto/des.o
  CC      sound/core/pcm_timer.o
  CC      drivers/pci/rom.o
  CC      drivers/pci/setup-res.o
  CC      fs/erofs/zdata.o
  CC      lib/crypto/md5.o
  CC      sound/core/pcm_drm_eld.o
  CC      fs/erofs/zutil.o
  CC      drivers/pci/irq.o
  CC      drivers/pci/vpd.o
  CC      lib/crypto/poly1305.o
  CC      sound/core/pcm_iec958.o
  CC      drivers/pci/setup-bus.o
  CC      fs/erofs/decompressor_zstd.o
  CC      fs/erofs/fileio.o
  CC      lib/crypto/poly1305-donna64.o
  CC      sound/core/pcm_dmaengine.o
  CC      lib/crypto/polyval.o
  CC      sound/core/rawmidi.o
  AS      lib/crypto/arm64/polyval-ce-core.o
  CC      lib/crypto/sha1.o
  AS      lib/crypto/arm64/sha1-ce-core.o
  CC      fs/bpf_fs_kfuncs.o
  CC      lib/crypto/sha256.o
  AR      fs/erofs/built-in.a
  CC      lib/iomap_copy.o
  CC      drivers/pci/vc.o
  AS      lib/crypto/arm64/sha256-ce.o
  CC [M]  fs/netfs/buffered_read.o
  CC      lib/devres.o
  CC      lib/crypto/sha512.o
  CC      sound/core/compress_offload.o
  CC      drivers/pci/mmap.o
  AR      fs/built-in.a
  CC      drivers/pci/devres.o
  AS      lib/crypto/arm64/sha512-ce-core.o
  CC      lib/trace_readwrite.o
  CC      lib/crypto/mpi/generic_mpih-lshift.o
  CC [M]  fs/netfs/buffered_write.o
  CC      lib/crypto/mpi/generic_mpih-mul1.o
  CC      drivers/pci/msi/pcidev_msi.o
  AR      sound/core/built-in.a
  CC      lib/hweight.o
  CC      lib/interval_tree.o
  CC      sound/usb/card.o
  CC      lib/crypto/mpi/generic_mpih-mul2.o
  CC      lib/assoc_array.o
  CC      lib/crypto/mpi/generic_mpih-mul3.o
  CC      drivers/pci/msi/api.o
  CC [M]  fs/netfs/direct_read.o
  CC      lib/crypto/mpi/generic_mpih-rshift.o
  CC      lib/list_debug.o
  CC      lib/crypto/mpi/generic_mpih-sub1.o
  CC      sound/usb/clock.o
  CC      drivers/pci/msi/msi.o
  CC      lib/bitrev.o
  CC      lib/linear_ranges.o
  CC [M]  fs/netfs/direct_write.o
  CC      lib/crypto/mpi/generic_mpih-add1.o
  CC      lib/crypto/mpi/mpicoder.o
  CC      sound/usb/endpoint.o
  CC      lib/xxhash.o
  CC      drivers/pci/msi/irqdomain.o
  CC      lib/crypto/mpi/mpi-add.o
  CC      lib/genalloc.o
  CC [M]  fs/netfs/iterator.o
  CC      lib/crypto/mpi/mpi-bit.o
  CC      sound/usb/fcp.o
  CC      lib/crypto/mpi/mpi-cmp.o
  CC      lib/crypto/mpi/mpi-sub-ui.o
  AR      drivers/pci/msi/built-in.a
  CC [M]  fs/netfs/locking.o
  CC      drivers/pci/pcie/portdrv.o
  CC [M]  fs/netfs/main.o
  CC      sound/usb/format.o
  CC      lib/crypto/mpi/mpi-div.o
  CC      lib/crypto/mpi/mpi-mod.o
  CC [M]  fs/netfs/misc.o
  CC      drivers/pci/pcie/rcec.o
  CC      lib/crypto/mpi/mpi-mul.o
  CC      sound/usb/helper.o
  CC [M]  fs/netfs/objects.o
  CC [M]  fs/netfs/read_collect.o
  CC      drivers/pci/pcie/bwctrl.o
  CC      drivers/pci/pcie/aspm.o
  CC      sound/usb/implicit.o
  CC      lib/crypto/mpi/mpih-cmp.o
  CC [M]  fs/netfs/read_pgpriv2.o
  CC      drivers/pci/pcie/aer.o
  CC      lib/crypto/mpi/mpih-div.o
  CC [M]  fs/netfs/read_retry.o
  CC      drivers/pci/pcie/err.o
  CC      sound/usb/mixer.o
  CC [M]  fs/netfs/read_single.o
  CC      lib/crypto/mpi/mpih-mul.o
  CC      lib/crypto/mpi/mpi-pow.o
  CC      drivers/pci/pcie/tlp.o
  CC      lib/crypto/mpi/mpiutil.o
  CC [M]  fs/netfs/rolling_buffer.o
  CC [M]  fs/netfs/write_collect.o
  CC [M]  fs/netfs/write_issue.o
  CC      drivers/pci/pcie/pme.o
  AR      lib/crypto/mpi/built-in.a
  CC      sound/usb/mixer_quirks.o
  CC      lib/crypto/fips140.o
  CC [M]  lib/crypto/arc4.o
  CC [M]  fs/netfs/write_retry.o
  CC      drivers/pci/pcie/ptm.o
  CC      drivers/pci/pwrctrl/core.o
  CC      drivers/pci/proc.o
  AR      lib/crypto/built-in.a
  LD [M]  lib/crypto/libarc4.o
  CC      lib/zlib_inflate/inffast.o
  CC      lib/zlib_inflate/inflate.o
  CC      sound/usb/mixer_scarlett.o
  LD [M]  fs/netfs/netfs.o
  CC      net/devres.o
  CC      lib/zlib_inflate/infutil.o
  CC      drivers/pci/pwrctrl/slot.o
  AR      drivers/pci/pcie/built-in.a
  CC      net/socket.o
  CC      drivers/pci/pci-sysfs.o
  CC      sound/usb/mixer_scarlett2.o
  CC      lib/zlib_inflate/inftrees.o
  CC      lib/zlib_inflate/inflate_syms.o
  AR      drivers/pci/pwrctrl/built-in.a
  CC      sound/usb/mixer_us16x08.o
  CC      virt/lib/irqbypass.o
  AR      lib/zlib_inflate/built-in.a
  CC      lib/zlib_deflate/deflate.o
  CC      drivers/pci/slot.o
  AR      virt/lib/built-in.a
  AR      virt/built-in.a
  CC      drivers/pci/iomap.o
  CC      lib/reed_solomon/reed_solomon.o
  CC      lib/zlib_deflate/deftree.o
  CC      net/compat.o
  CC      net/core/sock.o
  CC      lib/zlib_deflate/deflate_syms.o
  CC      drivers/pci/of.o
  CC      sound/usb/mixer_s1810c.o
  AR      lib/reed_solomon/built-in.a
  CC      net/core/request_sock.o
  AR      lib/zlib_deflate/built-in.a
  CC      lib/lzo/lzo1x_compress.o
  CC      sound/usb/pcm.o
  CC      drivers/pci/quirks.o
  CC      lib/lzo/lzo1x_compress_safe.o
  CC      lib/lzo/lzo1x_decompress_safe.o
  CC      net/llc/llc_core.o
  CC      net/llc/llc_input.o
  AR      lib/lzo/built-in.a
  CC      lib/lz4/lz4_compress.o
  CC      sound/usb/power.o
  CC      lib/lz4/lz4hc_compress.o
  CC      net/core/skbuff.o
  CC      drivers/pci/hotplug/pci_hotplug_core.o
  CC      lib/lz4/lz4_decompress.o
  CC      net/llc/llc_output.o
  CC      sound/usb/proc.o
  CC      sound/usb/quirks.o
  CC      drivers/pci/hotplug/pciehp_core.o
  AR      lib/lz4/built-in.a
  CC      lib/zstd/zstd_compress_module.o
  CC      sound/usb/stream.o
  AR      net/llc/built-in.a
  CC      net/ethernet/eth.o
  CC      lib/zstd/compress/fse_compress.o
  CC      drivers/pci/hotplug/pciehp_ctrl.o
  CC      lib/zstd/compress/hist.o
  CC      drivers/pci/hotplug/pciehp_pci.o
  CC      lib/zstd/compress/huf_compress.o
  CC      lib/zstd/compress/zstd_compress.o
  CC      sound/usb/validate.o
  CC      net/802/psnap.o
  CC      drivers/pci/hotplug/pciehp_hpc.o
  AR      net/ethernet/built-in.a
  CC      net/sched/sch_generic.o
  CC      sound/usb/media.o
  CC      net/core/datagram.o
  CC      net/802/stp.o
  AR      drivers/pci/hotplug/built-in.a
  CC      drivers/pci/ats.o
  CC      lib/zstd/compress/zstd_compress_literals.o
  CC      lib/zstd/compress/zstd_compress_sequences.o
  CC      lib/zstd/compress/zstd_compress_superblock.o
  CC      sound/usb/midi.o
  CC      lib/zstd/compress/zstd_double_fast.o
  CC      drivers/pci/iov.o
  AR      net/802/built-in.a
  CC      lib/zstd/compress/zstd_fast.o
  CC      net/sched/sch_mq.o
  CC      net/core/stream.o
  CC      drivers/pci/syscall.o
  AR      sound/usb/built-in.a
  CC      sound/soc/soc-core.o
  CC      sound/soc/soc-dapm.o
  CC      net/sched/sch_frag.o
  CC      lib/zstd/compress/zstd_lazy.o
  CC      net/core/scm.o
  CC      drivers/pci/ecam.o
  CC      net/sched/sch_api.o
  CC      drivers/pci/endpoint/pci-epc-core.o
  CC      lib/zstd/compress/zstd_ldm.o
  CC      net/core/gen_stats.o
  CC      sound/soc/soc-jack.o
  CC      lib/zstd/compress/zstd_opt.o
  CC      drivers/pci/endpoint/pci-epf-core.o
  CC      sound/soc/soc-utils.o
  CC      net/core/gen_estimator.o
  CC      net/sched/sch_blackhole.o
  CC      sound/soc/soc-dai.o
  CC      drivers/pci/endpoint/pci-epc-mem.o
  CC      sound/soc/soc-component.o
  CC      sound/soc/soc-pcm.o
  CC      net/core/net_namespace.o
  CC      net/sched/cls_api.o
  AR      drivers/pci/endpoint/built-in.a
  CC      drivers/pci/controller/pci-host-common.o
  CC      lib/zstd/compress/zstd_preSplit.o
  CC      lib/zstd/zstd_decompress_module.o
  CC      drivers/pci/controller/pci-host-generic.o
  CC      lib/zstd/decompress/huf_decompress.o
  CC      drivers/pci/controller/dwc/pcie-designware.o
  CC      sound/soc/soc-devres.o
  CC      sound/soc/soc-ops.o
  CC      net/core/secure_seq.o
  CC      lib/zstd/decompress/zstd_ddict.o
  CC      net/sched/act_api.o
  CC      lib/zstd/decompress/zstd_decompress.o
  CC      sound/soc/soc-link.o
  CC      sound/soc/soc-card.o
  CC      lib/zstd/decompress/zstd_decompress_block.o
  CC      drivers/pci/controller/dwc/pcie-designware-host.o
  CC      net/core/flow_dissector.o
  CC      lib/zstd/zstd_common_module.o
  CC      sound/soc/soc-compress.o
  CC      lib/zstd/common/debug.o
  CC      lib/zstd/common/entropy_common.o
  CC      lib/zstd/common/error_private.o
  CC      lib/zstd/common/fse_decompress.o
  CC      net/sched/act_police.o
  CC      lib/zstd/common/zstd_common.o
  CC      net/core/sysctl_net_core.o
  AR      lib/zstd/built-in.a
  CC      lib/xz/xz_dec_syms.o
  CC      drivers/pci/controller/dwc/pcie-designware-ep.o
  CC      sound/soc/soc-topology.o
  CC      lib/xz/xz_dec_stream.o
  CC      net/sched/act_gact.o
  CC      lib/textsearch.o
  CC      drivers/pci/controller/dwc/pcie-designware-plat.o
  CC      net/core/dev.o
  CC      lib/xz/xz_dec_lzma2.o
  CC      lib/ts_kmp.o
  CC      sound/soc/soc-generic-dmaengine-pcm.o
  CC      drivers/pci/controller/dwc/pcie-qcom-common.o
  CC      net/sched/act_mirred.o
  CC      lib/xz/xz_dec_bcj.o
  CC      lib/ts_bm.o
  CC [M]  sound/soc/soc-topology-test.o
  CC      lib/ts_fsm.o
  AR      lib/xz/built-in.a
  CC      lib/percpu_counter.o
  CC      drivers/pci/controller/dwc/pcie-qcom.o
  CC      net/sched/act_skbedit.o
  CC      lib/audit.o
  CC [M]  sound/soc/soc-utils-test.o
  CC      lib/compat_audit.o
  CC      lib/codetag.o
  CC      drivers/pci/controller/dwc/pcie-kirin.o
  CC      net/sched/act_bpf.o
  CC      net/sched/sch_fifo.o
  AR      sound/soc/built-in.a
  CC      lib/alloc_tag.o
  CC      sound/last.o
  AR      sound/built-in.a
  AR      drivers/pci/controller/dwc/built-in.a
  CC      lib/syscall.o
  AR      drivers/pci/controller/built-in.a
  AR      drivers/pci/built-in.a
  CC      drivers/amba/bus.o
  CC      lib/dynamic_debug.o
  CC      net/sched/sch_htb.o
  CC      net/sched/sch_ingress.o
  CC      lib/errname.o
  CC      lib/nlattr.o
  CC      net/core/dev_api.o
  AR      drivers/amba/built-in.a
  CC      drivers/clk/clk-devres.o
  CC      lib/checksum.o
  CC      lib/cpu_rmap.o
  CC      net/sched/sch_sfq.o
  CC      lib/dynamic_queue_limits.o
  CC      drivers/clk/clk-bulk.o
  CC      net/core/dev_addr_lists.o
  CC      net/core/dst.o
  CC      lib/glob.o
  CC      drivers/clk/clkdev.o
  CC      lib/dim/dim.o
  CC      lib/strncpy_from_user.o
  CC      net/core/netevent.o
  CC      net/sched/sch_tbf.o
  CC      drivers/clk/clk.o
  CC      lib/dim/net_dim.o
  CC      net/core/neighbour.o
  CC      lib/strnlen_user.o
  CC      net/core/rtnetlink.o
  CC      lib/dim/rdma_dim.o
  CC      lib/net_utils.o
  CC      net/sched/sch_prio.o
  AR      lib/dim/built-in.a
  CC      lib/sg_pool.o
  CC      lib/memregion.o
  CC      lib/stackdepot.o
  CC      net/core/utils.o
  CC      net/sched/sch_multiq.o
  CC      lib/bootconfig.o
  CC      drivers/clk/clk-divider.o
  CC      lib/asn1_decoder.o
  CC      lib/fonts/fonts.o
  CC      net/core/link_watch.o
  CC      drivers/clk/clk-fixed-factor.o
  CC      net/core/filter.o
  CC      net/sched/sch_netem.o
  CC      lib/oid_registry.o
  CC      lib/fonts/font_8x16.o
  CC      drivers/clk/clk-fixed-rate.o
  CC      lib/ucs2_string.o
  AR      lib/fonts/built-in.a
  CC      lib/ubsan.o
  CC      net/core/sock_diag.o
  CC      lib/sbitmap.o
  CC      drivers/clk/clk-gate.o
  CC      net/sched/sch_codel.o
  CC      net/core/dev_ioctl.o
  CC      lib/group_cpus.o
  CC      drivers/clk/clk-multiplier.o
  CC      net/core/tso.o
  CC      net/sched/sch_fq_codel.o
  CC      lib/devmem_is_allowed.o
  CC      drivers/clk/clk-mux.o
  CC      drivers/dma/dmaengine.o
  CC      net/core/sock_reuseport.o
  TEST    lib/test_fortify/read_overflow-memchr.log
  CC      drivers/clk/clk-composite.o
  CC      drivers/dma/virt-dma.o
  CC      net/sched/sch_fq.o
  TEST    lib/test_fortify/read_overflow-memchr_inv.log
  CC      net/core/fib_notifier.o
  CC      drivers/clk/clk-fractional-divider.o
  TEST    lib/test_fortify/read_overflow-memcmp.log
  CC      drivers/dma/of-dma.o
  CC      net/core/xdp.o
  TEST    lib/test_fortify/read_overflow-memscan.log
  CC      drivers/clk/clk-gpio.o
  CC      net/core/flow_offload.o
  TEST    lib/test_fortify/read_overflow2-memcmp.log
  CC      net/sched/cls_u32.o
  CC      drivers/dma/dw/core.o
  TEST    lib/test_fortify/read_overflow2-memcpy.log
  CC      drivers/clk/clk-conf.o
  TEST    lib/test_fortify/read_overflow2-memmove.log
  CC      net/core/gro.o
  CC      net/core/netdev-genl.o
  CC      drivers/clk/clk-scpi.o
  CC      drivers/dma/dw/dw.o
  TEST    lib/test_fortify/read_overflow2_field-memcpy.log
  CC      net/sched/cls_fw.o
  TEST    lib/test_fortify/read_overflow2_field-memmove.log
  CC      drivers/clk/hisilicon/clk.o
  CC      drivers/dma/dw/idma32.o
  TEST    lib/test_fortify/write_overflow-memcpy.log
  CC      net/core/netdev-genl-gen.o
  CC      net/core/gso.o
  CC      drivers/clk/hisilicon/clkgate-separated.o
  CC      net/sched/cls_basic.o
  TEST    lib/test_fortify/write_overflow-memmove.log
  AR      drivers/dma/dw/built-in.a
  CC      drivers/dma/hsu/hsu.o
  TEST    lib/test_fortify/write_overflow-memset.log
  CC      drivers/clk/hisilicon/clkdivider-hi6220.o
  CC      net/core/net-sysfs.o
  TEST    lib/test_fortify/write_overflow-strcpy-lit.log
  AR      drivers/dma/hsu/built-in.a
  AR      drivers/dma/built-in.a
  CC      net/sched/cls_flow.o
  CC      drivers/pmdomain/arm/scmi_perf_domain.o
  CC      drivers/soc/qcom/qcom-geni-se.o
  CC      drivers/clk/hisilicon/clk-hisi-phase.o
  TEST    lib/test_fortify/write_overflow-strcpy.log
  AR      drivers/pmdomain/arm/built-in.a
  CC      drivers/pmdomain/qcom/rpmhpd.o
  TEST    lib/test_fortify/write_overflow-strncpy-src.log
  CC      drivers/clk/hisilicon/crg-hi3516cv300.o
  CC      drivers/soc/qcom/cmd-db.o
  TEST    lib/test_fortify/write_overflow-strncpy.log
  CC      net/core/hotdata.o
  AR      drivers/pmdomain/qcom/built-in.a
  CC      drivers/pmdomain/sunxi/sun20i-ppu.o
  CC      net/sched/cls_cgroup.o
  CC      drivers/clk/hisilicon/clk-hi3519.o
  TEST    lib/test_fortify/write_overflow-strscpy.log
  CC      drivers/soc/qcom/mdt_loader.o
  TEST    lib/test_fortify/write_overflow_field-memcpy.log
  CC      drivers/pmdomain/sunxi/sun55i-pck600.o
  CC      drivers/clk/hisilicon/clk-hi3559a.o
  CC      net/core/netdev_rx_queue.o
  CC      drivers/soc/qcom/rpmh-rsc.o
  TEST    lib/test_fortify/write_overflow_field-memmove.log
  CC      net/sched/cls_bpf.o
  AR      drivers/pmdomain/sunxi/built-in.a
  CC      drivers/pmdomain/tegra/powergate-bpmp.o
  TEST    lib/test_fortify/write_overflow_field-memset.log
  CC      drivers/clk/hisilicon/clk-hi3660.o
  CC      net/core/netdev_queues.o
  CAT     lib/test_fortify/test_fortify.log
  AR      lib/lib.a
  CC      drivers/soc/qcom/rpmh.o
  AR      lib/built-in.a
  CC      net/core/page_pool.o
  AR      drivers/pmdomain/tegra/built-in.a
  CC      drivers/pmdomain/core.o
  CC      drivers/clk/hisilicon/clk-hi3670.o
  CC      net/sched/cls_matchall.o
  CC      drivers/soc/qcom/smem.o
  CC      net/sched/ematch.o
  CC      drivers/clk/hisilicon/crg-hi3798cv200.o
  CC      net/core/page_pool_user.o
  CC      drivers/pmdomain/governor.o
  CC      drivers/clk/hisilicon/clk-hi6220.o
  CC      drivers/soc/qcom/smem_state.o
  CC      drivers/clk/hisilicon/reset.o
  CC      net/sched/em_cmp.o
  CC      drivers/clk/hisilicon/clk-hi6220-stub.o
  AR      drivers/pmdomain/built-in.a
  CC      drivers/virtio/virtio.o
  CC      drivers/soc/qcom/smp2p.o
  CC      drivers/virtio/virtio_ring.o
  CC      net/core/net-procfs.o
  CC      drivers/clk/hisilicon/clk-hi3660-stub.o
  CC      net/sched/em_nbyte.o
  CC      drivers/virtio/virtio_anchor.o
  CC      drivers/soc/qcom/ice.o
  AR      drivers/clk/hisilicon/built-in.a
  CC      drivers/virtio/virtio_balloon_hyp_ops.o
  CC      drivers/clk/mediatek/clk-mtk.o
  CC      net/core/fib_rules.o
  CC      drivers/clk/tegra/clk.o
  CC      net/sched/em_u32.o
  AR      drivers/soc/qcom/built-in.a
  CC      drivers/soc/sunxi/sunxi_mbus.o
  CC [M]  drivers/virtio/virtio_pci_modern_dev.o
  CC      drivers/clk/mediatek/clk-pll.o
  CC      drivers/clk/tegra/clk-audio-sync.o
  CC      net/sched/em_meta.o
  CC      drivers/soc/sunxi/sunxi_sram.o
  CC      drivers/clk/tegra/clk-device.o
  CC [M]  drivers/virtio/virtio_pci_legacy_dev.o
  CC      drivers/clk/mediatek/clk-gate.o
  CC      net/core/net-traces.o
  AR      drivers/soc/sunxi/built-in.a
  CC      drivers/clk/tegra/clk-dfll.o
  CC      drivers/soc/tegra/fuse/fuse-tegra.o
  CC      drivers/clk/mediatek/clk-apmixed.o
  CC [M]  drivers/virtio/virtio_pci_modern.o
  CC      net/sched/em_text.o
  CC      drivers/soc/tegra/fuse/fuse-tegra30.o
  CC      drivers/clk/mediatek/clk-cpumux.o
  CC      drivers/clk/tegra/clk-divider.o
  CC [M]  drivers/virtio/virtio_pci_common.o
  AR      net/sched/built-in.a
  CC      drivers/clk/tegra/clk-periph.o
  CC      drivers/soc/tegra/fuse/tegra-apbmisc.o
  CC      drivers/clk/tegra/clk-periph-fixed.o
  CC      drivers/clk/mediatek/reset.o
  CC      drivers/soc/tegra/cbb/tegra-cbb.o
  CC [M]  drivers/virtio/virtio_pci_legacy.o
  CC      drivers/clk/tegra/clk-periph-gate.o
  CC      drivers/clk/mediatek/clk-mux.o
  AR      drivers/soc/tegra/fuse/built-in.a
  CC [M]  drivers/virtio/virtio_pci_admin_legacy_io.o
  CC      drivers/soc/tegra/cbb/tegra234-cbb.o
  CC      drivers/clk/tegra/clk-pll.o
  CC      net/core/selftests.o
  CC      drivers/soc/tegra/common.o
  CC      drivers/clk/mediatek/clk-fhctl.o
  CC [M]  drivers/virtio/virtio_balloon.o
  CC      drivers/clk/tegra/clk-pll-out.o
  CC      drivers/clk/tegra/clk-sdmmc-mux.o
  AR      drivers/soc/tegra/cbb/built-in.a
  CC      drivers/soc/tegra/pmc.o
  CC      drivers/clk/mediatek/clk-pllfh.o
  CC      drivers/clk/tegra/clk-super.o
  CC      drivers/clk/tegra/clk-tegra-audio.o
  CC      net/core/ptp_classifier.o
  AR      drivers/virtio/built-in.a
  LD [M]  drivers/virtio/virtio_pci.o
  CC      drivers/clk/mediatek/clk-mt8192-apmixedsys.o
  CC      drivers/regulator/core.o
  CC      drivers/clk/tegra/clk-tegra-periph.o
  CC      drivers/clk/tegra/clk-tegra-fixed.o
  AR      drivers/soc/tegra/built-in.a
  AR      drivers/soc/built-in.a
  CC      net/core/netprio_cgroup.o
  CC      drivers/clk/mediatek/clk-mt8192.o
  CC      drivers/clk/tegra/clk-tegra-super-cclk.o
  CC      drivers/clk/tegra/clk-tegra-super-gen4.o
  CC      net/core/netclassid_cgroup.o
  CC      drivers/clk/mediatek/clk-mt8192-aud.o
  CC      drivers/clk/tegra/cvb.o
  CC      drivers/clk/tegra/clk-bpmp.o
  CC      drivers/clk/mediatek/clk-mt8192-cam.o
  CC      drivers/clk/mediatek/clk-mt8192-img.o
  CC      drivers/clk/tegra/clk-utils.o
  CC      net/core/dst_cache.o
  CC      drivers/regulator/dummy.o
  CC      drivers/regulator/fixed-helper.o
  AR      drivers/clk/tegra/built-in.a
  CC      drivers/clk/mediatek/clk-mt8192-imp_iic_wrap.o
  CC      drivers/clk/mediatek/clk-mt8192-ipe.o
  CC      drivers/regulator/helpers.o
  CC      drivers/regulator/devres.o
  CC      net/core/gro_cells.o
  CC      drivers/clk/mediatek/clk-mt8192-mdp.o
  CC      drivers/clk/mediatek/clk-mt8192-mfg.o
  CC      drivers/regulator/irq_helpers.o
  CC      drivers/regulator/of_regulator.o
  CC      drivers/regulator/fixed.o
  CC      drivers/clk/mediatek/clk-mt8192-mm.o
  CC      drivers/regulator/qcom-rpmh-regulator.o
  CC      drivers/regulator/sun20i-regulator.o
  CC      net/core/skmsg.o
  CC      net/core/sock_map.o
  CC      drivers/clk/mediatek/clk-mt8192-msdc.o
  CC      drivers/clk/mediatek/clk-mt8192-scp_adsp.o
  CC [M]  drivers/clk/clk_test.o
  AR      drivers/regulator/built-in.a
  CC      drivers/reset/core.o
  CC      drivers/clk/mediatek/clk-mt8192-vdec.o
  CC      drivers/clk/mediatek/clk-mt8192-venc.o
  CC      net/core/bpf_sk_storage.o
  CC      net/core/of_net.o
  CC      net/core/devmem.o
  AR      drivers/clk/mediatek/built-in.a
  AS [M]  drivers/clk/kunit_clk_assigned_rates_u64_one.dtbo.o
  AS [M]  drivers/clk/kunit_clk_assigned_rates_u64_one_consumer.dtbo.o
  AS [M]  drivers/clk/kunit_clk_assigned_rates_u64_multiple.dtbo.o
  AS [M]  drivers/clk/kunit_clk_assigned_rates_u64_multiple_consumer.dtbo.o
  AS [M]  drivers/clk/kunit_clk_assigned_rates_multiple.dtbo.o
  AS [M]  drivers/clk/kunit_clk_assigned_rates_multiple_consumer.dtbo.o
  AS [M]  drivers/clk/kunit_clk_assigned_rates_null.dtbo.o
  CC [M]  net/core/dev_addr_lists_test.o
  AS [M]  drivers/clk/kunit_clk_assigned_rates_null_consumer.dtbo.o
  CC      drivers/reset/hisilicon/hi6220_reset.o
  AS [M]  drivers/clk/kunit_clk_assigned_rates_one.dtbo.o
  AS [M]  drivers/clk/kunit_clk_assigned_rates_one_consumer.dtbo.o
  AS [M]  drivers/clk/kunit_clk_assigned_rates_without.dtbo.o
  CC      drivers/reset/hisilicon/reset-hi3660.o
  AS [M]  drivers/clk/kunit_clk_assigned_rates_without_consumer.dtbo.o
  AS [M]  drivers/clk/kunit_clk_assigned_rates_zero.dtbo.o
  AS [M]  drivers/clk/kunit_clk_assigned_rates_zero_consumer.dtbo.o
  AS [M]  drivers/clk/kunit_clk_hw_get_dev_of_node.dtbo.o
  CC      drivers/reset/tegra/reset-bpmp.o
  AS [M]  drivers/clk/kunit_clk_parent_data_test.dtbo.o
  CC [M]  drivers/clk/clk-gate_test.o
  CC [M]  drivers/clk/clk_kunit_helpers.o
  CC      drivers/tty/tty_io.o
  AR      drivers/reset/hisilicon/built-in.a
  CC      drivers/reset/reset-raspberrypi.o
  AR      net/core/built-in.a
  CC      net/netlink/af_netlink.o
  CC      net/bpf/test_run.o
  AR      drivers/reset/tegra/built-in.a
  CC      drivers/reset/reset-scmi.o
  AR      drivers/clk/built-in.a
  LD [M]  drivers/clk/clk-test.o
  CC      drivers/char/mem.o
  CC      drivers/reset/reset-simple.o
  CC      drivers/reset/reset-sunxi.o
  CC      drivers/tty/n_tty.o
  CC      drivers/char/random.o
  CC      drivers/char/misc.o
  AR      drivers/reset/built-in.a
  CC      drivers/iommu/iommu.o
  CC      net/bpf/bpf_dummy_struct_ops.o
  CC      drivers/char/hw_random/core.o
  CC      net/netlink/genetlink.o
  CC      drivers/tty/tty_ioctl.o
  CC      drivers/char/hw_random/intel-rng.o
  CC      drivers/char/hw_random/amd-rng.o
  AR      net/bpf/built-in.a
  CC      net/ethtool/ioctl.o
  CC      drivers/tty/tty_ldisc.o
  CC      drivers/iommu/iommu-pages.o
  CC      net/ethtool/common.o
  CC      net/netlink/policy.o
  CC      drivers/char/hw_random/airoha-trng.o
  CC      drivers/tty/tty_buffer.o
  CC      drivers/iommu/iommu-traces.o
  AR      net/netlink/built-in.a
  CC      drivers/char/hw_random/atmel-rng.o
  CC      drivers/char/hw_random/geode-rng.o
  CC      drivers/tty/tty_port.o
  CC      net/netfilter/core.o
  CC      net/ethtool/netlink.o
  CC      drivers/iommu/iommu-sysfs.o
  CC      net/netfilter/nf_log.o
  CC      drivers/char/hw_random/ixp4xx-rng.o
  CC      drivers/tty/tty_mutex.o
  CC      drivers/iommu/dma-iommu.o
  CC      drivers/char/hw_random/omap-rng.o
  CC      drivers/tty/tty_ldsem.o
  CC      net/ethtool/bitset.o
  CC      drivers/tty/tty_baudrate.o
  CC      net/netfilter/nf_queue.o
  CC      drivers/tty/tty_jobctrl.o
  CC      drivers/tty/n_null.o
  CC      drivers/char/hw_random/omap3-rom-rng.o
  CC      drivers/iommu/io-pgtable.o
  CC      drivers/tty/pty.o
  CC      net/ethtool/strset.o
  CC      net/ethtool/linkinfo.o
  CC      net/netfilter/nf_sockopt.o
  CC      drivers/char/hw_random/mxc-rnga.o
  CC      drivers/iommu/io-pgtable-arm-v7s.o
  CC      drivers/char/hw_random/imx-rngc.o
  CC      drivers/tty/tty_audit.o
  CC      drivers/char/hw_random/ingenic-rng.o
  CC      net/netfilter/utils.o
  CC      net/ethtool/linkmodes.o
  CC      drivers/iommu/io-pgtable-arm.o
  CC      net/netfilter/nf_bpf_link.o
  CC      drivers/char/hw_random/ingenic-trng.o
  CC      drivers/tty/sysrq.o
  CC      net/ethtool/rss.o
  CC      drivers/iommu/io-pgtable-arm-kernel.o
  CC      drivers/char/hw_random/nomadik-rng.o
  CC      net/ethtool/linkstate.o
  CC      net/netfilter/nfnetlink.o
  CC      drivers/tty/hvc/hvc_dcc.o
  CC      drivers/iommu/iova.o
  CC      drivers/char/hw_random/bcm2835-rng.o
  CC      drivers/tty/hvc/hvc_console.o
  CC      net/ethtool/debug.o
  CC      drivers/iommu/of_iommu.o
  CC      drivers/char/hw_random/bcm74110-rng.o
  CC      net/netfilter/nfnetlink_queue.o
  CC      drivers/iommu/iommu-sva.o
  AR      drivers/tty/hvc/built-in.a
  CC      drivers/tty/serial/serial_core.o
  CC      net/netfilter/nfnetlink_log.o
  CC      net/ethtool/wol.o
  CC      drivers/char/hw_random/iproc-rng200.o
  CC      drivers/iommu/pkvm-pviommu.o
  CC      drivers/char/hw_random/xgene-rng.o
  CC      net/ethtool/features.o
  CC [M]  drivers/char/virtio_console.o
  CC      net/netfilter/nf_conntrack_core.o
  AR      drivers/iommu/built-in.a
  CC      drivers/tty/serial/serial_base_bus.o
  CC      drivers/char/hw_random/stm32-rng.o
  CC      drivers/gpu/drm/drm_atomic.o
  CC      net/ethtool/privflags.o
  CC      drivers/tty/serial/serial_ctrl.o
  CC      drivers/char/hw_random/cavium-rng.o
  CC      drivers/char/hw_random/cavium-rng-vf.o
  CC      drivers/gpu/drm/drm_atomic_uapi.o
  CC      drivers/tty/serial/serial_port.o
  CC      drivers/char/hw_random/ks-sa-rng.o
  CC      net/ethtool/rings.o
  CC      drivers/char/hw_random/arm_smccc_trng.o
  CC      net/netfilter/nf_conntrack_standalone.o
  CC      drivers/tty/serial/earlycon.o
  CC      net/netfilter/nf_conntrack_expect.o
  CC      drivers/char/hw_random/rockchip-rng.o
  CC      drivers/gpu/drm/drm_auth.o
  CC      net/ethtool/channels.o
  CC      drivers/tty/serial/8250/8250_core.o
  CC [M]  drivers/char/hw_random/cctrng.o
  CC      drivers/tty/serial/8250/8250_platform.o
  CC      drivers/gpu/drm/drm_blend.o
  CC      net/netfilter/nf_conntrack_helper.o
  CC      drivers/tty/serial/8250/8250_port.o
  CC      net/ethtool/coalesce.o
  AR      drivers/char/hw_random/built-in.a
  AR      drivers/char/built-in.a
  CC      net/ethtool/pause.o
  CC      net/ethtool/eee.o
  CC      drivers/gpu/drm/drm_bridge.o
  CC      net/netfilter/nf_conntrack_proto.o
  CC      net/netfilter/nf_conntrack_proto_generic.o
  CC      net/netfilter/nf_conntrack_proto_tcp.o
  CC      drivers/gpu/drm/drm_cache.o
  CC      net/ethtool/tsinfo.o
  CC      drivers/tty/serial/8250/8250_dma.o
  CC      drivers/gpu/drm/drm_color_mgmt.o
  CC      drivers/tty/serial/8250/8250_dwlib.o
  CC      drivers/tty/serdev/core.o
  CC      net/ethtool/cabletest.o
  CC      drivers/gpu/drm/drm_colorop.o
  CC      net/netfilter/nf_conntrack_proto_udp.o
  CC      drivers/gpu/drm/drm_connector.o
  CC      drivers/tty/serial/8250/8250_pcilib.o
  CC      drivers/tty/serdev/serdev-ttyport.o
  CC      drivers/gpu/drm/drm_crtc.o
  CC      net/ethtool/tunnels.o
  CC      drivers/tty/serial/8250/8250_early.o
  AR      drivers/tty/serdev/built-in.a
  CC      drivers/tty/ttynull.o
  CC      net/netfilter/nf_conntrack_proto_icmp.o
  CC      net/netfilter/nf_conntrack_extend.o
  CC      drivers/gpu/drm/drm_displayid.o
  CC      net/netfilter/nf_conntrack_acct.o
  CC      drivers/tty/serial/8250/8250_dw.o
  CC      net/ethtool/fec.o
  CC      drivers/gpu/drm/drm_drv.o
  CC      net/netfilter/nf_conntrack_seqadj.o
  CC      net/netfilter/nf_conntrack_proto_icmpv6.o
  CC      drivers/tty/serial/8250/8250_fsl.o
  CC      net/netfilter/nf_conntrack_ecache.o
  CC      net/ethtool/eeprom.o
  CC      drivers/gpu/drm/drm_dumb_buffers.o
  CC      drivers/tty/serial/8250/8250_lpss.o
  CC      net/netfilter/nf_conntrack_proto_sctp.o
  CC      net/netfilter/nf_conntrack_proto_gre.o
  CC      net/netfilter/nf_conntrack_netlink.o
  CC      drivers/gpu/drm/drm_edid.o
  CC      drivers/tty/serial/8250/8250_mid.o
  CC      net/ethtool/stats.o
  CC      net/netfilter/nf_conntrack_amanda.o
  CC      drivers/tty/serial/8250/8250_of.o
  CC      net/ethtool/phc_vclocks.o
  CC      net/ethtool/mm.o
  CC      drivers/tty/serial/8250/8250_pci.o
  CC      drivers/tty/serial/8250/8250_pericom.o
  CC      net/ethtool/module.o
  CC      net/netfilter/nf_conntrack_ftp.o
  CC      drivers/gpu/drm/drm_eld.o
  CC      drivers/gpu/drm/drm_encoder.o
  CC      net/netfilter/nf_conntrack_h323_main.o
  CC      net/netfilter/nf_conntrack_h323_asn1.o
  AR      drivers/tty/serial/8250/built-in.a
  CC      drivers/tty/serial/amba-pl011.o
  CC      drivers/tty/serial/qcom_geni_serial.o
  CC      drivers/gpu/drm/drm_file.o
  CC      net/ethtool/cmis_fw_update.o
  CC      net/ethtool/cmis_cdb.o
  CC      drivers/tty/serial/samsung_tty.o
  CC      net/netfilter/nf_conntrack_irc.o
  CC      drivers/tty/serial/sprd_serial.o
  CC      drivers/gpu/drm/drm_fourcc.o
  CC      drivers/gpu/drm/drm_framebuffer.o
  CC      net/ethtool/pse-pd.o
  CC      drivers/gpu/drm/drm_gem.o
  CC      drivers/tty/serial/tegra-tcu.o
  CC      drivers/tty/serial/serial_mctrl_gpio.o
  CC      net/netfilter/nf_conntrack_broadcast.o
  CC      drivers/gpu/drm/drm_ioctl.o
  CC      net/ethtool/plca.o
  CC      net/ethtool/phy.o
  AR      drivers/tty/serial/built-in.a
  AR      drivers/tty/built-in.a
  CC      drivers/connector/cn_queue.o
  CC      drivers/gpu/drm/drm_lease.o
  CC      net/netfilter/nf_conntrack_netbios_ns.o
  CC      drivers/gpu/drm/drm_managed.o
  CC      net/ethtool/tsconfig.o
  CC      drivers/gpu/drm/drm_mm.o
  CC      net/netfilter/nf_conntrack_pptp.o
  CC      drivers/connector/connector.o
  CC      drivers/connector/cn_proc.o
  CC      drivers/base/component.o
  CC      drivers/gpu/drm/drm_mode_config.o
  AR      net/ethtool/built-in.a
  CC      drivers/base/core.o
  CC      drivers/base/bus.o
  CC      drivers/base/dd.o
  CC      net/netfilter/nf_conntrack_sane.o
  AR      drivers/connector/built-in.a
  CC      drivers/block/brd.o
  CC      drivers/gpu/drm/drm_mode_object.o
  CC      drivers/block/loop.o
  CC      drivers/base/syscore.o
  CC      net/netfilter/nf_conntrack_tftp.o
  CC      drivers/gpu/drm/drm_modes.o
  CC      drivers/gpu/drm/drm_modeset_lock.o
  CC      drivers/base/driver.o
  CC      drivers/block/ublk_drv.o
  CC [M]  drivers/block/virtio_blk.o
  CC      drivers/base/class.o
  CC      drivers/gpu/drm/drm_plane.o
  CC      net/netfilter/nf_log_syslog.o
  CC      drivers/gpu/drm/drm_prime.o
  CC      drivers/base/platform.o
  CC [M]  drivers/block/zram/zcomp.o
  AR      drivers/block/built-in.a
  CC      drivers/gpu/drm/drm_print.o
  CC      drivers/base/cpu.o
  CC      drivers/gpu/drm/drm_property.o
  CC      net/netfilter/nf_nat_core.o
  CC [M]  drivers/block/zram/zram_drv.o
  CC [M]  drivers/block/zram/backend_lzorle.o
  CC      drivers/base/firmware.o
  CC      drivers/gpu/drm/drm_rect.o
  CC [M]  drivers/block/zram/backend_lzo.o
  CC      drivers/gpu/drm/drm_syncobj.o
  CC      drivers/base/init.o
  CC      drivers/gpu/drm/drm_sysfs.o
  CC      net/netfilter/nf_nat_proto.o
  CC [M]  drivers/block/zram/backend_lz4.o
  CC [M]  drivers/block/zram/backend_zstd.o
  CC      drivers/base/map.o
  CC [M]  drivers/block/zram/zram_ioctl.o
  CC      drivers/gpu/drm/drm_trace_points.o
  CC      drivers/gpu/drm/drm_vblank.o
  CC      drivers/gpu/drm/drm_vblank_work.o
  CC      drivers/base/devres.o
  CC      net/netfilter/nf_nat_helper.o
  LD [M]  drivers/block/zram/zram.o
  CC      drivers/misc/sram.o
  CC      drivers/gpu/drm/drm_vma_manager.o
  CC      drivers/base/attribute_container.o
  CC      drivers/base/transport_class.o
  CC      drivers/mfd/act8945a.o
  CC      drivers/base/topology.o
  CC      drivers/base/container.o
  CC      drivers/misc/uid_sys_stats.o
  CC      net/netfilter/nf_nat_redirect.o
  CC      drivers/gpu/drm/drm_writeback.o
  CC      drivers/mfd/mfd-core.o
  CC      drivers/mfd/syscon.o
  CC      drivers/base/property.o
  CC [M]  drivers/misc/open-dice.o
  CC      drivers/gpu/drm/drm_client.o
  CC      drivers/gpu/drm/drm_client_event.o
  AR      drivers/mfd/built-in.a
  CC      net/netfilter/nf_nat_masquerade.o
  CC      drivers/nvdimm/core.o
  CC [M]  drivers/misc/vcpu_stall_detector.o
  CC      drivers/gpu/drm/drm_client_modeset.o
  CC      drivers/base/cacheinfo.o
  CC      drivers/gpu/drm/drm_ioc32.o
  AR      drivers/misc/built-in.a
  CC      drivers/dax/super.o
  CC      drivers/nvdimm/bus.o
  CC      net/netfilter/nf_nat_amanda.o
  CC      drivers/base/swnode.o
  CC      drivers/dax/bus.o
  CC      drivers/gpu/drm/drm_panel.o
  CC      drivers/gpu/drm/drm_of.o
  CC      drivers/base/faux.o
  CC      drivers/nvdimm/dimm_devs.o
  CC      net/netfilter/nf_nat_ftp.o
  AR      drivers/dax/built-in.a
  CC      drivers/nvdimm/nd_perf.o
  CC      drivers/nvdimm/dimm.o
  CC      drivers/base/auxiliary.o
  CC      drivers/gpu/drm/drm_pci.o
  CC      drivers/nvdimm/region_devs.o
  CC      drivers/base/power/sysfs.o
  CC      net/netfilter/nf_nat_irc.o
  CC      drivers/nvdimm/region.o
  CC      drivers/nvdimm/namespace_devs.o
  CC      drivers/gpu/drm/drm_debugfs.o
  CC      drivers/base/power/generic_ops.o
  CC      drivers/nvdimm/label.o
  CC      drivers/nvdimm/badrange.o
  CC      drivers/base/power/common.o
  CC      net/netfilter/nf_nat_tftp.o
  CC      drivers/gpu/drm/drm_debugfs_crc.o
  CC      drivers/nvdimm/claim.o
  CC      drivers/base/power/qos.o
  CC      drivers/nvdimm/btt_devs.o
  CC      drivers/gpu/drm/../../accel/drm_accel.o
  CC      drivers/nvdimm/pmem.o
  CC      net/netfilter/nf_conncount.o
  CC      drivers/nvdimm/btt.o
  CC      drivers/base/power/runtime.o
  CC      drivers/gpu/drm/drm_panel_orientation_quirks.o
  CC      drivers/base/power/wakeirq.o
  CC      drivers/nvdimm/of_pmem.o
  CC      drivers/base/power/main.o
  CC      drivers/gpu/drm/drm_gem_shmem_helper.o
  CC      net/netfilter/x_tables.o
  CC      drivers/gpu/drm/drm_atomic_helper.o
  CC      drivers/gpu/drm/drm_atomic_state_helper.o
  AR      drivers/nvdimm/built-in.a
  CC      drivers/dma-buf/dma-buf.o
  CC      drivers/gpu/drm/drm_bridge_helper.o
  CC      net/ipv4/route.o
  CC      drivers/base/power/wakeup.o
  CC      net/ipv4/inetpeer.o
  CC      net/netfilter/xt_tcpudp.o
  CC      drivers/dma-buf/dma-fence.o
  CC      drivers/gpu/drm/drm_crtc_helper.o
  CC      drivers/base/power/wakeup_stats.o
  CC      drivers/base/power/clock_ops.o
  CC      drivers/gpu/drm/drm_damage_helper.o
  CC      net/netfilter/xt_mark.o
  CC      drivers/dma-buf/dma-fence-array.o
  CC      drivers/dma-buf/dma-fence-chain.o
  CC      net/ipv4/protocol.o
  AR      drivers/base/power/built-in.a
  CC      drivers/base/firmware_loader/fallback_table.o
  CC      net/ipv4/ip_input.o
  CC      drivers/dma-buf/dma-fence-unwrap.o
  CC      drivers/gpu/drm/drm_flip_work.o
  CC      net/netfilter/xt_connmark.o
  CC      drivers/dma-buf/dma-resv.o
  CC      drivers/dma-buf/dma-heap.o
  CC      drivers/base/firmware_loader/main.o
  CC      drivers/gpu/drm/drm_format_helper.o
  CC      net/ipv4/ip_fragment.o
  CC      drivers/gpu/drm/drm_gem_atomic_helper.o
  CC      net/netfilter/xt_nat.o
  CC      drivers/dma-buf/sync_file.o
  CC      drivers/base/firmware_loader/fallback.o
  CC      drivers/base/firmware_loader/sysfs.o
  CC      drivers/gpu/drm/drm_gem_framebuffer_helper.o
  CC      drivers/dma-buf/sw_sync.o
  CC      net/ipv4/ip_forward.o
  CC      drivers/gpu/drm/drm_kms_helper_common.o
  CC      net/netfilter/xt_CLASSIFY.o
  CC      drivers/base/firmware_loader/builtin/main.o
  CC      drivers/gpu/drm/drm_modeset_helper.o
  AR      drivers/base/firmware_loader/builtin/built-in.a
  AR      drivers/base/firmware_loader/built-in.a
  CC      drivers/base/memory.o
  CC      drivers/gpu/drm/drm_plane_helper.o
  CC      drivers/dma-buf/sync_debug.o
  CC      net/ipv4/ip_options.o
  CC      drivers/dma-buf/udmabuf.o
  CC      net/netfilter/xt_CONNSECMARK.o
  CC      drivers/gpu/drm/drm_probe_helper.o
  CC      drivers/base/module.o
  CC      net/ipv4/ip_output.o
  CC      drivers/base/auxiliary_sysfs.o
  AR      drivers/dma-buf/built-in.a
  CC      drivers/base/hypervisor.o
  CC      drivers/gpu/drm/drm_self_refresh_helper.o
  CC      drivers/gpu/drm/drm_simple_kms_helper.o
  CC      net/netfilter/xt_CT.o
  CC      drivers/base/regmap/regmap.o
  CC      drivers/base/soc.o
  CC      drivers/gpu/drm/bridge/panel.o
  CC      net/ipv4/ip_sockglue.o
  CC      drivers/gpu/drm/drm_mipi_dsi.o
  CC      drivers/base/pinctrl.o
  CC      net/netfilter/xt_DSCP.o
  CC      drivers/gpu/drm/ttm/ttm_tt.o
  CC      drivers/base/devcoredump.o
  CC      drivers/gpu/drm/bridge/aux-bridge.o
  CC      drivers/base/regmap/regcache.o
  CC      drivers/base/platform-msi.o
  CC      net/ipv4/inet_hashtables.o
  CC      net/netfilter/xt_LOG.o
  CC      drivers/gpu/drm/ttm/ttm_bo.o
  AR      drivers/gpu/drm/bridge/built-in.a
  CC      net/netfilter/xt_NETMAP.o
  CC      drivers/base/regmap/regcache-rbtree.o
  CC      drivers/base/arch_topology.o
  CC      drivers/base/regmap/regcache-flat.o
  CC      drivers/gpu/drm/ttm/ttm_bo_util.o
  CC      drivers/gpu/drm/ttm/ttm_bo_vm.o
  CC      net/ipv4/inet_timewait_sock.o
  CC      net/netfilter/xt_NFLOG.o
  CC      drivers/base/regmap/regcache-maple.o
  CC      drivers/base/trace.o
  CC      drivers/gpu/drm/ttm/ttm_module.o
  CC      drivers/gpu/drm/ttm/ttm_execbuf_util.o
  CC      drivers/base/regmap/regmap-debugfs.o
  CC      net/netfilter/xt_NFQUEUE.o
  CC      drivers/gpu/drm/ttm/ttm_range_manager.o
  CC      drivers/gpu/drm/ttm/ttm_resource.o
  CC      net/ipv4/inet_connection_sock.o
  CC      drivers/gpu/drm/ttm/ttm_pool.o
  CC      drivers/base/regmap/regmap-i2c.o
  CC      net/netfilter/xt_REDIRECT.o
  CC      net/netfilter/xt_MASQUERADE.o
  CC      net/netfilter/xt_SECMARK.o
  CC      drivers/base/regmap/regmap-spi.o
  CC      drivers/gpu/drm/ttm/ttm_device.o
  CC      net/ipv4/tcp.o
  CC      net/netfilter/xt_TPROXY.o
  CC      net/netfilter/xt_TCPMSS.o
  CC      net/netfilter/xt_TEE.o
  CC      drivers/base/regmap/regmap-spmi.o
  CC      drivers/gpu/drm/ttm/ttm_sys_manager.o
  CC      drivers/base/regmap/regmap-mmio.o
  CC      drivers/gpu/drm/ttm/ttm_backup.o
  CC      net/netfilter/xt_TRACE.o
  CC      net/netfilter/xt_IDLETIMER.o
  CC      net/netfilter/xt_bpf.o
  CC      drivers/base/regmap/regmap-irq.o
  AR      drivers/gpu/drm/ttm/built-in.a
  AR      drivers/gpu/drm/built-in.a
  CC      net/netfilter/xt_comment.o
  CC      drivers/gpu/trace/trace_gpu_mem.o
  CC      net/ipv4/tcp_input.o
  CC [M]  drivers/base/regmap/regmap-kunit.o
  CC      net/netfilter/xt_connbytes.o
  CC      net/netfilter/xt_connlimit.o
  CC      net/netfilter/xt_conntrack.o
  AR      drivers/gpu/trace/built-in.a
  AR      drivers/gpu/built-in.a
  CC      drivers/scsi/scsi.o
  CC      net/netfilter/xt_dscp.o
  CC      net/netfilter/xt_ecn.o
  CC [M]  drivers/base/regmap/regmap-ram.o
  CC      net/netfilter/xt_esp.o
  CC      drivers/scsi/hosts.o
  CC [M]  drivers/base/regmap/regmap-raw-ram.o
  CC      net/netfilter/xt_hashlimit.o
  CC      net/netfilter/xt_helper.o
  AR      drivers/base/regmap/built-in.a
  CC      net/ipv4/tcp_output.o
  AR      drivers/base/built-in.a
  CC      drivers/nvme/host/core.o
  CC      drivers/scsi/scsi_ioctl.o
  CC      net/netfilter/xt_hl.o
  CC      net/netfilter/xt_iprange.o
  CC      net/netfilter/xt_l2tp.o
  CC      drivers/scsi/scsicam.o
  CC      net/netfilter/xt_length.o
  CC      net/netfilter/xt_limit.o
  CC      drivers/scsi/scsi_error.o
  CC      net/ipv4/tcp_timer.o
  CC      drivers/nvme/host/ioctl.o
  CC      net/ipv4/tcp_ipv4.o
  CC      net/netfilter/xt_mac.o
  CC      net/netfilter/xt_multiport.o
  CC      drivers/scsi/scsi_lib.o
  CC      drivers/nvme/host/sysfs.o
  CC      drivers/nvme/host/pr.o
  CC      net/netfilter/xt_owner.o
  CC      net/netfilter/xt_pkttype.o
  CC      net/ipv4/tcp_minisocks.o
  CC      net/netfilter/xt_policy.o
  CC      drivers/scsi/scsi_lib_dma.o
  CC      drivers/nvme/host/trace.o
  CC      drivers/nvme/host/multipath.o
  CC      drivers/scsi/scsi_scan.o
  CC      drivers/nvme/host/zns.o
  CC      drivers/scsi/scsi_sysfs.o
  CC      net/netfilter/xt_quota.o
  CC      net/ipv4/tcp_cong.o
  CC      drivers/nvme/host/pci.o
  CC      drivers/scsi/scsi_devinfo.o
  CC      drivers/scsi/scsi_sysctl.o
  CC      net/netfilter/xt_quota2.o
  CC      drivers/scsi/scsi_debugfs.o
  CC      net/ipv4/tcp_metrics.o
  CC      drivers/scsi/scsi_trace.o
  CC      drivers/scsi/scsi_logging.o
  CC      drivers/scsi/scsi_pm.o
  AR      drivers/nvme/host/built-in.a
  AR      drivers/nvme/built-in.a
  CC      drivers/spi/spi.o
  CC      net/netfilter/xt_socket.o
  CC      drivers/spi/spi-mem.o
  CC      drivers/scsi/scsi_bsg.o
  CC      drivers/scsi/scsi_common.o
  CC      net/ipv4/tcp_fastopen.o
  CC      drivers/scsi/sd.o
  CC      drivers/scsi/sd_zbc.o
  CC      net/netfilter/xt_state.o
  CC      net/netfilter/xt_statistic.o
  AR      drivers/spi/built-in.a
  CC      drivers/spmi/spmi.o
  CC      net/ipv4/tcp_rate.o
  CC      drivers/spmi/spmi-devres.o
  CC      net/netfilter/xt_string.o
  CC      net/netfilter/xt_time.o
  AR      drivers/scsi/built-in.a
  CC      drivers/net/dummy.o
  CC      drivers/spmi/spmi-pmic-arb.o
  CC      net/netfilter/xt_u32.o
  CC      drivers/net/wireguard/main.o
  CC      drivers/net/ifb.o
  CC      net/ipv4/tcp_recovery.o
  CC      drivers/net/loopback.o
  AR      drivers/spmi/built-in.a
  CC      drivers/uio/uio.o
  AR      net/netfilter/built-in.a
  CC      drivers/vfio/vfio_main.o
  CC      drivers/net/wireguard/noise.o
  CC      drivers/vfio/group.o
  AR      drivers/uio/built-in.a
  CC      net/ipv4/tcp_ulp.o
  CC      drivers/usb/common/common.o
  CC      drivers/net/phy/stubs.o
  CC      drivers/usb/core/usb.o
  CC      drivers/vfio/container.o
  CC      drivers/usb/common/debug.o
  CC      drivers/net/phy/mdio_bus.o
  AR      drivers/usb/common/built-in.a
  CC      drivers/net/wireguard/device.o
  CC      drivers/net/wireguard/peer.o
  CC      net/ipv4/tcp_offload.o
  CC      drivers/vfio/virqfd.o
  CC      drivers/usb/core/hub.o
  CC      drivers/net/phy/mdio_device.o
  CC      drivers/vfio/vfio_iommu_type1.o
  CC      drivers/net/wireguard/timers.o
  CC      drivers/usb/core/hcd.o
  CC      net/ipv4/tcp_plb.o
  CC      drivers/net/phy/phylink.o
  CC      drivers/net/wireguard/queueing.o
  CC      drivers/net/phy/phy.o
  CC      drivers/usb/core/urb.o
  CC      net/ipv4/datagram.o
  CC      drivers/vfio/platform/vfio_platform_common.o
  CC      drivers/usb/core/message.o
  CC      drivers/net/wireguard/send.o
  CC      drivers/net/wireguard/receive.o
  CC      drivers/net/phy/phy-c45.o
  CC      net/ipv4/raw.o
  CC      drivers/vfio/platform/vfio_platform_irq.o
  CC      drivers/usb/core/driver.o
  CC      drivers/vfio/platform/vfio_platform.o
  CC      drivers/net/wireguard/socket.o
  CC      drivers/net/phy/phy-core.o
  CC      drivers/net/wireguard/peerlookup.o
  CC      net/ipv4/udp.o
  AR      drivers/vfio/platform/built-in.a
  CC      drivers/vfio/vfio_pkvm_iommu.o
  CC      drivers/usb/core/config.o
  CC      drivers/net/phy/phy_device.o
  CC      net/ipv4/udplite.o
  AR      drivers/vfio/built-in.a
  CC      drivers/input/serio/serio.o
  CC      drivers/net/wireguard/allowedips.o
  CC      drivers/usb/core/file.o
  CC      drivers/input/serio/serport.o
  CC      net/ipv4/udp_offload.o
  CC      drivers/usb/core/buffer.o
  CC      drivers/net/wireguard/ratelimiter.o
  CC      drivers/net/phy/linkmode.o
  CC      net/ipv4/arp.o
  CC      drivers/input/serio/libps2.o
  CC      drivers/usb/core/sysfs.o
  CC      drivers/net/phy/phy_link_topology.o
  CC      drivers/usb/core/endpoint.o
  CC      drivers/net/wireguard/cookie.o
  AR      drivers/input/serio/built-in.a
  CC      drivers/usb/core/devio.o
  CC      drivers/usb/core/notify.o
  CC      drivers/usb/core/generic.o
  CC      net/ipv4/icmp.o
  CC      drivers/net/phy/phy_caps.o
  CC      drivers/net/wireguard/netlink.o
  CC      drivers/input/input.o
  CC      drivers/usb/core/quirks.o
  CC      drivers/net/phy/mdio_bus_provider.o
  CC      drivers/usb/core/devices.o
  CC      drivers/input/input-compat.o
  CC      drivers/usb/core/phy.o
  CC      net/ipv4/devinet.o
  AR      drivers/net/wireguard/built-in.a
  CC      drivers/net/mdio/fwnode_mdio.o
  CC      drivers/input/input-mt.o
  CC      drivers/net/phy/swphy.o
  CC      drivers/usb/core/port.o
  CC      drivers/usb/core/of.o
  CC      drivers/input/input-poller.o
  CC      drivers/net/mdio/of_mdio.o
  CC      drivers/net/phy/phy_led_triggers.o
  CC      drivers/input/ff-core.o
  CC      net/ipv4/af_inet.o
  CC      drivers/input/touchscreen.o
  CC      drivers/usb/core/offload.o
  CC      drivers/input/touch-overlay.o
  AR      drivers/net/mdio/built-in.a
  CC      net/ipv4/igmp.o
  CC      drivers/input/ff-memless.o
  CC      drivers/net/phy/mdio_devres.o
  CC      drivers/usb/core/hcd-pci.o
  CC      drivers/input/vivaldi-fmap.o
  CC      drivers/input/input-leds.o
  CC      drivers/input/evdev.o
  CC      net/ipv4/fib_frontend.o
  AR      drivers/usb/core/built-in.a
  CC      drivers/usb/phy/phy.o
  CC      drivers/net/phy/phy_package.o
  CC      drivers/usb/dwc3/core.o
  CC      drivers/usb/dwc3/trace.o
  CC      drivers/usb/phy/of.o
  CC      drivers/input/keyboard/atkbd.o
  CC      drivers/net/phy/ax88796b.o
  CC      net/ipv4/fib_semantics.o
  CC      drivers/net/phy/fixed_phy.o
  AR      drivers/usb/phy/built-in.a
  CC      drivers/usb/host/pci-quirks.o
  CC      drivers/input/keyboard/gpio_keys.o
  CC      drivers/usb/dwc3/host.o
  CC      drivers/usb/host/ehci-hcd.o
  CC      drivers/usb/dwc3/gadget.o
  AR      drivers/input/keyboard/built-in.a
  CC      drivers/input/joystick/xpad.o
  AR      drivers/net/phy/built-in.a
  CC      drivers/net/tun.o
  CC      drivers/net/veth.o
  CC      net/ipv4/fib_trie.o
  AR      drivers/input/joystick/built-in.a
  CC      drivers/input/misc/uinput.o
  CC      drivers/usb/host/ehci-pci.o
  CC [M]  drivers/input/tests/input_test.o
  CC      drivers/usb/dwc3/ep0.o
  AR      drivers/input/misc/built-in.a
  AR      drivers/input/built-in.a
  CC      drivers/usb/dwc3/drd.o
  CC      net/ipv4/fib_notifier.o
  CC      drivers/rtc/lib.o
  CC      drivers/usb/host/ehci-platform.o
  CC [M]  drivers/net/macsec.o
  CC      drivers/usb/host/xhci.o
  CC      drivers/usb/dwc3/debugfs.o
  CC      drivers/rtc/class.o
  CC      net/ipv4/inet_fragment.o
  CC      drivers/usb/host/xhci-mem.o
  CC      drivers/rtc/interface.o
  CC      drivers/usb/dwc3/dwc3-am62.o
  CC      drivers/usb/host/xhci-ext-caps.o
  CC      net/ipv4/ping.o
  CC [M]  drivers/net/mii.o
  CC      drivers/usb/host/xhci-ring.o
  CC      drivers/usb/dwc3/dwc3-omap.o
  CC      drivers/rtc/nvmem.o
  CC      drivers/usb/host/xhci-hub.o
  CC      drivers/rtc/dev.o
  CC      drivers/usb/dwc3/dwc3-exynos.o
  CC [M]  drivers/net/can/vcan.o
  CC      net/ipv4/ip_tunnel_core.o
  CC      net/ipv4/gre_offload.o
  CC      drivers/rtc/proc.o
  CC      drivers/usb/host/xhci-dbg.o
  CC      drivers/usb/dwc3/dwc3-haps.o
  CC [M]  drivers/net/can/dev/skb.o
  CC      drivers/usb/host/xhci-trace.o
  CC      drivers/rtc/sysfs.o
  CC      drivers/usb/dwc3/dwc3-keystone.o
  CC      drivers/rtc/rtc-pl030.o
  CC      net/ipv4/metrics.o
  CC      drivers/rtc/rtc-pl031.o
  CC [M]  drivers/net/can/dev/calc_bittiming.o
  CC      drivers/usb/dwc3/dwc3-meson-g12a.o
  CC [M]  drivers/rtc/test_rtc_lib.o
  CC      drivers/usb/host/xhci-dbgcap.o
  CC      drivers/usb/host/xhci-dbgtty.o
  CC      net/ipv4/netlink.o
  AR      drivers/rtc/built-in.a
  CC      drivers/i2c/i2c-boardinfo.o
  CC [M]  drivers/net/can/dev/bittiming.o
  CC      drivers/usb/dwc3/dwc3-of-simple.o
  CC      drivers/i2c/i2c-core-base.o
  CC      drivers/usb/host/xhci-debugfs.o
  CC      drivers/usb/dwc3/dwc3-st.o
  CC      drivers/usb/dwc3/dwc3-qcom.o
  CC      net/ipv4/nexthop.o
  CC [M]  drivers/net/can/dev/dev.o
  CC      drivers/usb/host/xhci-sideband.o
  CC      drivers/usb/dwc3/dwc3-qcom-legacy.o
  CC      drivers/i2c/i2c-core-smbus.o
  CC [M]  drivers/net/ppp/ppp_generic.o
  CC [M]  drivers/net/can/dev/length.o
  CC      drivers/usb/host/xhci-pci.o
  CC      drivers/usb/dwc3/dwc3-imx8mp.o
  CC      net/ipv4/udp_tunnel_stub.o
  CC      drivers/i2c/i2c-core-of.o
  CC [M]  drivers/net/can/dev/netlink.o
  CC      drivers/usb/host/xhci-plat.o
  CC [M]  drivers/net/ppp/bsd_comp.o
  CC      drivers/usb/dwc3/dwc3-xilinx.o
  CC      net/ipv4/ip_tunnel.o
  CC      drivers/i2c/i2c-core-of-prober.o
  CC [M]  drivers/net/ppp/ppp_deflate.o
  CC [M]  drivers/net/can/dev/rx-offload.o
  AR      drivers/usb/host/built-in.a
  CC [M]  drivers/net/ppp/ppp_mppe.o
  CC      drivers/usb/dwc3/dwc3-octeon.o
  AR      drivers/i2c/built-in.a
  CC      drivers/i3c/device.o
  CC      drivers/usb/dwc3/dwc3-generic-plat.o
  CC [M]  drivers/net/ppp/pppox.o
  CC [M]  drivers/net/ppp/pptp.o
  LD [M]  drivers/net/can/dev/can-dev.o
  CC [M]  drivers/net/can/slcan/slcan-core.o
  CC      net/ipv4/sysctl_net_ipv4.o
  CC      drivers/i3c/master.o
  AR      drivers/usb/dwc3/built-in.a
  CC      drivers/usb/storage/uas.o
  CC [M]  drivers/net/can/slcan/slcan-ethtool.o
  CC [M]  drivers/net/slip/slhc.o
  CC [M]  drivers/net/wwan/wwan_core.o
  CC      net/ipv4/proc.o
  CC      drivers/usb/storage/scsiglue.o
  AR      drivers/i3c/built-in.a
  CC      drivers/media/i2c/ir-kbd-i2c.o
  LD [M]  drivers/net/can/slcan/slcan.o
  CC [M]  drivers/net/usb/rtl8150.o
  LD [M]  drivers/net/wwan/wwan.o
  AR      drivers/net/built-in.a
  CC      drivers/usb/storage/protocol.o
  CC      drivers/media/mc/mc-device.o
  CC      drivers/usb/storage/transport.o
  CC      net/ipv4/fib_rules.o
  AR      drivers/media/i2c/built-in.a
  CC      drivers/usb/storage/usb.o
  CC      drivers/usb/storage/initializers.o
  CC [M]  drivers/net/usb/r8152.o
  CC      net/ipv4/ipmr_base.o
  CC      drivers/media/mc/mc-devnode.o
  CC      drivers/media/mc/mc-entity.o
  CC      drivers/usb/storage/sierra_ms.o
  CC      net/ipv4/ipip.o
  CC      drivers/media/mc/mc-request.o
  CC      net/ipv4/gre_demux.o
  CC      drivers/media/mc/mc-dev-allocator.o
  CC      drivers/usb/storage/option_ms.o
  CC      drivers/usb/storage/usual-tables.o
  CC      net/ipv4/ip_gre.o
  AR      drivers/media/mc/built-in.a
  CC      drivers/media/v4l2-core/v4l2-async.o
  CC      drivers/media/rc/rc-main.o
  CC [M]  drivers/ptp/ptp_clock.o
  AR      drivers/usb/storage/built-in.a
  CC      drivers/usb/gadget/usbstring.o
  CC      drivers/media/rc/rc-ir-raw.o
  CC      drivers/usb/gadget/config.o
  CC      net/ipv4/udp_tunnel_core.o
  CC [M]  drivers/ptp/ptp_chardev.o
  CC      drivers/media/v4l2-core/v4l2-fwnode.o
  CC [M]  drivers/net/usb/asix_devices.o
  CC      drivers/media/rc/lirc_dev.o
  CC      drivers/usb/gadget/epautoconf.o
  CC      net/ipv4/udp_tunnel_nic.o
  CC [M]  drivers/ptp/ptp_sysfs.o
  CC      drivers/media/v4l2-core/v4l2-mem2mem.o
  CC      drivers/media/rc/keymaps/rc-cec.o
  CC      drivers/usb/gadget/composite.o
  CC [M]  drivers/net/usb/asix_common.o
  CC      drivers/media/rc/bpf-lirc.o
  CC [M]  drivers/ptp/ptp_vclock.o
  CC      drivers/media/v4l2-core/v4l2-dv-timings.o
  CC      net/ipv4/ip_vti.o
  CC      drivers/usb/gadget/functions.o
  CC [M]  drivers/net/usb/ax88172a.o
  LD [M]  drivers/ptp/ptp.o
  CC      drivers/usb/gadget/configfs.o
  AR      drivers/media/rc/built-in.a
  CC      drivers/media/v4l2-core/v4l2-dev.o
  CC      net/xfrm/xfrm_policy.o
  CC      drivers/usb/gadget/u_f.o
  CC      net/ipv4/esp4.o
  CC [M]  drivers/net/usb/ax88179_178a.o
  CC      drivers/usb/gadget/android_configfs_uevent.o
  CC      drivers/usb/gadget/udc/core.o
  CC      drivers/media/v4l2-core/v4l2-ioctl.o
  CC      drivers/usb/gadget/udc/trace.o
  CC      drivers/usb/gadget/function/f_acm.o
  CC      net/ipv4/tunnel4.o
  CC [M]  drivers/net/usb/cdc_ether.o
  AR      drivers/usb/gadget/udc/built-in.a
  CC      drivers/usb/gadget/function/u_serial.o
  CC      net/xfrm/xfrm_state.o
  CC      drivers/media/v4l2-core/v4l2-device.o
  CC      net/xfrm/xfrm_hash.o
  CC      net/ipv4/netfilter.o
  CC [M]  drivers/net/usb/cdc_eem.o
  CC      drivers/usb/gadget/function/f_serial.o
  CC      net/xfrm/xfrm_input.o
  CC      drivers/media/v4l2-core/v4l2-fh.o
  CC      drivers/usb/gadget/function/u_ether.o
  CC [M]  drivers/net/usb/usbnet.o
  CC      net/ipv4/netfilter/nf_defrag_ipv4.o
  CC      drivers/media/v4l2-core/v4l2-event.o
  CC      net/ipv4/netfilter/nf_socket_ipv4.o
  CC      net/xfrm/xfrm_output.o
  CC      drivers/usb/gadget/function/f_ncm.o
  CC      drivers/media/v4l2-core/v4l2-subdev.o
  CC      net/ipv4/netfilter/nf_tproxy_ipv4.o
  CC [M]  drivers/net/usb/cdc_ncm.o
  CC      net/ipv4/netfilter/nf_reject_ipv4.o
  CC      net/xfrm/xfrm_sysctl.o
  CC      drivers/usb/gadget/function/f_ecm.o
  CC      drivers/media/v4l2-core/v4l2-common.o
  CC      drivers/usb/gadget/function/f_eem.o
  CC [M]  drivers/net/usb/aqc111.o
  CC      net/ipv4/netfilter/nf_nat_h323.o
  CC      net/xfrm/xfrm_replay.o
  CC      net/ipv4/netfilter/nf_nat_pptp.o
  CC      drivers/usb/gadget/function/f_mass_storage.o
  CC      drivers/media/v4l2-core/v4l2-ctrls-core.o
  CC [M]  drivers/net/usb/r8153_ecm.o
  CC      net/xfrm/xfrm_device.o
  CC      net/ipv4/inet_diag.o
  CC      net/ipv4/netfilter/ip_tables.o
  CC      drivers/usb/gadget/function/storage_common.o
  CC      drivers/media/v4l2-core/v4l2-ctrls-api.o
  LD [M]  drivers/net/usb/asix.o
  CC      drivers/power/reset/hisi-reboot.o
  CC      net/xfrm/xfrm_nat_keepalive.o
  CC      drivers/power/reset/syscon-reboot.o
  CC      drivers/usb/gadget/function/f_fs.o
  CC      drivers/usb/gadget/function/u_audio.o
  CC      net/ipv4/netfilter/iptable_filter.o
  CC      drivers/media/v4l2-core/v4l2-ctrls-request.o
  AR      drivers/power/reset/built-in.a
  CC      drivers/power/supply/power_supply_core.o
  CC      net/xfrm/xfrm_proc.o
  CC      drivers/media/v4l2-core/v4l2-ctrls-defs.o
  CC      net/ipv4/netfilter/iptable_mangle.o
  CC      drivers/usb/gadget/function/f_uac2.o
  CC      drivers/media/v4l2-core/v4l2-compat-ioctl32.o
  CC      drivers/power/supply/power_supply_sysfs.o
  CC      drivers/media/v4l2-core/v4l2-mc.o
  CC      net/xfrm/xfrm_algo.o
  CC      net/ipv4/netfilter/iptable_nat.o
  CC      drivers/usb/gadget/function/f_uvc.o
  CC      drivers/power/supply/power_supply_leds.o
  CC      drivers/media/v4l2-core/v4l2-spi.o
  CC      drivers/media/v4l2-core/v4l2-trace.o
  AR      drivers/power/supply/built-in.a
  CC [M]  drivers/power/sequencing/core.o
  CC      net/xfrm/xfrm_user.o
  CC      net/ipv4/netfilter/iptable_raw.o
  CC      drivers/usb/gadget/function/uvc_queue.o
  CC      drivers/media/v4l2-core/v4l2-i2c.o
  LD [M]  drivers/power/sequencing/pwrseq-core.o
  AR      drivers/power/built-in.a
  CC      drivers/usb/gadget/function/uvc_v4l2.o
  CC      drivers/thermal/thermal_core.o
  CC      drivers/usb/gadget/function/uvc_video.o
  CC      net/ipv4/netfilter/iptable_security.o
  AR      drivers/media/v4l2-core/built-in.a
  CC      drivers/media/cec/core/cec-core.o
  CC      drivers/usb/gadget/function/uvc_configfs.o
  CC      net/xfrm/xfrm_ipcomp.o
  CC      drivers/usb/gadget/function/uvc_trace.o
  CC      drivers/thermal/thermal_sysfs.o
  CC      drivers/media/cec/core/cec-adap.o
  CC      net/ipv4/netfilter/ipt_rpfilter.o
  CC      drivers/thermal/thermal_trip.o
  CC      net/ipv4/netfilter/ipt_REJECT.o
  CC      net/xfrm/xfrm_interface_core.o
  CC      drivers/usb/gadget/function/f_midi.o
  CC      net/ipv4/netfilter/arp_tables.o
  CC      drivers/thermal/thermal_helpers.o
  CC      drivers/media/cec/core/cec-api.o
  CC      net/ipv4/netfilter/arpt_mangle.o
  CC      drivers/thermal/thermal_thresholds.o
  CC      drivers/usb/gadget/function/f_hid.o
  CC      drivers/media/cec/core/cec-notifier.o
  AR      net/xfrm/built-in.a
  CC      net/unix/af_unix.o
  CC      drivers/thermal/thermal_netlink.o
  CC      net/unix/garbage.o
  CC      net/ipv4/netfilter/arptable_filter.o
  CC      drivers/usb/gadget/function/android_f_accessory.o
  CC      drivers/media/cec/core/cec-pin.o
  CC      drivers/thermal/thermal_of.o
  CC      drivers/thermal/gov_bang_bang.o
  CC      net/ipv4/netfilter/nf_dup_ipv4.o
  AR      drivers/media/cec/core/built-in.a
  AR      drivers/media/cec/built-in.a
  CC      drivers/media/common/videobuf2/videobuf2-core.o
  AR      drivers/usb/gadget/function/built-in.a
  AR      drivers/usb/gadget/built-in.a
  CC      drivers/usb/typec/class.o
  CC      drivers/thermal/gov_step_wise.o
  CC      net/unix/sysctl_net_unix.o
  CC      drivers/usb/typec/mux.o
  AR      net/ipv4/netfilter/built-in.a
  CC      net/ipv4/tcp_diag.o
  CC      drivers/thermal/gov_user_space.o
  CC      drivers/thermal/gov_power_allocator.o
  CC      drivers/usb/typec/bus.o
  CC      net/unix/unix_bpf.o
  CC      drivers/thermal/cpufreq_cooling.o
  CC      drivers/media/common/videobuf2/frame_vector.o
  CC      drivers/usb/typec/pd.o
  CC      drivers/thermal/cpuidle_cooling.o
  CC      net/ipv4/udp_diag.o
  CC      drivers/thermal/devfreq_cooling.o
  CC      drivers/media/common/videobuf2/vb2-trace.o
  CC      drivers/usb/typec/retimer.o
  AR      net/unix/built-in.a
  CC      net/ipv4/tcp_bbr.o
  CC      drivers/thermal/qcom/qcom-spmi-adc-tm5.o
  CC      drivers/media/common/videobuf2/videobuf2-dma-contig.o
  CC      drivers/usb/typec/mode_selection.o
  CC      drivers/usb/typec/altmodes/displayport.o
  CC      net/ipv4/tcp_cubic.o
  AR      drivers/thermal/qcom/built-in.a
  CC      drivers/thermal/hisi_thermal.o
  CC      drivers/usb/typec/tcpm/tcpm.o
  CC      drivers/media/common/videobuf2/videobuf2-dma-sg.o
  CC      drivers/usb/typec/tcpm/tcpci.o
  CC      drivers/usb/typec/altmodes/thunderbolt.o
  AR      drivers/thermal/built-in.a
  CC      net/ipv4/tcp_bpf.o
  CC      net/ipv6/af_inet6.o
  CC      drivers/media/common/videobuf2/videobuf2-memops.o
  AR      drivers/usb/typec/altmodes/built-in.a
  CC      net/ipv6/anycast.o
  CC      net/ipv6/ip6_output.o
  CC      drivers/media/common/videobuf2/videobuf2-v4l2.o
  AR      drivers/usb/typec/tcpm/built-in.a
  CC      drivers/usb/typec/ucsi/ucsi.o
  CC      net/ipv4/udp_bpf.o
  CC      drivers/media/common/videobuf2/videobuf2-vmalloc.o
  CC      drivers/usb/typec/ucsi/debugfs.o
  CC      drivers/usb/typec/ucsi/trace.o
  CC      net/ipv6/ip6_input.o
  AR      drivers/media/common/videobuf2/built-in.a
  CC      drivers/media/common/uvc.o
  CC      net/ipv6/addrconf.o
  CC      net/ipv6/addrlabel.o
  CC      net/ipv4/xfrm4_policy.o
  AR      drivers/media/common/built-in.a
  CC      drivers/usb/typec/ucsi/psy.o
  CC      drivers/media/usb/gspca/gspca.o
  CC      net/ipv6/route.o
  CC      drivers/usb/typec/ucsi/displayport.o
  CC      net/ipv6/ip6_fib.o
  CC      net/ipv4/xfrm4_state.o
  CC      drivers/usb/typec/ucsi/thunderbolt.o
  CC      drivers/media/usb/gspca/autogain_functions.o
  AR      drivers/usb/typec/ucsi/built-in.a
  AR      drivers/usb/typec/built-in.a
  CC      drivers/usb/roles/class.o
  CC      net/ipv4/xfrm4_input.o
  AR      drivers/media/usb/gspca/built-in.a
  CC      net/ipv6/ipv6_sockglue.o
  CC      drivers/media/usb/uvc/uvc_driver.o
  CC      net/ipv6/ndisc.o
  AR      drivers/usb/roles/built-in.a
  CC [M]  drivers/usb/mon/mon_main.o
  CC [M]  drivers/usb/mon/mon_stat.o
  CC      net/ipv6/udp.o
  CC      net/ipv4/xfrm4_output.o
  CC      drivers/media/usb/uvc/uvc_queue.o
  CC      net/ipv4/xfrm4_protocol.o
  CC [M]  drivers/usb/mon/mon_text.o
  CC      net/ipv6/udplite.o
  CC      net/ipv4/bpf_tcp_ca.o
  CC [M]  drivers/usb/mon/mon_bin.o
  CC      drivers/media/usb/uvc/uvc_v4l2.o
  CC      drivers/media/usb/uvc/uvc_video.o
  CC      net/ipv6/raw.o
  CC      net/ipv6/icmp.o
  AR      net/ipv4/built-in.a
  LD [M]  drivers/usb/mon/usbmon.o
  CC      net/packet/af_packet.o
  CC [M]  drivers/usb/class/cdc-acm.o
  CC      drivers/media/usb/uvc/uvc_ctrl.o
  CC      drivers/media/usb/uvc/uvc_status.o
  CC      net/ipv6/mcast.o
  CC      net/ipv6/reassembly.o
  CC [M]  drivers/usb/serial/usb-serial.o
  CC      drivers/media/usb/uvc/uvc_isight.o
  CC      drivers/media/usb/uvc/uvc_debugfs.o
  CC [M]  drivers/usb/serial/generic.o
  CC      net/ipv6/tcp_ipv6.o
  CC      drivers/media/usb/uvc/uvc_metadata.o
  AR      net/packet/built-in.a
  CC      net/key/af_key.o
  CC      net/ipv6/ping.o
  CC [M]  drivers/usb/serial/bus.o
  CC      drivers/media/usb/uvc/uvc_entity.o
  CC      net/ipv6/exthdrs.o
  CC [M]  drivers/usb/serial/ftdi_sio.o
  CC      net/ipv6/datagram.o
  AR      drivers/media/usb/uvc/built-in.a
  CC      net/ipv6/ip6_flowlabel.o
  AR      drivers/media/usb/built-in.a
  AR      drivers/media/built-in.a
  CC      drivers/watchdog/watchdog_core.o
  AR      net/key/built-in.a
  CC      net/bridge/br.o
  LD [M]  drivers/usb/serial/usbserial.o
  AR      drivers/usb/built-in.a
  CC      drivers/watchdog/watchdog_dev.o
  CC      net/ipv6/inet6_connection_sock.o
  CC      net/ipv6/udp_offload.o
  CC      net/ipv6/seg6.o
  AR      drivers/watchdog/built-in.a
  CC      net/ipv6/fib6_notifier.o
  CC      drivers/md/dm-uevent.o
  CC      net/bridge/br_device.o
  CC      drivers/md/dm-zone.o
  CC      net/ipv6/rpl.o
  CC      drivers/md/dm.o
  CC      net/ipv6/ioam6.o
  CC      net/ipv6/sysctl_net_ipv6.o
  CC      net/bridge/br_fdb.o
  CC      drivers/md/dm-table.o
  CC      net/ipv6/ip6mr.o
  CC      net/ipv6/xfrm6_policy.o
  CC      net/ipv6/xfrm6_state.o
  CC      drivers/md/dm-target.o
  CC      drivers/md/dm-linear.o
  CC      net/bridge/br_forward.o
  CC      drivers/md/dm-stripe.o
  CC      drivers/md/dm-ioctl.o
  CC      net/ipv6/xfrm6_input.o
  CC      drivers/md/dm-io.o
  CC      net/ipv6/xfrm6_output.o
  CC      net/bridge/br_if.o
  CC      drivers/md/dm-kcopyd.o
  CC      drivers/md/dm-sysfs.o
  CC      drivers/md/dm-stats.o
  CC      net/ipv6/xfrm6_protocol.o
  CC      net/ipv6/netfilter.o
  CC      net/bridge/br_input.o
  CC      drivers/md/dm-rq.o
  CC      drivers/md/dm-io-rewind.o
  CC      drivers/md/dm-builtin.o
  CC      net/ipv6/fib6_rules.o
  CC      drivers/md/dm-bufio.o
  CC      drivers/md/dm-crypt.o
  CC      net/bridge/br_ioctl.o
  CC      net/ipv6/proc.o
  CC      drivers/md/dm-default-key.o
  CC      net/ipv6/esp6.o
  CC      drivers/md/dm-snap.o
  CC      drivers/md/dm-exception-store.o
  CC      net/bridge/br_stp.o
  CC      net/ipv6/ipcomp6.o
  CC      net/bridge/br_stp_bpdu.o
  CC      net/ipv6/xfrm6_tunnel.o
  CC      drivers/md/dm-snap-transient.o
  CC      drivers/md/dm-snap-persistent.o
  CC      net/bridge/br_stp_if.o
  CC      net/bridge/br_stp_timer.o
  CC      net/bridge/br_netlink.o
  CC      drivers/md/dm-verity-fec.o
  CC      net/ipv6/tunnel6.o
  CC      drivers/md/dm-verity-target.o
  CC      net/bridge/br_netlink_tunnel.o
  CC      net/ipv6/mip6.o
  CC      drivers/md/dm-bow.o
  CC      net/bridge/br_arp_nd_proxy.o
  CC      net/ipv6/netfilter/ip6_tables.o
  CC      drivers/md/dm-user.o
  CC      net/ipv6/netfilter/ip6table_filter.o
  CC      net/ipv6/ip6_vti.o
  CC      net/bridge/br_sysfs_if.o
  CC      net/bridge/br_sysfs_br.o
  AR      drivers/md/built-in.a
  CC      drivers/edac/edac_mc.o
  CC      net/ipv6/netfilter/ip6table_mangle.o
  CC      net/ipv6/netfilter/ip6table_raw.o
  CC      net/devlink/core.o
  CC      net/devlink/netlink.o
  CC      net/bridge/br_multicast.o
  CC      drivers/edac/edac_device.o
  CC      net/ipv6/netfilter/nf_defrag_ipv6_hooks.o
  CC      net/ipv6/netfilter/nf_conntrack_reasm.o
  CC      drivers/edac/edac_mc_sysfs.o
  CC      drivers/edac/edac_module.o
  CC      net/devlink/netlink_gen.o
  CC      drivers/edac/edac_device_sysfs.o
  CC      drivers/edac/wq.o
  CC      net/ipv6/netfilter/nf_socket_ipv6.o
  CC      net/ipv6/netfilter/nf_tproxy_ipv6.o
  CC      net/devlink/dev.o
  CC      net/bridge/br_mdb.o
  CC      net/devlink/port.o
  CC      drivers/edac/edac_pci.o
  CC      net/ipv6/netfilter/nf_reject_ipv6.o
  CC      net/ipv6/netfilter/nf_dup_ipv6.o
  CC      drivers/edac/edac_pci_sysfs.o
  CC      drivers/opp/core.o
  CC      net/bridge/br_multicast_eht.o
  CC      net/devlink/sb.o
  AR      drivers/edac/built-in.a
  CC      drivers/opp/cpu.o
  CC      net/ipv6/netfilter/ip6t_rpfilter.o
  CC      net/ipv6/netfilter/ip6t_REJECT.o
  CC      drivers/opp/of.o
  CC      net/ipv6/sit.o
  AR      net/bridge/built-in.a
  CC      net/8021q/vlan_core.o
  CC      net/devlink/dpipe.o
  CC      net/ipv6/ip6_tunnel.o
  CC      drivers/opp/debugfs.o
  AR      net/ipv6/netfilter/built-in.a
  CC      net/ipv6/ip6_gre.o
  AR      drivers/opp/built-in.a
  CC      drivers/cpufreq/cpufreq.o
  CC [M]  net/8021q/vlan.o
  CC      drivers/cpufreq/freq_table.o
  CC      net/devlink/resource.o
  CC      drivers/cpufreq/cpufreq_stats.o
  CC [M]  net/8021q/vlan_dev.o
  CC      drivers/cpufreq/cpufreq_times.o
  CC      net/ipv6/addrconf_core.o
  CC      drivers/cpufreq/cpufreq_performance.o
  CC      net/devlink/param.o
  CC      drivers/cpufreq/cpufreq_powersave.o
  CC      drivers/cpufreq/cpufreq_conservative.o
  CC      drivers/cpufreq/cpufreq_governor.o
  CC      drivers/cpufreq/cpufreq_governor_attr_set.o
  CC [M]  net/8021q/vlan_netlink.o
  CC      net/ipv6/exthdrs_core.o
  CC      drivers/cpufreq/scmi-cpufreq.o
  CC      drivers/cpufreq/scpi-cpufreq.o
  CC      net/devlink/region.o
  CC [M]  net/8021q/vlanproc.o
  CC      net/devlink/health.o
  AR      net/8021q/built-in.a
  CC      net/devlink/trap.o
  AR      drivers/cpufreq/built-in.a
  CC      net/ipv6/ip6_checksum.o
  CC      drivers/cpuidle/cpuidle.o
  LD [M]  net/8021q/8021q.o
  CC      net/wireless/wext-core.o
  CC      net/devlink/rate.o
  CC      net/devlink/linecard.o
  CC      net/ipv6/ip6_icmp.o
  CC      drivers/cpuidle/driver.o
  CC      drivers/cpuidle/governor.o
  CC      net/wireless/wext-proc.o
  CC      drivers/cpuidle/sysfs.o
  CC      drivers/cpuidle/governors/menu.o
  AR      net/devlink/built-in.a
  CC      drivers/cpuidle/dt_idle_states.o
  CC      net/sysctl_net.o
  CC      net/ipv6/output_core.o
  CC      drivers/cpuidle/governors/teo.o
  CC      net/wireless/wext-priv.o
  CC      drivers/cpuidle/dt_idle_genpd.o
  CC      drivers/cpuidle/cpuidle-psci.o
  AR      drivers/cpuidle/governors/built-in.a
  CC      drivers/cpuidle/cpuidle-psci-domain.o
  CC      net/vmw_vsock/af_vsock.o
  CC      net/xdp/xsk.o
  CC      net/ipv6/protocol.o
  AR      net/wireless/built-in.a
  CC      net/xdp/xdp_umem.o
  CC      net/xdp/xsk_queue.o
  AR      drivers/cpuidle/built-in.a
  CC      drivers/mmc/core/core.o
  CC      net/ipv6/ip6_offload.o
  CC      net/vmw_vsock/af_vsock_tap.o
  CC      net/ipv6/tcpv6_offload.o
  CC      net/xdp/xskmap.o
  CC      net/xdp/xsk_buff_pool.o
  CC      drivers/mmc/core/bus.o
  CC      net/vmw_vsock/vsock_addr.o
  CC      net/ipv6/exthdrs_offload.o
  CC      net/ipv6/inet6_hashtables.o
  CC      net/ipv6/ip6_udp_tunnel.o
  AR      net/xdp/built-in.a
  CC [M]  net/can/af_can.o
  CC      drivers/mmc/core/host.o
  CC      net/vmw_vsock/vsock_bpf.o
  CC      drivers/mmc/core/mmc.o
  CC      drivers/mmc/core/mmc_ops.o
  CC      net/ipv6/mcast_snoop.o
  CC [M]  net/can/proc.o
  CC [M]  net/can/raw.o
  CC      drivers/mmc/core/sd.o
  CC      net/vmw_vsock/diag.o
  CC      drivers/mmc/core/sd_ops.o
  CC [M]  net/can/bcm.o
  AR      net/ipv6/built-in.a
  CC [M]  net/bluetooth/af_bluetooth.o
  CC      net/vmw_vsock/virtio_transport_common.o
  CC      net/vmw_vsock/vsock_loopback.o
  CC      drivers/mmc/core/sdio.o
  CC [M]  net/bluetooth/hci_core.o
  CC [M]  net/can/gw.o
  CC      drivers/ufs/core/ufshcd.o
  CC      drivers/ufs/host/tc-dwc-g210-pltfrm.o
  CC      drivers/mmc/core/sdio_ops.o
  CC [M]  net/vmw_vsock/virtio_transport.o
  LD [M]  net/can/can.o
  LD [M]  net/can/can-raw.o
  LD [M]  net/can/can-bcm.o
  LD [M]  net/can/can-gw.o
  CC      drivers/ufs/host/ufshcd-dwc.o
  CC      drivers/mmc/core/sdio_bus.o
  CC [M]  net/l2tp/l2tp_core.o
  AR      net/vmw_vsock/built-in.a
  LD [M]  net/vmw_vsock/vmw_vsock_virtio_transport.o
  CC [M]  net/tipc/addr.o
  CC [M]  net/bluetooth/hci_conn.o
  CC      drivers/ufs/host/tc-dwc-g210.o
  CC      drivers/mmc/core/sdio_cis.o
  CC [M]  net/tipc/bcast.o
  CC      drivers/ufs/host/ufs-qcom.o
  CC      drivers/mmc/core/sdio_io.o
  CC [M]  net/l2tp/l2tp_ppp.o
  CC      drivers/ufs/core/ufs-sysfs.o
  CC [M]  net/bluetooth/hci_event.o
  CC      drivers/mmc/core/sdio_irq.o
  CC      drivers/ufs/host/ufshcd-pci.o
  CC [M]  net/tipc/bearer.o
  CC [M]  net/rfkill/core.o
  CC      drivers/ufs/core/ufs-mcq.o
  CC      drivers/mmc/core/sd_uhs2.o
  CC      drivers/ufs/host/ufshcd-pltfrm.o
  LD [M]  net/rfkill/rfkill.o
  CC      drivers/mmc/core/slot-gpio.o
  CC [M]  net/tipc/core.o
  CC      drivers/ufs/core/ufs-txeq.o
  CC      drivers/mmc/core/regulator.o
  CC      drivers/ufs/host/ufs-hisi.o
  CC      drivers/mmc/core/pwrseq.o
  CC [M]  net/bluetooth/mgmt.o
  CC [M]  net/tipc/link.o
  CC      drivers/ufs/core/ufs-debugfs.o
  CC      drivers/mmc/core/debugfs.o
  CC      drivers/mmc/core/crypto.o
  AR      drivers/ufs/host/built-in.a
  CC      drivers/mmc/core/block.o
  CC      drivers/ufs/core/ufs_bsg.o
  CC      drivers/mmc/core/queue.o
  CC      drivers/ufs/core/ufshcd-crypto.o
  CC [M]  net/tipc/discover.o
  CC [M]  net/tipc/msg.o
  CC [M]  net/tipc/name_distr.o
  AR      drivers/mmc/core/built-in.a
  CC      drivers/mmc/host/sdhci.o
  AR      drivers/ufs/core/built-in.a
  AR      drivers/ufs/built-in.a
  CC [M]  net/tipc/subscr.o
  CC      drivers/firmware/arm_scpi.o
  CC      drivers/clocksource/timer-of.o
  CC [M]  net/tipc/monitor.o
  CC [M]  net/bluetooth/hci_sock.o
  CC      drivers/clocksource/timer-probe.o
  CC      drivers/clocksource/mmio.o
  CC      drivers/firmware/arm_sdei.o
  CC      drivers/clocksource/timer-sun4i.o
  CC      drivers/clocksource/timer-mediatek.o
  CC      drivers/mmc/host/sdhci-pltfm.o
  CC [M]  net/tipc/name_table.o
  CC      drivers/clocksource/arm_arch_timer.o
  CC [M]  net/bluetooth/hci_sysfs.o
  CC      drivers/clocksource/arm_arch_timer_mmio.o
  CC      drivers/firmware/arm_scmi/transports/smc.o
  AR      drivers/mmc/host/built-in.a
  AR      drivers/mmc/built-in.a
  CC      drivers/hid/hid-core.o
  CC      drivers/clocksource/timer-sp804.o
  CC      drivers/clocksource/dummy_timer.o
  CC [M]  net/tipc/net.o
  CC [M]  net/bluetooth/l2cap_core.o
  CC      drivers/firmware/arm_scmi/transports/mailbox.o
  CC [M]  net/bluetooth/l2cap_sock.o
  AR      drivers/clocksource/built-in.a
  CC      drivers/of/base.o
  AR      drivers/firmware/arm_scmi/transports/built-in.a
  CC      drivers/firmware/arm_scmi/bus.o
  CC [M]  net/tipc/netlink.o
  CC      drivers/hid/hid-input.o
  CC      drivers/of/cpu.o
  CC      drivers/firmware/arm_scmi/driver.o
  CC      drivers/of/device.o
  CC [M]  net/tipc/netlink_compat.o
  CC [M]  net/tipc/node.o
  CC      drivers/hid/hid-quirks.o
  CC      drivers/of/module.o
  CC [M]  net/bluetooth/smp.o
  CC      drivers/of/platform.o
  CC      drivers/firmware/arm_scmi/notify.o
  CC      drivers/hid/hid-debug.o
  CC      drivers/hid/hidraw.o
  CC [M]  net/tipc/socket.o
  CC      drivers/firmware/arm_scmi/quirks.o
  CC      drivers/of/property.o
  CC [M]  net/bluetooth/lib.o
  CC      drivers/hid/uhid.o
  CC      drivers/firmware/arm_scmi/base.o
  CC [M]  net/bluetooth/ecdh_helper.o
  CC [M]  net/bluetooth/mgmt_util.o
  CC      drivers/of/kobj.o
  CC      drivers/firmware/arm_scmi/clock.o
  CC      drivers/hid/hid-generic.o
  CC [M]  net/bluetooth/mgmt_config.o
  CC      drivers/of/dynamic.o
  CC      drivers/firmware/arm_scmi/perf.o
  CC [M]  net/tipc/eth_media.o
  CC      drivers/hid/hid-apple.o
  CC      drivers/hid/hid-elecom.o
  CC      drivers/of/fdt.o
  CC [M]  net/bluetooth/hci_codec.o
  CC      drivers/firmware/arm_scmi/power.o
  CC [M]  net/tipc/topsrv.o
  CC [M]  net/tipc/group.o
  CC      drivers/hid/hid-lg.o
  AS      drivers/of/empty_root.dtb.o
  CC      drivers/of/fdt_address.o
  CC      drivers/firmware/arm_scmi/reset.o
  CC [M]  net/bluetooth/eir.o
  CC      drivers/of/address.o
  CC      drivers/firmware/arm_scmi/sensors.o
  CC      drivers/hid/hid-lg-g15.o
  CC      drivers/firmware/arm_scmi/system.o
  CC [M]  net/tipc/trace.o
  CC [M]  net/bluetooth/hci_sync.o
  CC      drivers/firmware/arm_scmi/voltage.o
  CC      drivers/firmware/arm_scmi/powercap.o
  CC      drivers/of/irq.o
  CC      drivers/hid/hid-logitech-dj.o
  CC      drivers/firmware/arm_scmi/pinctrl.o
  CC      drivers/firmware/arm_scmi/shmem.o
  CC [M]  net/tipc/udp_media.o
  CC      drivers/of/of_reserved_mem.o
  CC      drivers/hid/hid-logitech-hidpp.o
  CC [M]  net/tipc/sysctl.o
  AR      drivers/firmware/arm_scmi/built-in.a
  CC      drivers/firmware/efi/efi.o
  CC      drivers/of/resolver.o
  CC      drivers/firmware/efi/vars.o
  CC [M]  net/tipc/crypto.o
  CC      drivers/of/overlay.o
  CC [M]  net/bluetooth/hci_drv.o
  CC      drivers/firmware/efi/reboot.o
  CC      drivers/hid/hid-magicmouse.o
  CC      drivers/firmware/efi/memattr.o
  CC [M]  drivers/of/of_kunit_helpers.o
  CC      drivers/firmware/efi/tpm.o
  CC [M]  net/bluetooth/coredump.o
  CC      drivers/hid/hid-microsoft.o
  AR      drivers/of/built-in.a
  CC      drivers/firmware/efi/memmap.o
  CC      drivers/vhost/vsock.o
  CC [M]  net/tipc/diag.o
  CC      drivers/firmware/efi/fdtparams.o
  CC      drivers/firmware/efi/esrt.o
  CC      drivers/hid/hid-multitouch.o
  CC [M]  net/bluetooth/sco.o
  CC      drivers/firmware/efi/efi-pstore.o
  LD [M]  net/tipc/tipc.o
  LD [M]  net/tipc/tipc_diag.o
  CC [M]  net/9p/mod.o
  CC      drivers/vhost/vhost.o
  CC [M]  net/9p/client.o
  CC      drivers/firmware/efi/runtime-wrappers.o
  CC      drivers/firmware/efi/efi-init.o
  CC      drivers/hid/hid-nintendo.o
  CC [M]  net/bluetooth/iso.o
  CC      drivers/hid/hid-prodikeys.o
  CC      drivers/firmware/efi/arm-runtime.o
  CC [M]  net/9p/error.o
  CC      drivers/vhost/iotlb.o
  CC [M]  net/9p/protocol.o
  CC      drivers/firmware/efi/earlycon.o
  CC [M]  net/9p/trans_common.o
  CC      drivers/hid/hid-picolcd_core.o
  AR      drivers/vhost/built-in.a
  CC [M]  net/bluetooth/hci_debugfs.o
  CC [M]  net/9p/trans_fd.o
  CC [M]  net/bluetooth/rfcomm/core.o
  CC [M]  net/bluetooth/hidp/core.o
  CC      drivers/firmware/efi/libstub/alignedmem.o
  CC      drivers/hid/hid-picolcd_debugfs.o
  CC      drivers/firmware/efi/libstub/arm64-stub.o
  LD [M]  net/9p/9pnet.o
  LD [M]  net/9p/9pnet_fd.o
  CC [M]  net/6lowpan/core.o
  CC      drivers/mailbox/mailbox.o
  CC [M]  net/bluetooth/hidp/sock.o
  CC      drivers/firmware/efi/libstub/arm64.o
  CC      drivers/hid/hid-plantronics.o
  CC      drivers/mailbox/hi3660-mailbox.o
  CC [M]  net/bluetooth/rfcomm/sock.o
  CC [M]  net/6lowpan/iphc.o
  CC      drivers/firmware/efi/libstub/efi-stub-entry.o
  CC      drivers/mailbox/hi6220-mailbox.o
  CC      drivers/hid/hid-playstation.o
  LD [M]  net/bluetooth/hidp/hidp.o
  CC      drivers/firmware/efi/libstub/efi-stub-helper.o
  CC [M]  net/6lowpan/nhc.o
  CC      drivers/mailbox/tegra-hsp.o
  CC [M]  net/bluetooth/rfcomm/tty.o
  LD [M]  net/bluetooth/bluetooth.o
  CC [M]  net/6lowpan/ndisc.o
  CC      drivers/firmware/efi/libstub/efi-stub.o
  CC      drivers/hid/hid-roccat.o
  CC      drivers/mailbox/sun6i-msgbox.o
  CC      drivers/hid/hid-roccat-common.o
  CC      drivers/firmware/efi/libstub/fdt.o
  CC [M]  net/6lowpan/nhc_dest.o
  LD [M]  net/bluetooth/rfcomm/rfcomm.o
  CC      drivers/mailbox/qcom-ipcc.o
  CC      drivers/firmware/efi/libstub/file.o
  CC      drivers/hwspinlock/hwspinlock_core.o
  CC      drivers/firmware/efi/libstub/gop.o
  CC      drivers/hid/hid-roccat-arvo.o
  CC      drivers/hwspinlock/qcom_hwspinlock.o
  AR      drivers/mailbox/built-in.a
  CC      drivers/rpmsg/rpmsg_core.o
  CC      drivers/remoteproc/remoteproc_core.o
  CC      drivers/firmware/efi/libstub/intrinsics.o
  CC [M]  net/6lowpan/nhc_fragment.o
  CC      drivers/hid/hid-roccat-isku.o
  CC      drivers/rpmsg/rpmsg_char.o
  AR      drivers/hwspinlock/built-in.a
  CC      drivers/remoteproc/remoteproc_coredump.o
  CC      drivers/firmware/efi/libstub/kaslr.o
  CC      drivers/remoteproc/remoteproc_debugfs.o
  CC [M]  net/6lowpan/nhc_hop.o
  CC      drivers/hid/hid-roccat-kone.o
  CC      drivers/firmware/efi/libstub/lib-cmdline.o
  CC      drivers/rpmsg/qcom_glink_native.o
  CC      drivers/firmware/efi/libstub/lib-ctype.o
  CC      drivers/firmware/efi/libstub/lib-fdt.o
  CC      drivers/hid/hid-roccat-koneplus.o
  CC      drivers/firmware/efi/libstub/lib-fdt_empty_tree.o
  CC      drivers/firmware/efi/libstub/lib-fdt_ro.o
  CC      drivers/firmware/efi/libstub/lib-fdt_rw.o
  CC      drivers/remoteproc/remoteproc_sysfs.o
  CC      drivers/firmware/efi/libstub/lib-fdt_sw.o
  CC      drivers/firmware/efi/libstub/lib-fdt_wip.o
  CC      drivers/firmware/efi/libstub/mem.o
  CC [M]  net/6lowpan/nhc_ipv6.o
  CC [M]  net/6lowpan/nhc_mobility.o
  CC      drivers/remoteproc/remoteproc_virtio.o
  CC      drivers/firmware/efi/libstub/pci.o
  CC      drivers/hid/hid-roccat-konepure.o
  CC [M]  net/6lowpan/nhc_routing.o
  CC      drivers/rpmsg/qcom_glink_ssr.o
  CC      drivers/firmware/efi/libstub/printk.o
  CC [M]  net/6lowpan/nhc_udp.o
  CC      drivers/remoteproc/remoteproc_elf_loader.o
  CC      drivers/hid/hid-roccat-kovaplus.o
  CC      drivers/rpmsg/qcom_glink_spss.o
  CC      drivers/firmware/efi/libstub/random.o
  CC      drivers/remoteproc/remoteproc_cdev.o
  CC      drivers/firmware/efi/libstub/randomalloc.o
  LD [M]  net/6lowpan/6lowpan.o
  CC      drivers/hid/hid-roccat-lua.o
  AR      drivers/rpmsg/built-in.a
  CC      drivers/firmware/efi/libstub/relocate.o
  CC [M]  net/ieee802154/netlink.o
  CC      drivers/virt/vmgenid.o
  CC      drivers/remoteproc/qcom_common.o
  CC      drivers/firmware/efi/libstub/screen_info.o
  CC      drivers/firmware/efi/libstub/secureboot.o
  CC      drivers/virt/coco/pkvm-guest/arm-pkvm-guest.o
  CC      drivers/hid/hid-roccat-pyra.o
  CC [M]  net/ieee802154/nl-mac.o
  CC      drivers/virt/coco/pkvm-guest/pkvm-device-power.o
  CC      drivers/firmware/efi/libstub/skip_spaces.o
  CC      drivers/firmware/efi/libstub/smbios.o
  CC      drivers/remoteproc/qcom_spss.o
  CC      drivers/firmware/efi/libstub/string.o
  CC      drivers/firmware/efi/libstub/systable.o
  CC      drivers/hid/hid-roccat-ryos.o
  AR      drivers/virt/coco/pkvm-guest/built-in.a
  AR      drivers/virt/coco/built-in.a
  CC      drivers/virt/gunyah/gunyah.o
  CC      drivers/firmware/efi/libstub/tpm.o
  CC [M]  net/ieee802154/nl-phy.o
  AR      drivers/remoteproc/built-in.a
  CC      drivers/firmware/efi/libstub/vsprintf.o
  CC      drivers/devfreq/devfreq.o
  STUBCPY drivers/firmware/efi/libstub/alignedmem.stub.o
  CC      drivers/devfreq/devfreq-event.o
  CC      drivers/hid/hid-roccat-savu.o
  STUBCPY drivers/firmware/efi/libstub/arm64-stub.stub.o
  CC      drivers/virt/gunyah/rsc_mgr.o
  STUBCPY drivers/firmware/efi/libstub/arm64.stub.o
  STUBCPY drivers/firmware/efi/libstub/efi-stub-entry.stub.o
  STUBCPY drivers/firmware/efi/libstub/efi-stub-helper.stub.o
  STUBCPY drivers/firmware/efi/libstub/efi-stub.stub.o
  STUBCPY drivers/firmware/efi/libstub/fdt.stub.o
  STUBCPY drivers/firmware/efi/libstub/file.stub.o
  STUBCPY drivers/firmware/efi/libstub/gop.stub.o
  STUBCPY drivers/firmware/efi/libstub/intrinsics.stub.o
  STUBCPY drivers/firmware/efi/libstub/kaslr.stub.o
  STUBCPY drivers/firmware/efi/libstub/lib-cmdline.stub.o
  CC      drivers/virt/gunyah/rsc_mgr_rpc.o
  STUBCPY drivers/firmware/efi/libstub/lib-ctype.stub.o
  STUBCPY drivers/firmware/efi/libstub/lib-fdt.stub.o
  CC [M]  net/ieee802154/nl_policy.o
  STUBCPY drivers/firmware/efi/libstub/lib-fdt_empty_tree.stub.o
  STUBCPY drivers/firmware/efi/libstub/lib-fdt_ro.stub.o
  STUBCPY drivers/firmware/efi/libstub/lib-fdt_rw.stub.o
  STUBCPY drivers/firmware/efi/libstub/lib-fdt_sw.stub.o
  STUBCPY drivers/firmware/efi/libstub/lib-fdt_wip.stub.o
  CC      drivers/devfreq/governor_simpleondemand.o
  STUBCPY drivers/firmware/efi/libstub/mem.stub.o
  CC      drivers/hid/hid-sony.o
  STUBCPY drivers/firmware/efi/libstub/pci.stub.o
  CC      drivers/virt/gunyah/vm_mgr.o
  STUBCPY drivers/firmware/efi/libstub/printk.stub.o
  STUBCPY drivers/firmware/efi/libstub/random.stub.o
  STUBCPY drivers/firmware/efi/libstub/randomalloc.stub.o
  STUBCPY drivers/firmware/efi/libstub/relocate.stub.o
  STUBCPY drivers/firmware/efi/libstub/screen_info.stub.o
  CC      drivers/virt/gunyah/vm_mgr_mem.o
  STUBCPY drivers/firmware/efi/libstub/secureboot.stub.o
  STUBCPY drivers/firmware/efi/libstub/skip_spaces.stub.o
  STUBCPY drivers/firmware/efi/libstub/smbios.stub.o
  STUBCPY drivers/firmware/efi/libstub/string.stub.o
  STUBCPY drivers/firmware/efi/libstub/systable.stub.o
  STUBCPY drivers/firmware/efi/libstub/tpm.stub.o
  CC      drivers/devfreq/governor_performance.o
  STUBCPY drivers/firmware/efi/libstub/vsprintf.stub.o
  AR      drivers/firmware/efi/libstub/lib.a
  AR      drivers/firmware/efi/built-in.a
  CC [M]  net/ieee802154/core.o
  CC      drivers/firmware/psci/psci.o
  CC      drivers/virt/gunyah/vm_mgr_cma_mem.o
  CC      drivers/devfreq/governor_powersave.o
  CC      drivers/firmware/qcom/qcom_scm.o
  CC      drivers/hid/hid-steam.o
  AR      drivers/firmware/psci/built-in.a
  CC      drivers/virt/gunyah/gunyah_vcpu.o
  CC      drivers/devfreq/governor_userspace.o
  CC [M]  net/ieee802154/header_ops.o
  CC [M]  net/ieee802154/sysfs.o
  CC      drivers/hid/hid-uclogic-core.o
  CC      drivers/devfreq/governor_passive.o
  CC      drivers/firmware/qcom/qcom_scm-smc.o
  CC [M]  net/ieee802154/nl802154.o
  CC      drivers/virt/gunyah/gunyah_qtvm.o
  CC      drivers/virt/gunyah/gunyah_platform_hooks.o
  AR      drivers/devfreq/built-in.a
  CC      drivers/extcon/extcon.o
  CC      drivers/firmware/qcom/qcom_scm-legacy.o
  CC      drivers/hid/hid-uclogic-rdesc.o
  CC      drivers/extcon/devres.o
  CC      drivers/virt/gunyah/gunyah_irqfd.o
  CC      drivers/virt/gunyah/gunyah_ioeventfd.o
  CC      drivers/firmware/qcom/qcom_tzmem.o
  CC      drivers/hid/hid-uclogic-params.o
  CC [M]  net/ieee802154/trace.o
  AR      drivers/extcon/built-in.a
  CC      drivers/hid/wacom_wac.o
  CC      drivers/hid/wacom_sys.o
  AR      drivers/virt/gunyah/built-in.a
  AR      drivers/virt/built-in.a
  CC      drivers/memory/tegra/mc.o
  AR      drivers/firmware/qcom/built-in.a
  CC      drivers/firmware/smccc/smccc.o
  CC      drivers/firmware/tegra/bpmp.o
  CC      drivers/firmware/smccc/kvm_guest.o
  CC      drivers/memory/tegra/tegra186.o
  CC      drivers/hid/hid-wiimote-core.o
  CC [M]  net/ieee802154/pan.o
  CC      drivers/firmware/tegra/bpmp-tegra186.o
  CC      drivers/firmware/smccc/soc_id.o
  CC      drivers/hid/hid-wiimote-modules.o
  CC      drivers/memory/tegra/tegra234.o
  AR      drivers/firmware/smccc/built-in.a
  CC      drivers/hid/hid-wiimote-debug.o
  CC      drivers/firmware/tegra/bpmp-debugfs.o
  CC [M]  net/ieee802154/socket.o
  CC      drivers/firmware/tegra/ivc.o
  CC      drivers/memory/tegra/tegra186-emc.o
  CC      drivers/hid/usbhid/hid-core.o
  CC [M]  drivers/hid/hid-uclogic-rdesc-test.o
  CC [M]  net/ieee802154/6lowpan/core.o
  AR      drivers/firmware/tegra/built-in.a
  AR      drivers/firmware/built-in.a
  AR      drivers/memory/tegra/built-in.a
  CC [M]  net/mac802154/main.o
  AR      drivers/memory/built-in.a
  CC [M]  net/mac802154/rx.o
  LD [M]  net/ieee802154/ieee802154.o
  LD [M]  net/ieee802154/ieee802154_socket.o
  CC      drivers/iio/industrialio-core.o
  LD [M]  drivers/hid/hid-uclogic-test.o
  CC      drivers/powercap/powercap_sys.o
  CC      drivers/hid/usbhid/hiddev.o
  CC [M]  net/ieee802154/6lowpan/rx.o
  CC      drivers/powercap/idle_inject.o
  CC [M]  net/ieee802154/6lowpan/reassembly.o
  CC [M]  net/mac802154/tx.o
  CC      drivers/iio/industrialio-event.o
  AR      drivers/hid/usbhid/built-in.a
  AR      drivers/hid/built-in.a
  CC      drivers/perf/arm_pmu.o
  AR      drivers/powercap/built-in.a
  CC      drivers/ras/ras.o
  CC [M]  net/ieee802154/6lowpan/tx.o
  CC      drivers/iio/inkern.o
  CC [M]  net/mac802154/mac_cmd.o
  CC [M]  net/mac802154/mib.o
  CC      drivers/perf/arm_pmu_platform.o
  CC      drivers/iio/industrialio-buffer.o
  CC      drivers/ras/debugfs.o
  LD [M]  net/ieee802154/6lowpan/ieee802154_6lowpan.o
  CC [M]  net/nfc/core.o
  CC [M]  net/mac802154/iface.o
  CC [M]  net/mac802154/llsec.o
  AR      drivers/ras/built-in.a
  CC      drivers/perf/arm_pmuv3.o
  CC      drivers/android/binderfs.o
  CC      drivers/iio/industrialio-trigger.o
  CC      drivers/perf/arm_brbe.o
  CC [M]  net/nfc/netlink.o
  CC [M]  net/mac802154/util.o
  CC      drivers/android/binder.o
  CC      drivers/iio/adc/qcom-spmi-adc5.o
  CC [M]  drivers/perf/dwc_pcie_pmu.o
  CC      drivers/iio/adc/qcom-vadc-common.o
  CC [M]  net/mac802154/cfg.o
  CC [M]  net/nfc/af_nfc.o
  CC [M]  net/nfc/rawsock.o
  AR      drivers/iio/adc/built-in.a
  AR      drivers/perf/built-in.a
  CC      drivers/nvmem/core.o
  CC [M]  drivers/iio/test/iio-test-format.o
  CC [M]  net/mac802154/scan.o
  CC [M]  net/nfc/llcp_core.o
  CC [M]  net/nfc/llcp_commands.o
  AR      drivers/iio/built-in.a
  CC      drivers/interconnect/core.o
  CC      drivers/nvmem/layouts.o
  CC      drivers/android/binder_alloc.o
  CC [M]  net/mac802154/trace.o
  CC [M]  net/nfc/llcp_sock.o
  AR      drivers/nvmem/built-in.a
  CC [M]  drivers/pps/pps.o
  CC [M]  drivers/bluetooth/hci_ldisc.o
  CC      drivers/interconnect/bulk.o
  CC [M]  drivers/pps/kapi.o
  CC      drivers/interconnect/debugfs-client.o
  CC      drivers/android/binder_netlink.o
  LD [M]  net/mac802154/mac802154.o
  CC [M]  drivers/bluetooth/hci_serdev.o
  LD [M]  net/nfc/nfc.o
  CC [M]  drivers/pps/sysfs.o
  AR      net/built-in.a
  CC [M]  drivers/bluetooth/hci_h4.o
  CC [M]  drivers/bluetooth/hci_ll.o
  CC      drivers/interconnect/qcom/icc-common.o
  LD [M]  drivers/pps/pps_core.o
  CC [M]  drivers/thunderbolt/nhi.o
  CC      drivers/android/binder_pick.o
  AR      drivers/interconnect/qcom/built-in.a
  AR      drivers/interconnect/built-in.a
  CC [M]  drivers/thunderbolt/nhi_ops.o
  CC [M]  drivers/bluetooth/hci_bcm.o
  CC [M]  drivers/bluetooth/hci_qca.o
  CC [M]  drivers/bluetooth/btsdio.o
  CC      drivers/android/vendor_hooks.o
  CC [M]  drivers/thunderbolt/ctl.o
  CC [M]  drivers/thunderbolt/tb.o
  CC [M]  drivers/bluetooth/btbcm.o
  CC [M]  drivers/bluetooth/btqca.o
  CC [M]  drivers/thunderbolt/switch.o
  CC [M]  drivers/thunderbolt/cap.o
  CC [M]  drivers/thunderbolt/path.o
  LD [M]  drivers/bluetooth/hci_uart.o
  CC [M]  drivers/thunderbolt/tunnel.o
  CC [M]  drivers/gnss/core.o
  CC [M]  drivers/thunderbolt/eeprom.o
  CC [M]  drivers/thunderbolt/domain.o
  CC [M]  drivers/thunderbolt/dma_port.o
  LD [M]  drivers/gnss/gnss.o
  CC [M]  drivers/thunderbolt/icm.o
  CC [M]  drivers/thunderbolt/property.o
  CC [M]  drivers/thunderbolt/xdomain.o
  CC [M]  drivers/thunderbolt/lc.o
  CC [M]  drivers/thunderbolt/tmu.o
  CC      drivers/android/debug_kinfo.o
  CC [M]  drivers/thunderbolt/usb4.o
  CC [M]  drivers/thunderbolt/usb4_port.o
  CC [M]  drivers/android/tests/binder_alloc_kunit.o
  CC [M]  drivers/thunderbolt/nvm.o
  CC [M]  drivers/thunderbolt/retimer.o
  CC [M]  drivers/thunderbolt/quirks.o
  CC [M]  drivers/thunderbolt/clx.o
  CC [M]  drivers/thunderbolt/debugfs.o
  AR      drivers/android/built-in.a
  AR      drivers/built-in.a
  LD [M]  drivers/thunderbolt/thunderbolt.o
  AR      built-in.a
  AR      vmlinux.a
  LD      vmlinux.o
  MODPOST Module.symvers
  CC [M]  arch/arm64/geniezone/gzvm.mod.o
  CC [M]  .module-common.o
  CC [M]  kernel/time/time_test.mod.o
  CC [M]  kernel/kheaders.mod.o
  CC      .vmlinux.export.o
  CC [M]  mm/zsmalloc.mod.o
  CC [M]  fs/ext4/ext4-inode-test.mod.o
  CC [M]  fs/fat/fat_test.mod.o
  CC [M]  fs/netfs/netfs.mod.o
  CC [M]  lib/kunit/kunit.mod.o
  CC [M]  lib/kunit/kunit-test.mod.o
  CC [M]  lib/kunit/platform-test.mod.o
  CC [M]  lib/kunit/kunit-example-test.mod.o
  CC [M]  lib/crc/crc-ccitt.mod.o
  CC [M]  lib/crypto/libarc4.mod.o
  CC [M]  drivers/clk/clk-test.mod.o
  UPD     include/generated/utsversion.h
  CC      init/version-timestamp.o
  CC [M]  drivers/clk/clk-gate_test.mod.o
  CC [M]  drivers/clk/clk_kunit_helpers.mod.o
  CC [M]  drivers/virtio/virtio_pci_modern_dev.mod.o
  CC [M]  drivers/virtio/virtio_pci_legacy_dev.mod.o
  CC [M]  drivers/virtio/virtio_pci.mod.o
  CC [M]  drivers/virtio/virtio_balloon.mod.o
  KSYMS   .tmp_vmlinux0.kallsyms.S
  AS      .tmp_vmlinux0.kallsyms.o
  CC [M]  drivers/char/hw_random/cctrng.mod.o
  CC [M]  drivers/char/virtio_console.mod.o
  CC [M]  drivers/base/regmap/regmap-kunit.mod.o
  LD      .tmp_vmlinux1
  CC [M]  drivers/base/regmap/regmap-ram.mod.o
  CC [M]  drivers/base/regmap/regmap-raw-ram.mod.o
  CC [M]  drivers/block/virtio_blk.mod.o
  CC [M]  drivers/block/zram/zram.mod.o
  CC [M]  drivers/misc/open-dice.mod.o
  CC [M]  drivers/misc/vcpu_stall_detector.mod.o
  CC [M]  drivers/net/macsec.mod.o
  CC [M]  drivers/net/mii.mod.o
  CC [M]  drivers/net/can/dev/can-dev.mod.o
  CC [M]  drivers/net/can/vcan.mod.o
  CC [M]  drivers/net/can/slcan/slcan.mod.o
  CC [M]  drivers/net/ppp/ppp_generic.mod.o
  CC [M]  drivers/net/ppp/bsd_comp.mod.o
  CC [M]  drivers/net/ppp/ppp_deflate.mod.o
  NM      .tmp_vmlinux1.syms
  CC [M]  drivers/net/ppp/ppp_mppe.mod.o
  CC [M]  drivers/net/ppp/pppox.mod.o
  CC [M]  drivers/net/ppp/pptp.mod.o
  CC [M]  drivers/net/slip/slhc.mod.o
  CC [M]  drivers/net/wwan/wwan.mod.o
  CC [M]  drivers/net/usb/rtl8150.mod.o
  CC [M]  drivers/net/usb/r8152.mod.o
  CC [M]  drivers/net/usb/asix.mod.o
  CC [M]  drivers/net/usb/ax88179_178a.mod.o
  CC [M]  drivers/net/usb/cdc_ether.mod.o
  CC [M]  drivers/net/usb/cdc_eem.mod.o
  CC [M]  drivers/net/usb/usbnet.mod.o
  KSYMS   .tmp_vmlinux1.kallsyms.S
  CC [M]  drivers/net/usb/cdc_ncm.mod.o
  CC [M]  drivers/net/usb/aqc111.mod.o
  CC [M]  drivers/net/usb/r8153_ecm.mod.o
  CC [M]  drivers/usb/mon/usbmon.mod.o
  CC [M]  drivers/usb/class/cdc-acm.mod.o
  CC [M]  drivers/usb/serial/usbserial.mod.o
  CC [M]  drivers/usb/serial/ftdi_sio.mod.o
  CC [M]  drivers/input/tests/input_test.mod.o
  CC [M]  drivers/rtc/test_rtc_lib.mod.o
  AS      .tmp_vmlinux1.kallsyms.o
  CC [M]  drivers/ptp/ptp.mod.o
  CC [M]  drivers/power/sequencing/pwrseq-core.mod.o
  CC [M]  drivers/hid/hid-uclogic-test.mod.o
  CC [M]  drivers/of/of_kunit_helpers.mod.o
  CC [M]  drivers/iio/test/iio-test-format.mod.o
  CC [M]  drivers/perf/dwc_pcie_pmu.mod.o
  CC [M]  drivers/android/tests/binder_alloc_kunit.mod.o
  CC [M]  drivers/pps/pps_core.mod.o
  CC [M]  drivers/bluetooth/hci_uart.mod.o
  CC [M]  drivers/bluetooth/btsdio.mod.o
  CC [M]  drivers/bluetooth/btbcm.mod.o
  LD      .tmp_vmlinux2
  CC [M]  drivers/bluetooth/btqca.mod.o
  CC [M]  drivers/thunderbolt/thunderbolt.mod.o
  CC [M]  drivers/gnss/gnss.mod.o
  CC [M]  sound/soc/soc-topology-test.mod.o
  CC [M]  sound/soc/soc-utils-test.mod.o
  CC [M]  net/core/dev_addr_lists_test.mod.o
  CC [M]  net/8021q/8021q.mod.o
  CC [M]  net/vmw_vsock/vmw_vsock_virtio_transport.mod.o
  CC [M]  net/can/can.mod.o
  CC [M]  net/can/can-raw.mod.o
  CC [M]  net/can/can-bcm.mod.o
  CC [M]  net/can/can-gw.mod.o
  CC [M]  net/bluetooth/bluetooth.mod.o
  CC [M]  net/bluetooth/rfcomm/rfcomm.mod.o
  CC [M]  net/bluetooth/hidp/hidp.mod.o
  NM      .tmp_vmlinux2.syms
  CC [M]  net/l2tp/l2tp_core.mod.o
  CC [M]  net/l2tp/l2tp_ppp.mod.o
  CC [M]  net/tipc/tipc.mod.o
  CC [M]  net/tipc/tipc_diag.mod.o
  CC [M]  net/rfkill/rfkill.mod.o
  CC [M]  net/9p/9pnet.mod.o
  CC [M]  net/9p/9pnet_fd.mod.o
  CC [M]  net/6lowpan/6lowpan.mod.o
  CC [M]  net/6lowpan/nhc_dest.mod.o
  CC [M]  net/6lowpan/nhc_fragment.mod.o
  CC [M]  net/6lowpan/nhc_hop.mod.o
  CC [M]  net/6lowpan/nhc_ipv6.mod.o
  CC [M]  net/6lowpan/nhc_mobility.mod.o
  KSYMS   .tmp_vmlinux2.kallsyms.S
  CC [M]  net/6lowpan/nhc_routing.mod.o
  CC [M]  net/6lowpan/nhc_udp.mod.o
  CC [M]  net/ieee802154/6lowpan/ieee802154_6lowpan.mod.o
  CC [M]  net/ieee802154/ieee802154.mod.o
  CC [M]  net/ieee802154/ieee802154_socket.mod.o
  CC [M]  net/mac802154/mac802154.mod.o
  CC [M]  net/nfc/nfc.mod.o
  LD [M]  arch/arm64/geniezone/gzvm.ko
  AS      .tmp_vmlinux2.kallsyms.o
  LD [M]  kernel/time/time_test.ko
  LD [M]  kernel/kheaders.ko
  LD [M]  mm/zsmalloc.ko
  LD [M]  fs/ext4/ext4-inode-test.ko
  LD [M]  fs/fat/fat_test.ko
  LD [M]  fs/netfs/netfs.ko
  LD [M]  lib/kunit/kunit.ko
  LD [M]  lib/kunit/kunit-test.ko
  LD [M]  lib/kunit/platform-test.ko
  LD [M]  lib/kunit/kunit-example-test.ko
  LD [M]  lib/crc/crc-ccitt.ko
  LD [M]  lib/crypto/libarc4.ko
  LD [M]  drivers/clk/clk-test.ko
  LD [M]  drivers/clk/clk-gate_test.ko
  LD [M]  drivers/clk/clk_kunit_helpers.ko
  LD [M]  drivers/virtio/virtio_pci_modern_dev.ko
  LD [M]  drivers/virtio/virtio_pci_legacy_dev.ko
  LD [M]  drivers/virtio/virtio_pci.ko
  LD [M]  drivers/virtio/virtio_balloon.ko
  LD [M]  drivers/char/hw_random/cctrng.ko
  LD [M]  drivers/char/virtio_console.ko
  LD [M]  drivers/base/regmap/regmap-kunit.ko
  LD [M]  drivers/base/regmap/regmap-ram.ko
  LD [M]  drivers/base/regmap/regmap-raw-ram.ko
  LD [M]  drivers/block/virtio_blk.ko
  LD [M]  drivers/block/zram/zram.ko
  LD [M]  drivers/misc/open-dice.ko
  LD [M]  drivers/misc/vcpu_stall_detector.ko
  LD [M]  drivers/net/macsec.ko
  LD [M]  drivers/net/mii.ko
  LD [M]  drivers/net/can/dev/can-dev.ko
  LD [M]  drivers/net/can/vcan.ko
  LD [M]  drivers/net/can/slcan/slcan.ko
  LD [M]  drivers/net/ppp/ppp_generic.ko
  LD [M]  drivers/net/ppp/bsd_comp.ko
  LD [M]  drivers/net/ppp/ppp_deflate.ko
  LD [M]  drivers/net/ppp/ppp_mppe.ko
  LD [M]  drivers/net/ppp/pppox.ko
  LD [M]  drivers/net/ppp/pptp.ko
  LD [M]  drivers/net/slip/slhc.ko
  LD [M]  drivers/net/wwan/wwan.ko
  LD [M]  drivers/net/usb/rtl8150.ko
  LD [M]  drivers/net/usb/r8152.ko
  LD [M]  drivers/net/usb/asix.ko
  LD [M]  drivers/net/usb/ax88179_178a.ko
  LD [M]  drivers/net/usb/cdc_ether.ko
  LD [M]  drivers/net/usb/cdc_eem.ko
  LD [M]  drivers/net/usb/usbnet.ko
  LD [M]  drivers/net/usb/cdc_ncm.ko
  LD [M]  drivers/net/usb/aqc111.ko
  LD [M]  drivers/net/usb/r8153_ecm.ko
  LD [M]  drivers/usb/mon/usbmon.ko
  LD [M]  drivers/usb/class/cdc-acm.ko
  LD [M]  drivers/usb/serial/usbserial.ko
  LD [M]  drivers/usb/serial/ftdi_sio.ko
  LD [M]  drivers/input/tests/input_test.ko
  LD [M]  drivers/rtc/test_rtc_lib.ko
  LD [M]  drivers/ptp/ptp.ko
  LD [M]  drivers/power/sequencing/pwrseq-core.ko
  LD [M]  drivers/hid/hid-uclogic-test.ko
  LD [M]  drivers/of/of_kunit_helpers.ko
  LD [M]  drivers/iio/test/iio-test-format.ko
  LD [M]  drivers/perf/dwc_pcie_pmu.ko
  LD [M]  drivers/android/tests/binder_alloc_kunit.ko
  LD [M]  drivers/pps/pps_core.ko
  LD [M]  drivers/bluetooth/hci_uart.ko
  LD [M]  drivers/bluetooth/btsdio.ko
  LD [M]  drivers/bluetooth/btbcm.ko
  LD [M]  drivers/bluetooth/btqca.ko
  LD [M]  drivers/thunderbolt/thunderbolt.ko
  LD [M]  drivers/gnss/gnss.ko
  LD [M]  sound/soc/soc-topology-test.ko
  LD [M]  sound/soc/soc-utils-test.ko
  LD [M]  net/core/dev_addr_lists_test.ko
  LD [M]  net/8021q/8021q.ko
  LD [M]  net/vmw_vsock/vmw_vsock_virtio_transport.ko
  LD [M]  net/can/can.ko
  LD [M]  net/can/can-raw.ko
  LD [M]  net/can/can-bcm.ko
  LD [M]  net/can/can-gw.ko
  LD [M]  net/bluetooth/bluetooth.ko
  LD [M]  net/bluetooth/rfcomm/rfcomm.ko
  LD [M]  net/bluetooth/hidp/hidp.ko
  LD [M]  net/l2tp/l2tp_core.ko
  LD [M]  net/l2tp/l2tp_ppp.ko
  LD [M]  net/tipc/tipc.ko
  LD [M]  net/tipc/tipc_diag.ko
  LD [M]  net/rfkill/rfkill.ko
  LD [M]  net/9p/9pnet.ko
  LD [M]  net/9p/9pnet_fd.ko
  LD [M]  net/6lowpan/6lowpan.ko
  LD [M]  net/6lowpan/nhc_dest.ko
  LD [M]  net/6lowpan/nhc_fragment.ko
  LD [M]  net/6lowpan/nhc_hop.ko
  LD [M]  net/6lowpan/nhc_ipv6.ko
  LD [M]  net/6lowpan/nhc_mobility.ko
  LD [M]  net/6lowpan/nhc_routing.ko
  LD [M]  net/6lowpan/nhc_udp.ko
  LD [M]  net/ieee802154/6lowpan/ieee802154_6lowpan.ko
  LD [M]  net/ieee802154/ieee802154.ko
  LD [M]  net/ieee802154/ieee802154_socket.ko
  LD [M]  net/mac802154/mac802154.ko
  LD [M]  net/nfc/nfc.ko
  LD      vmlinux.unstripped
  NM      System.map
  SORTTAB vmlinux.unstripped
make[4]: Nothing to be done for 'vmlinux.unstripped'.
  OBJCOPY vmlinux
  GEN     modules.builtin.modinfo
  GEN     modules.builtin
make[1]: Leaving directory '/home/ubuntu/work/Kernel-6.18-LTS/out/spss-port-build'
make: Leaving directory '/home/ubuntu/work/Kernel-6.18-LTS'
