make: Entering directory '/home/ubuntu/work/Kernel-6.18-LTS'
make[1]: Entering directory '/home/ubuntu/work/Kernel-6.18-LTS/out/marble-aosp-spss-port'
  GEN     Makefile
  HOSTCC  scripts/basic/fixdep
  HOSTCC  scripts/kconfig/conf.o
  HOSTCC  scripts/kconfig/confdata.o
  HOSTCC  scripts/kconfig/expr.o
  LEX     scripts/kconfig/lexer.lex.c
  YACC    scripts/kconfig/parser.tab.[ch]
  HOSTCC  scripts/kconfig/lexer.lex.o
  HOSTCC  scripts/kconfig/menu.o
  HOSTCC  scripts/kconfig/parser.tab.o
  HOSTCC  scripts/kconfig/preprocess.o
  HOSTCC  scripts/kconfig/symbol.o
  HOSTCC  scripts/kconfig/util.o
  HOSTLD  scripts/kconfig/conf
#
# configuration written to .config
#
make[1]: Leaving directory '/home/ubuntu/work/Kernel-6.18-LTS/out/marble-aosp-spss-port'
make: Leaving directory '/home/ubuntu/work/Kernel-6.18-LTS'
make: Entering directory '/home/ubuntu/work/Kernel-6.18-LTS'
make[1]: Entering directory '/home/ubuntu/work/Kernel-6.18-LTS/out/marble-aosp-spss-port'
  GEN     Makefile
#
# configuration written to .config
#
make[1]: Leaving directory '/home/ubuntu/work/Kernel-6.18-LTS/out/marble-aosp-spss-port'
make: Leaving directory '/home/ubuntu/work/Kernel-6.18-LTS'
CONFIG_QCOM_SPSS=y
CONFIG_RPMSG_QCOM_GLINK_SPSS=y
make: Entering directory '/home/ubuntu/work/Kernel-6.18-LTS'
make[1]: Entering directory '/home/ubuntu/work/Kernel-6.18-LTS/out/marble-aosp-spss-port'
  SYNC    include/config/auto.conf.cmd
  GEN     Makefile
  GEN     Makefile
  WRAP    arch/arm64/include/generated/uapi/asm/kvm_para.h
  WRAP    arch/arm64/include/generated/uapi/asm/errno.h
  HOSTCC  scripts/basic/fixdep
  UPD     include/generated/uapi/linux/version.h
  WRAP    arch/arm64/include/generated/uapi/asm/ioctl.h
  WRAP    arch/arm64/include/generated/uapi/asm/ioctls.h
  WRAP    arch/arm64/include/generated/uapi/asm/ipcbuf.h
  WRAP    arch/arm64/include/generated/uapi/asm/msgbuf.h
  WRAP    arch/arm64/include/generated/uapi/asm/poll.h
  WRAP    arch/arm64/include/generated/uapi/asm/resource.h
  WRAP    arch/arm64/include/generated/uapi/asm/sembuf.h
  WRAP    arch/arm64/include/generated/uapi/asm/shmbuf.h
  WRAP    arch/arm64/include/generated/uapi/asm/siginfo.h
  WRAP    arch/arm64/include/generated/uapi/asm/socket.h
  WRAP    arch/arm64/include/generated/uapi/asm/sockios.h
  WRAP    arch/arm64/include/generated/uapi/asm/stat.h
  WRAP    arch/arm64/include/generated/uapi/asm/swab.h
  WRAP    arch/arm64/include/generated/uapi/asm/termbits.h
  WRAP    arch/arm64/include/generated/uapi/asm/termios.h
  WRAP    arch/arm64/include/generated/uapi/asm/types.h
  SYSHDR  arch/arm64/include/generated/uapi/asm/unistd_64.h
  UPD     include/generated/compile.h
  WRAP    arch/arm64/include/generated/asm/early_ioremap.h
  WRAP    arch/arm64/include/generated/asm/fprobe.h
  WRAP    arch/arm64/include/generated/asm/mcs_spinlock.h
  DESCEND bpf/resolve_btfids
  WRAP    arch/arm64/include/generated/asm/mmzone.h
  WRAP    arch/arm64/include/generated/asm/qrwlock.h
  WRAP    arch/arm64/include/generated/asm/qspinlock.h
  WRAP    arch/arm64/include/generated/asm/parport.h
  WRAP    arch/arm64/include/generated/asm/user.h
  WRAP    arch/arm64/include/generated/asm/delay.h
  WRAP    arch/arm64/include/generated/asm/div64.h
  WRAP    arch/arm64/include/generated/asm/dma-mapping.h
  WRAP    arch/arm64/include/generated/asm/dma.h
  WRAP    arch/arm64/include/generated/asm/emergency-restart.h
  WRAP    arch/arm64/include/generated/asm/hw_irq.h
  WRAP    arch/arm64/include/generated/asm/irq_regs.h
  WRAP    arch/arm64/include/generated/asm/kdebug.h
  WRAP    arch/arm64/include/generated/asm/kmap_size.h
  WRAP    arch/arm64/include/generated/asm/local.h
  WRAP    arch/arm64/include/generated/asm/local64.h
  WRAP    arch/arm64/include/generated/asm/mmiowb.h
  WRAP    arch/arm64/include/generated/asm/msi.h
  WRAP    arch/arm64/include/generated/asm/softirq_stack.h
  WRAP    arch/arm64/include/generated/asm/serial.h
  WRAP    arch/arm64/include/generated/asm/trace_clock.h
  WRAP    arch/arm64/include/generated/asm/switch_to.h
  WRAP    arch/arm64/include/generated/asm/vga.h
  WRAP    arch/arm64/include/generated/asm/unwind_user.h
  WRAP    arch/arm64/include/generated/asm/video.h
  SYSTBL  arch/arm64/include/generated/asm/syscall_table_32.h
  SYSTBL  arch/arm64/include/generated/asm/syscall_table_64.h
  SYSHDR  arch/arm64/include/generated/asm/unistd_32.h
  SYSHDR  arch/arm64/include/generated/asm/unistd_compat_32.h
  UPD     include/config/kernel.release
  MKDIR     /home/ubuntu/work/Kernel-6.18-LTS/out/marble-aosp-spss-port/tools/bpf/resolve_btfids/libbpf/
  UPD     include/generated/utsrelease.h
  MKDIR     /home/ubuntu/work/Kernel-6.18-LTS/out/marble-aosp-spss-port/tools/bpf/resolve_btfids//libsubcmd
  HOSTCC  arch/arm64/tools/gen-hyprel
  HOSTCC  scripts/dtc/dtc.o
  HOSTCC  scripts/dtc/flattree.o
  HOSTCC  scripts/unifdef
  GEN     /home/ubuntu/work/Kernel-6.18-LTS/out/marble-aosp-spss-port/tools/bpf/resolve_btfids/libbpf/bpf_helper_defs.h
  INSTALL /home/ubuntu/work/Kernel-6.18-LTS/out/marble-aosp-spss-port/tools/bpf/resolve_btfids/libbpf//include/bpf/bpf.h
  INSTALL /home/ubuntu/work/Kernel-6.18-LTS/out/marble-aosp-spss-port/tools/bpf/resolve_btfids/libbpf//include/bpf/libbpf.h
  INSTALL /home/ubuntu/work/Kernel-6.18-LTS/out/marble-aosp-spss-port/tools/bpf/resolve_btfids/libbpf//include/bpf/btf.h
  INSTALL /home/ubuntu/work/Kernel-6.18-LTS/out/marble-aosp-spss-port/tools/bpf/resolve_btfids/libbpf//include/bpf/libbpf_common.h
  HOSTCC  scripts/dtc/fstree.o
  HOSTCC  scripts/dtc/data.o
  INSTALL /home/ubuntu/work/Kernel-6.18-LTS/out/marble-aosp-spss-port/tools/bpf/resolve_btfids/libbpf//include/bpf/libbpf_legacy.h
  INSTALL /home/ubuntu/work/Kernel-6.18-LTS/out/marble-aosp-spss-port/tools/bpf/resolve_btfids/libbpf//include/bpf/bpf_helpers.h
  INSTALL /home/ubuntu/work/Kernel-6.18-LTS/out/marble-aosp-spss-port/tools/bpf/resolve_btfids/libbpf//include/bpf/bpf_tracing.h
  INSTALL /home/ubuntu/work/Kernel-6.18-LTS/out/marble-aosp-spss-port/tools/bpf/resolve_btfids/libbpf//include/bpf/bpf_endian.h
  INSTALL /home/ubuntu/work/Kernel-6.18-LTS/out/marble-aosp-spss-port/tools/bpf/resolve_btfids/libbpf//include/bpf/bpf_core_read.h
  INSTALL /home/ubuntu/work/Kernel-6.18-LTS/out/marble-aosp-spss-port/tools/bpf/resolve_btfids/libbpf//include/bpf/skel_internal.h
  INSTALL /home/ubuntu/work/Kernel-6.18-LTS/out/marble-aosp-spss-port/tools/bpf/resolve_btfids/libbpf//include/bpf/libbpf_version.h
  INSTALL /home/ubuntu/work/Kernel-6.18-LTS/out/marble-aosp-spss-port/tools/bpf/resolve_btfids/libbpf//include/bpf/usdt.bpf.h
  INSTALL /home/ubuntu/work/Kernel-6.18-LTS/out/marble-aosp-spss-port/tools/bpf/resolve_btfids/libbpf//include/bpf/bpf_helper_defs.h
  INSTALL libbpf_headers
  HOSTCC  scripts/dtc/livetree.o
  HOSTCC  scripts/dtc/treesource.o
  HOSTCC  scripts/dtc/srcpos.o
  HOSTCC  scripts/dtc/checks.o
  INSTALL /home/ubuntu/work/Kernel-6.18-LTS/out/marble-aosp-spss-port/tools/bpf/resolve_btfids/libsubcmd//include/subcmd/exec-cmd.h
  INSTALL /home/ubuntu/work/Kernel-6.18-LTS/out/marble-aosp-spss-port/tools/bpf/resolve_btfids/libsubcmd//include/subcmd/help.h
  INSTALL /home/ubuntu/work/Kernel-6.18-LTS/out/marble-aosp-spss-port/tools/bpf/resolve_btfids/libsubcmd//include/subcmd/pager.h
  INSTALL /home/ubuntu/work/Kernel-6.18-LTS/out/marble-aosp-spss-port/tools/bpf/resolve_btfids/libsubcmd//include/subcmd/parse-options.h
  INSTALL /home/ubuntu/work/Kernel-6.18-LTS/out/marble-aosp-spss-port/tools/bpf/resolve_btfids/libsubcmd//include/subcmd/run-command.h
  CC      /home/ubuntu/work/Kernel-6.18-LTS/out/marble-aosp-spss-port/tools/bpf/resolve_btfids/libsubcmd/exec-cmd.o
  CC      /home/ubuntu/work/Kernel-6.18-LTS/out/marble-aosp-spss-port/tools/bpf/resolve_btfids/libbpf/staticobjs/libbpf.o
  CC      /home/ubuntu/work/Kernel-6.18-LTS/out/marble-aosp-spss-port/tools/bpf/resolve_btfids/libbpf/staticobjs/bpf.o
  HDRINST usr/include/asm-generic/auxvec.h
  HDRINST usr/include/asm-generic/bitsperlong.h
  HDRINST usr/include/asm-generic/bpf_perf_event.h
  HDRINST usr/include/asm-generic/errno-base.h
  CC      /home/ubuntu/work/Kernel-6.18-LTS/out/marble-aosp-spss-port/tools/bpf/resolve_btfids/libsubcmd/help.o
  HDRINST usr/include/asm-generic/errno.h
  HDRINST usr/include/asm-generic/fcntl.h
  HDRINST usr/include/asm-generic/hugetlb_encode.h
  HDRINST usr/include/asm-generic/int-l64.h
  HDRINST usr/include/asm-generic/int-ll64.h
  CC      /home/ubuntu/work/Kernel-6.18-LTS/out/marble-aosp-spss-port/tools/bpf/resolve_btfids/libsubcmd/pager.o
  HDRINST usr/include/asm-generic/ioctl.h
  HDRINST usr/include/asm-generic/ioctls.h
  HDRINST usr/include/asm-generic/ipcbuf.h
  HDRINST usr/include/asm-generic/kvm_para.h
  HDRINST usr/include/asm-generic/mman-common.h
  HDRINST usr/include/asm-generic/mman.h
  HOSTCC  scripts/dtc/util.o
  CC      /home/ubuntu/work/Kernel-6.18-LTS/out/marble-aosp-spss-port/tools/bpf/resolve_btfids/libsubcmd/parse-options.o
  HDRINST usr/include/asm-generic/msgbuf.h
  LEX     scripts/dtc/dtc-lexer.lex.c
  HDRINST usr/include/asm-generic/param.h
  YACC    scripts/dtc/dtc-parser.tab.[ch]
  HDRINST usr/include/asm-generic/poll.h
  HDRINST usr/include/asm-generic/posix_types.h
  HDRINST usr/include/asm-generic/resource.h
  HDRINST usr/include/asm-generic/sembuf.h
  HDRINST usr/include/asm-generic/setup.h
  CC      /home/ubuntu/work/Kernel-6.18-LTS/out/marble-aosp-spss-port/tools/bpf/resolve_btfids/libbpf/staticobjs/nlattr.o
  HOSTCC  scripts/dtc/libfdt/fdt.o
  HDRINST usr/include/asm-generic/shmbuf.h
  HDRINST usr/include/asm-generic/siginfo.h
  HDRINST usr/include/asm-generic/signal-defs.h
  HDRINST usr/include/asm-generic/signal.h
  HDRINST usr/include/asm-generic/socket.h
  HDRINST usr/include/asm-generic/sockios.h
  HOSTCC  scripts/dtc/libfdt/fdt_ro.o
  HDRINST usr/include/asm-generic/stat.h
  HDRINST usr/include/asm-generic/statfs.h
  CC      /home/ubuntu/work/Kernel-6.18-LTS/out/marble-aosp-spss-port/tools/bpf/resolve_btfids/libsubcmd/run-command.o
  HDRINST usr/include/asm-generic/swab.h
  HDRINST usr/include/asm-generic/termbits-common.h
  HDRINST usr/include/asm-generic/termbits.h
  CC      /home/ubuntu/work/Kernel-6.18-LTS/out/marble-aosp-spss-port/tools/bpf/resolve_btfids/libsubcmd/sigchain.o
  HDRINST usr/include/asm-generic/termios.h
  HDRINST usr/include/asm-generic/types.h
  HDRINST usr/include/asm-generic/ucontext.h
  HDRINST usr/include/asm-generic/unistd.h
  CC      /home/ubuntu/work/Kernel-6.18-LTS/out/marble-aosp-spss-port/tools/bpf/resolve_btfids/libsubcmd/subcmd-config.o
  HDRINST usr/include/cxl/features.h
  HDRINST usr/include/drm/amdgpu_drm.h
  HDRINST usr/include/drm/amdxdna_accel.h
  HDRINST usr/include/drm/armada_drm.h
  HDRINST usr/include/drm/asahi_drm.h
  HDRINST usr/include/drm/drm.h
  HDRINST usr/include/drm/drm_fourcc.h
  LD      /home/ubuntu/work/Kernel-6.18-LTS/out/marble-aosp-spss-port/tools/bpf/resolve_btfids/libsubcmd/libsubcmd-in.o
  HDRINST usr/include/drm/drm_mode.h
  CC      /home/ubuntu/work/Kernel-6.18-LTS/out/marble-aosp-spss-port/tools/bpf/resolve_btfids/libbpf/staticobjs/btf.o
  INSTALL libsubcmd_headers
  HDRINST usr/include/drm/drm_sarea.h
  AR      /home/ubuntu/work/Kernel-6.18-LTS/out/marble-aosp-spss-port/tools/bpf/resolve_btfids/libsubcmd/libsubcmd.a
  HOSTCC  scripts/dtc/libfdt/fdt_wip.o
  HDRINST usr/include/drm/etnaviv_drm.h
  HDRINST usr/include/drm/exynos_drm.h
  HDRINST usr/include/drm/habanalabs_accel.h
  HDRINST usr/include/drm/i915_drm.h
  HDRINST usr/include/drm/ivpu_accel.h
  HOSTCC  scripts/dtc/libfdt/fdt_sw.o
  HOSTCC  scripts/dtc/libfdt/fdt_rw.o
  HDRINST usr/include/drm/lima_drm.h
  HDRINST usr/include/drm/msm_drm.h
  HOSTCC  scripts/dtc/libfdt/fdt_strerror.o
  HDRINST usr/include/drm/nouveau_drm.h
  HDRINST usr/include/drm/nova_drm.h
  HDRINST usr/include/drm/omap_drm.h
  HDRINST usr/include/drm/panfrost_drm.h
  HOSTCC  scripts/dtc/libfdt/fdt_empty_tree.o
  HDRINST usr/include/drm/panthor_drm.h
  HDRINST usr/include/drm/pvr_drm.h
  HOSTCC  scripts/dtc/libfdt/fdt_addresses.o
  HDRINST usr/include/drm/qaic_accel.h
  HDRINST usr/include/drm/qxl_drm.h
  HOSTCC  scripts/dtc/libfdt/fdt_overlay.o
  HDRINST usr/include/drm/radeon_drm.h
  HDRINST usr/include/drm/rocket_accel.h
  HDRINST usr/include/drm/tegra_drm.h
  HOSTCC  scripts/dtc/fdtoverlay.o
  HDRINST usr/include/drm/v3d_drm.h
  HOSTCC  scripts/dtc/dtc-lexer.lex.o
  HDRINST usr/include/drm/vc4_drm.h
  HDRINST usr/include/drm/vgem_drm.h
  HDRINST usr/include/drm/virtgpu_drm.h
  HDRINST usr/include/drm/vmwgfx_drm.h
  HOSTCC  scripts/dtc/dtc-parser.tab.o
  HDRINST usr/include/drm/xe_drm.h
  HDRINST usr/include/fwctl/cxl.h
  HDRINST usr/include/fwctl/fwctl.h
  HOSTLD  scripts/dtc/fdtoverlay
  HDRINST usr/include/fwctl/mlx5.h
  HDRINST usr/include/fwctl/pds.h
  HDRINST usr/include/linux/acct.h
  HDRINST usr/include/linux/acrn.h
  HDRINST usr/include/linux/adb.h
  CC      /home/ubuntu/work/Kernel-6.18-LTS/out/marble-aosp-spss-port/tools/bpf/resolve_btfids/libbpf/staticobjs/libbpf_utils.o
  HDRINST usr/include/linux/adfs_fs.h
  HDRINST usr/include/linux/affs_hardblocks.h
  HDRINST usr/include/linux/agpgart.h
  HDRINST usr/include/linux/aio_abi.h
  HDRINST usr/include/linux/am437x-vpfe.h
  HDRINST usr/include/linux/amt.h
  HDRINST usr/include/linux/android/binder.h
  HDRINST usr/include/linux/android/binder_netlink.h
  HDRINST usr/include/linux/android/binderfs.h
  HOSTLD  scripts/dtc/dtc
  HDRINST usr/include/linux/android_fuse.h
  HDRINST usr/include/linux/apm_bios.h
  HDRINST usr/include/linux/arcfb.h
  HDRINST usr/include/linux/arm_sdei.h
  HDRINST usr/include/linux/aspeed-lpc-ctrl.h
  HDRINST usr/include/linux/aspeed-p2a-ctrl.h
  HDRINST usr/include/linux/aspeed-video.h
  HDRINST usr/include/linux/atalk.h
  CC      /home/ubuntu/work/Kernel-6.18-LTS/out/marble-aosp-spss-port/tools/bpf/resolve_btfids/libbpf/staticobjs/netlink.o
  HDRINST usr/include/linux/atm.h
  HOSTCC  scripts/gendwarfksyms/gendwarfksyms.o
  HDRINST usr/include/linux/atm_eni.h
  HDRINST usr/include/linux/atm_he.h
  HDRINST usr/include/linux/atm_idt77105.h
  HDRINST usr/include/linux/atm_nicstar.h
  HOSTCC  scripts/selinux/mdp/mdp
  HDRINST usr/include/linux/atm_tcp.h
  HDRINST usr/include/linux/atm_zatm.h
  HDRINST usr/include/linux/atmapi.h
  HDRINST usr/include/linux/atmarp.h
  HDRINST usr/include/linux/atmbr2684.h
  HDRINST usr/include/linux/atmclip.h
  HOSTCC  scripts/gendwarfksyms/cache.o
  HDRINST usr/include/linux/atmdev.h
  HDRINST usr/include/linux/atmioc.h
  HDRINST usr/include/linux/atmlec.h
  HDRINST usr/include/linux/atmmpc.h
  HDRINST usr/include/linux/atmppp.h
  HOSTCC  scripts/gendwarfksyms/die.o
  HDRINST usr/include/linux/atmsap.h
  HDRINST usr/include/linux/atmsvc.h
  HDRINST usr/include/linux/audit.h
  HDRINST usr/include/linux/auto_dev-ioctl.h
  HDRINST usr/include/linux/auto_fs.h
  HDRINST usr/include/linux/auto_fs4.h
  HDRINST usr/include/linux/auxvec.h
  HDRINST usr/include/linux/ax25.h
  HDRINST usr/include/linux/batadv_packet.h
  HDRINST usr/include/linux/batman_adv.h
  HDRINST usr/include/linux/baycom.h
  HDRINST usr/include/linux/bcm933xx_hcs.h
  HDRINST usr/include/linux/bfs_fs.h
  HDRINST usr/include/linux/binfmts.h
  HDRINST usr/include/linux/bits.h
  HDRINST usr/include/linux/blk-crypto.h
  HDRINST usr/include/linux/blkdev.h
  HDRINST usr/include/linux/blkpg.h
  HDRINST usr/include/linux/blktrace_api.h
  HDRINST usr/include/linux/blkzoned.h
  HDRINST usr/include/linux/bpf.h
  HDRINST usr/include/linux/bpf_common.h
  CC      /home/ubuntu/work/Kernel-6.18-LTS/out/marble-aosp-spss-port/tools/bpf/resolve_btfids/libbpf/staticobjs/bpf_prog_linfo.o
  HDRINST usr/include/linux/bpf_perf_event.h
  HDRINST usr/include/linux/bpqether.h
  HDRINST usr/include/linux/bsg.h
  CC      /home/ubuntu/work/Kernel-6.18-LTS/out/marble-aosp-spss-port/tools/bpf/resolve_btfids/libbpf/staticobjs/libbpf_probes.o
  HDRINST usr/include/linux/bt-bmc.h
  HDRINST usr/include/linux/btf.h
  HDRINST usr/include/linux/btrfs.h
  CC      /home/ubuntu/work/Kernel-6.18-LTS/out/marble-aosp-spss-port/tools/bpf/resolve_btfids/libbpf/staticobjs/hashmap.o
  HDRINST usr/include/linux/btrfs_tree.h
  HDRINST usr/include/linux/byteorder/big_endian.h
  HOSTCC  scripts/gendwarfksyms/dwarf.o
  HDRINST usr/include/linux/byteorder/little_endian.h
  HDRINST usr/include/linux/cachefiles.h
  HDRINST usr/include/linux/caif/caif_socket.h
  HDRINST usr/include/linux/caif/if_caif.h
  CC      /home/ubuntu/work/Kernel-6.18-LTS/out/marble-aosp-spss-port/tools/bpf/resolve_btfids/libbpf/staticobjs/btf_dump.o
  HDRINST usr/include/linux/can.h
  HDRINST usr/include/linux/can/bcm.h
  HDRINST usr/include/linux/can/error.h
  CC      /home/ubuntu/work/Kernel-6.18-LTS/out/marble-aosp-spss-port/tools/bpf/resolve_btfids/libbpf/staticobjs/ringbuf.o
  HDRINST usr/include/linux/can/gw.h
  HDRINST usr/include/linux/can/isotp.h
  HDRINST usr/include/linux/can/j1939.h
  HDRINST usr/include/linux/can/netlink.h
  HDRINST usr/include/linux/can/raw.h
  HDRINST usr/include/linux/can/vxcan.h
  HDRINST usr/include/linux/capability.h
  HDRINST usr/include/linux/capi.h
  HDRINST usr/include/linux/cciss_defs.h
  HDRINST usr/include/linux/cciss_ioctl.h
  HDRINST usr/include/linux/ccs.h
  HDRINST usr/include/linux/cdrom.h
  HOSTCC  scripts/gendwarfksyms/kabi.o
  HDRINST usr/include/linux/cec-funcs.h
  HDRINST usr/include/linux/cec.h
  HDRINST usr/include/linux/cfm_bridge.h
  CC      /home/ubuntu/work/Kernel-6.18-LTS/out/marble-aosp-spss-port/tools/bpf/resolve_btfids/libbpf/staticobjs/strset.o
  HDRINST usr/include/linux/cgroupstats.h
  HDRINST usr/include/linux/chio.h
  HDRINST usr/include/linux/cifs/cifs_mount.h
  CC      /home/ubuntu/work/Kernel-6.18-LTS/out/marble-aosp-spss-port/tools/bpf/resolve_btfids/libbpf/staticobjs/linker.o
  HDRINST usr/include/linux/cifs/cifs_netlink.h
  HDRINST usr/include/linux/close_range.h
  HOSTCC  scripts/gendwarfksyms/symbols.o
  HDRINST usr/include/linux/cn_proc.h
  HDRINST usr/include/linux/coda.h
  HDRINST usr/include/linux/coff.h
  HDRINST usr/include/linux/comedi.h
  CC      /home/ubuntu/work/Kernel-6.18-LTS/out/marble-aosp-spss-port/tools/bpf/resolve_btfids/libbpf/staticobjs/gen_loader.o
  HDRINST usr/include/linux/connector.h
  HDRINST usr/include/linux/const.h
  HDRINST usr/include/linux/coredump.h
  HDRINST usr/include/linux/coresight-stm.h
  HDRINST usr/include/linux/counter.h
  HDRINST usr/include/linux/counter/microchip-tcb-capture.h
  HOSTCC  scripts/gendwarfksyms/types.o
  HDRINST usr/include/linux/cramfs_fs.h
  HDRINST usr/include/linux/cryptouser.h
  HDRINST usr/include/linux/cuda.h
  CC      /home/ubuntu/work/Kernel-6.18-LTS/out/marble-aosp-spss-port/tools/bpf/resolve_btfids/libbpf/staticobjs/relo_core.o
  HDRINST usr/include/linux/cxl_mem.h
  HDRINST usr/include/linux/cyclades.h
  HDRINST usr/include/linux/cycx_cfm.h
  HDRINST usr/include/linux/dcbnl.h
  HDRINST usr/include/linux/dccp.h
  HDRINST usr/include/linux/devlink.h
  HDRINST usr/include/linux/dlm.h
  HDRINST usr/include/linux/dlm_device.h
  HDRINST usr/include/linux/dlm_plock.h
  HOSTLD  scripts/gendwarfksyms/gendwarfksyms
  HDRINST usr/include/linux/dlmconstants.h
  HDRINST usr/include/linux/dm-ioctl.h
  HOSTCC  scripts/kallsyms
  HDRINST usr/include/linux/dm-log-userspace.h
  HDRINST usr/include/linux/dm-user.h
  HDRINST usr/include/linux/dma-buf.h
  HDRINST usr/include/linux/dma-heap.h
  HDRINST usr/include/linux/dns_resolver.h
  HDRINST usr/include/linux/dpll.h
  HDRINST usr/include/linux/dqblk_xfs.h
  CC      /home/ubuntu/work/Kernel-6.18-LTS/out/marble-aosp-spss-port/tools/bpf/resolve_btfids/libbpf/staticobjs/usdt.o
  HDRINST usr/include/linux/dvb/audio.h
  HDRINST usr/include/linux/dvb/ca.h
  HOSTCC  scripts/sorttable
  HDRINST usr/include/linux/dvb/dmx.h
  HDRINST usr/include/linux/dvb/frontend.h
  HDRINST usr/include/linux/dvb/net.h
  HDRINST usr/include/linux/dvb/osd.h
  CC      /home/ubuntu/work/Kernel-6.18-LTS/out/marble-aosp-spss-port/tools/bpf/resolve_btfids/libbpf/staticobjs/zip.o
  HDRINST usr/include/linux/dvb/version.h
  HDRINST usr/include/linux/dvb/video.h
  HDRINST usr/include/linux/dw100.h
  HDRINST usr/include/linux/edd.h
  HDRINST usr/include/linux/efs_fs_sb.h
  HDRINST usr/include/linux/elf-em.h
  HDRINST usr/include/linux/elf-fdpic.h
  HDRINST usr/include/linux/elf.h
  HDRINST usr/include/linux/errno.h
  CC      /home/ubuntu/work/Kernel-6.18-LTS/out/marble-aosp-spss-port/tools/bpf/resolve_btfids/libbpf/staticobjs/elf.o
  HDRINST usr/include/linux/errqueue.h
  HDRINST usr/include/linux/erspan.h
  HDRINST usr/include/linux/ethtool.h
  HOSTCC  scripts/asn1_compiler
  CC      /home/ubuntu/work/Kernel-6.18-LTS/out/marble-aosp-spss-port/tools/bpf/resolve_btfids/libbpf/staticobjs/features.o
  CC      /home/ubuntu/work/Kernel-6.18-LTS/out/marble-aosp-spss-port/tools/bpf/resolve_btfids/libbpf/staticobjs/btf_iter.o
  HDRINST usr/include/linux/ethtool_netlink.h
  HDRINST usr/include/linux/ethtool_netlink_generated.h
  HDRINST usr/include/linux/eventfd.h
  HDRINST usr/include/linux/eventpoll.h
  HDRINST usr/include/linux/exfat.h
  HDRINST usr/include/linux/ext4.h
  CC      /home/ubuntu/work/Kernel-6.18-LTS/out/marble-aosp-spss-port/tools/bpf/resolve_btfids/libbpf/staticobjs/btf_relocate.o
  HDRINST usr/include/linux/f2fs.h
  HOSTCC  scripts/sign-file
  HDRINST usr/include/linux/fadvise.h
  HDRINST usr/include/linux/falloc.h
  HDRINST usr/include/linux/fanotify.h
  HDRINST usr/include/linux/fb.h
  HDRINST usr/include/linux/fcntl.h
  HDRINST usr/include/linux/fd.h
  HDRINST usr/include/linux/fdreg.h
  HDRINST usr/include/linux/fib_rules.h
  HDRINST usr/include/linux/fiemap.h
  HDRINST usr/include/linux/filter.h
  HDRINST usr/include/linux/firewire-cdev.h
  HDRINST usr/include/linux/firewire-constants.h
  HDRINST usr/include/linux/fou.h
  HDRINST usr/include/linux/fpga-dfl.h
  HDRINST usr/include/linux/fs.h
  HDRINST usr/include/linux/fscrypt.h
  HDRINST usr/include/linux/fsi.h
  HDRINST usr/include/linux/fsl_hypervisor.h
  HDRINST usr/include/linux/fsl_mc.h
  HDRINST usr/include/linux/fsmap.h
  HDRINST usr/include/linux/fsverity.h
  HDRINST usr/include/linux/fuse.h
  HDRINST usr/include/linux/futex.h
  HDRINST usr/include/linux/gameport.h
  HDRINST usr/include/linux/gen_stats.h
  HDRINST usr/include/linux/genetlink.h
  HDRINST usr/include/linux/genwqe/genwqe_card.h
  HDRINST usr/include/linux/gfs2_ondisk.h
  HDRINST usr/include/linux/gpio.h
  HDRINST usr/include/linux/gsmmux.h
  HDRINST usr/include/linux/gtp.h
  HDRINST usr/include/linux/gunyah.h
  HDRINST usr/include/linux/gzvm.h
  HDRINST usr/include/linux/handshake.h
  HDRINST usr/include/linux/hash_info.h
  HDRINST usr/include/linux/hdlc.h
  HDRINST usr/include/linux/hdlc/ioctl.h
  HDRINST usr/include/linux/hdlcdrv.h
  HDRINST usr/include/linux/hdreg.h
  HDRINST usr/include/linux/hid.h
  HDRINST usr/include/linux/hiddev.h
  HDRINST usr/include/linux/hidraw.h
  HDRINST usr/include/linux/hpet.h
  HDRINST usr/include/linux/hsi/cs-protocol.h
  HDRINST usr/include/linux/hsr_netlink.h
  HDRINST usr/include/linux/hsi/hsi_char.h
  HDRINST usr/include/linux/hw_breakpoint.h
  HDRINST usr/include/linux/hyperv.h
  HDRINST usr/include/linux/i2c-dev.h
  HDRINST usr/include/linux/i2c.h
  HDRINST usr/include/linux/i2o-dev.h
  HDRINST usr/include/linux/i8k.h
  HDRINST usr/include/linux/icmp.h
  HDRINST usr/include/linux/icmpv6.h
  HDRINST usr/include/linux/idxd.h
  HDRINST usr/include/linux/if.h
  HDRINST usr/include/linux/if_addr.h
  HDRINST usr/include/linux/if_addrlabel.h
  HDRINST usr/include/linux/if_alg.h
  HDRINST usr/include/linux/if_arcnet.h
  HDRINST usr/include/linux/if_arp.h
  HDRINST usr/include/linux/if_bonding.h
  HDRINST usr/include/linux/if_bridge.h
  HDRINST usr/include/linux/if_eql.h
  HDRINST usr/include/linux/if_ether.h
  HDRINST usr/include/linux/if_fc.h
  HDRINST usr/include/linux/if_fddi.h
  HDRINST usr/include/linux/if_hippi.h
  HDRINST usr/include/linux/if_infiniband.h
  HDRINST usr/include/linux/if_link.h
  HDRINST usr/include/linux/if_ltalk.h
  HDRINST usr/include/linux/if_macsec.h
  HDRINST usr/include/linux/if_packet.h
  HDRINST usr/include/linux/if_phonet.h
  GEN     arch/arm64/include/generated/asm/cpucap-defs.h
  GEN     arch/arm64/include/generated/asm/sysreg-defs.h
  HDRINST usr/include/linux/if_plip.h
  HDRINST usr/include/linux/if_ppp.h
  HDRINST usr/include/linux/if_pppol2tp.h
  HDRINST usr/include/linux/if_pppox.h
  HDRINST usr/include/linux/if_slip.h
  HDRINST usr/include/linux/if_team.h
  HDRINST usr/include/linux/if_tun.h
  HDRINST usr/include/linux/if_tunnel.h
  HDRINST usr/include/linux/if_vlan.h
  CC      scripts/mod/empty.o
  HOSTCC  scripts/mod/mk_elfconfig
  CC      scripts/mod/devicetable-offsets.s
  HDRINST usr/include/linux/if_xdp.h
  HDRINST usr/include/linux/if_x25.h
  HDRINST usr/include/linux/ife.h
  HDRINST usr/include/linux/igmp.h
  HDRINST usr/include/linux/iio/buffer.h
  HDRINST usr/include/linux/iio/events.h
  HDRINST usr/include/linux/ila.h
  HDRINST usr/include/linux/iio/types.h
  HDRINST usr/include/linux/in.h
  HDRINST usr/include/linux/in6.h
  HDRINST usr/include/linux/in_route.h
  HDRINST usr/include/linux/incrementalfs.h
  HDRINST usr/include/linux/inet_diag.h
  HDRINST usr/include/linux/inotify.h
  HDRINST usr/include/linux/input-event-codes.h
  HDRINST usr/include/linux/input.h
  HDRINST usr/include/linux/io_uring.h
  HDRINST usr/include/linux/io_uring/mock_file.h
  HDRINST usr/include/linux/io_uring/query.h
  HDRINST usr/include/linux/ioam6.h
  HDRINST usr/include/linux/ioam6_genl.h
  MKELF   scripts/mod/elfconfig.h
  HDRINST usr/include/linux/ioam6_iptunnel.h
  HDRINST usr/include/linux/ioctl.h
  HDRINST usr/include/linux/iommufd.h
  HDRINST usr/include/linux/ioprio.h
  HDRINST usr/include/linux/ip.h
  HDRINST usr/include/linux/ip6_tunnel.h
  HOSTCC  scripts/mod/modpost.o
  HDRINST usr/include/linux/ip_vs.h
  HOSTCC  scripts/mod/sumversion.o
  HDRINST usr/include/linux/ipc.h
  HDRINST usr/include/linux/ipmi.h
  HDRINST usr/include/linux/ipmi_bmc.h
  HOSTCC  scripts/mod/symsearch.o
  HDRINST usr/include/linux/ipmi_msgdefs.h
  HDRINST usr/include/linux/ipmi_ssif_bmc.h
  UPD     scripts/mod/devicetable-offsets.h
  HDRINST usr/include/linux/ipsec.h
  HDRINST usr/include/linux/ipv6.h
  HDRINST usr/include/linux/ipv6_route.h
  HDRINST usr/include/linux/irqnr.h
  HDRINST usr/include/linux/isdn/capicmd.h
  HOSTCC  scripts/mod/file2alias.o
  HDRINST usr/include/linux/iso_fs.h
  HDRINST usr/include/linux/isst_if.h
  HDRINST usr/include/linux/ivtv.h
  HDRINST usr/include/linux/ivtvfb.h
  HDRINST usr/include/linux/jffs2.h
  HDRINST usr/include/linux/joystick.h
  HDRINST usr/include/linux/kcm.h
  HDRINST usr/include/linux/kcmp.h
  LD      /home/ubuntu/work/Kernel-6.18-LTS/out/marble-aosp-spss-port/tools/bpf/resolve_btfids/libbpf/staticobjs/libbpf-in.o
  HDRINST usr/include/linux/kcov.h
  HDRINST usr/include/linux/kd.h
  HDRINST usr/include/linux/kdev_t.h
  HDRINST usr/include/linux/kernel-page-flags.h
  HDRINST usr/include/linux/kernel.h
  HDRINST usr/include/linux/kernelcapi.h
  LINK    /home/ubuntu/work/Kernel-6.18-LTS/out/marble-aosp-spss-port/tools/bpf/resolve_btfids/libbpf/libbpf.a
  HDRINST usr/include/linux/kexec.h
  HDRINST usr/include/linux/keyboard.h
  HDRINST usr/include/linux/keyctl.h
  HDRINST usr/include/linux/kfd_ioctl.h
  HOSTCC  /home/ubuntu/work/Kernel-6.18-LTS/out/marble-aosp-spss-port/tools/bpf/resolve_btfids/main.o
  HOSTCC  /home/ubuntu/work/Kernel-6.18-LTS/out/marble-aosp-spss-port/tools/bpf/resolve_btfids/rbtree.o
  HOSTCC  /home/ubuntu/work/Kernel-6.18-LTS/out/marble-aosp-spss-port/tools/bpf/resolve_btfids/zalloc.o
  HDRINST usr/include/linux/kfd_sysfs.h
  HDRINST usr/include/linux/kvm.h
  HOSTCC  /home/ubuntu/work/Kernel-6.18-LTS/out/marble-aosp-spss-port/tools/bpf/resolve_btfids/string.o
  HDRINST usr/include/linux/kvm_para.h
  HDRINST usr/include/linux/l2tp.h
  HDRINST usr/include/linux/landlock.h
  HDRINST usr/include/linux/libc-compat.h
  HDRINST usr/include/linux/limits.h
  HOSTCC  /home/ubuntu/work/Kernel-6.18-LTS/out/marble-aosp-spss-port/tools/bpf/resolve_btfids/ctype.o
  HOSTCC  /home/ubuntu/work/Kernel-6.18-LTS/out/marble-aosp-spss-port/tools/bpf/resolve_btfids/str_error_r.o
  HDRINST usr/include/linux/lirc.h
  HDRINST usr/include/linux/llc.h
  HDRINST usr/include/linux/loadpin.h
  HDRINST usr/include/linux/lockd_netlink.h
  HDRINST usr/include/linux/loop.h
  HDRINST usr/include/linux/lp.h
  HDRINST usr/include/linux/lsm.h
  HOSTLD  /home/ubuntu/work/Kernel-6.18-LTS/out/marble-aosp-spss-port/tools/bpf/resolve_btfids/resolve_btfids-in.o
  HDRINST usr/include/linux/lwtunnel.h
  HDRINST usr/include/linux/magic.h
  HDRINST usr/include/linux/map_to_14segment.h
  HDRINST usr/include/linux/major.h
  HDRINST usr/include/linux/map_to_7segment.h
  HDRINST usr/include/linux/matroxfb.h
  LINK     resolve_btfids
  HDRINST usr/include/linux/max2175.h
  HDRINST usr/include/linux/mctp.h
  HDRINST usr/include/linux/mdio.h
  HDRINST usr/include/linux/media-bus-format.h
  HDRINST usr/include/linux/media.h
  HDRINST usr/include/linux/media/amlogic/c3-isp-config.h
  HDRINST usr/include/linux/media/raspberrypi/pisp_be_config.h
  HDRINST usr/include/linux/media/raspberrypi/pisp_common.h
  HDRINST usr/include/linux/media/raspberrypi/pisp_fe_config.h
  HDRINST usr/include/linux/media/raspberrypi/pisp_fe_statistics.h
  HDRINST usr/include/linux/mei.h
  HDRINST usr/include/linux/mei_uuid.h
  HDRINST usr/include/linux/membarrier.h
  HDRINST usr/include/linux/memfd.h
  HDRINST usr/include/linux/mempolicy.h
  HDRINST usr/include/linux/mii.h
  HDRINST usr/include/linux/minix_fs.h
  HDRINST usr/include/linux/misc/bcm_vk.h
  HDRINST usr/include/linux/mman.h
  HDRINST usr/include/linux/mmc/ioctl.h
  HDRINST usr/include/linux/mmtimer.h
  HDRINST usr/include/linux/module.h
  HDRINST usr/include/linux/mount.h
  HDRINST usr/include/linux/mpls.h
  HDRINST usr/include/linux/mpls_iptunnel.h
  HDRINST usr/include/linux/mptcp.h
  HDRINST usr/include/linux/mptcp_pm.h
  HDRINST usr/include/linux/mqueue.h
  HDRINST usr/include/linux/mroute.h
  HDRINST usr/include/linux/mroute6.h
  HDRINST usr/include/linux/mrp_bridge.h
  HDRINST usr/include/linux/msdos_fs.h
  HDRINST usr/include/linux/msg.h
  HDRINST usr/include/linux/mshv.h
  HDRINST usr/include/linux/mtio.h
  HDRINST usr/include/linux/nbd-netlink.h
  HOSTLD  scripts/mod/modpost
  HDRINST usr/include/linux/nbd.h
  HDRINST usr/include/linux/ncsi.h
  HDRINST usr/include/linux/ndctl.h
  HDRINST usr/include/linux/neighbour.h
  HDRINST usr/include/linux/net.h
  HDRINST usr/include/linux/net_dropmon.h
  HDRINST usr/include/linux/net_namespace.h
  HDRINST usr/include/linux/net_shaper.h
  HDRINST usr/include/linux/net_tstamp.h
  HDRINST usr/include/linux/netconf.h
  HDRINST usr/include/linux/netdev.h
  HDRINST usr/include/linux/netdevice.h
  HDRINST usr/include/linux/netfilter.h
  HDRINST usr/include/linux/netfilter/ipset/ip_set.h
  HDRINST usr/include/linux/netfilter/ipset/ip_set_bitmap.h
  HDRINST usr/include/linux/netfilter/ipset/ip_set_hash.h
  HDRINST usr/include/linux/netfilter/ipset/ip_set_list.h
  HDRINST usr/include/linux/netfilter/nf_conntrack_common.h
  HDRINST usr/include/linux/netfilter/nf_conntrack_ftp.h
  HDRINST usr/include/linux/netfilter/nf_conntrack_sctp.h
  HDRINST usr/include/linux/netfilter/nf_conntrack_tcp.h
  HDRINST usr/include/linux/netfilter/nf_conntrack_tuple_common.h
  HDRINST usr/include/linux/netfilter/nf_log.h
  UPD     include/generated/timeconst.h
  HDRINST usr/include/linux/netfilter/nf_nat.h
  HDRINST usr/include/linux/netfilter/nf_synproxy.h
  HDRINST usr/include/linux/netfilter/nf_tables.h
  HDRINST usr/include/linux/netfilter/nf_tables_compat.h
  CC      kernel/bounds.s
  CHKSHA1 /home/ubuntu/work/Kernel-6.18-LTS/include/linux/atomic/atomic-arch-fallback.h
  CHKSHA1 /home/ubuntu/work/Kernel-6.18-LTS/include/linux/atomic/atomic-instrumented.h
  HDRINST usr/include/linux/netfilter/nfnetlink.h
  CHKSHA1 /home/ubuntu/work/Kernel-6.18-LTS/include/linux/atomic/atomic-long.h
  HDRINST usr/include/linux/netfilter/nfnetlink_acct.h
  HDRINST usr/include/linux/netfilter/nfnetlink_compat.h
  HDRINST usr/include/linux/netfilter/nfnetlink_conntrack.h
  HDRINST usr/include/linux/netfilter/nfnetlink_cthelper.h
  HDRINST usr/include/linux/netfilter/nfnetlink_cttimeout.h
  HDRINST usr/include/linux/netfilter/nfnetlink_hook.h
  HDRINST usr/include/linux/netfilter/nfnetlink_log.h
  HDRINST usr/include/linux/netfilter/nfnetlink_osf.h
  HDRINST usr/include/linux/netfilter/nfnetlink_queue.h
  HDRINST usr/include/linux/netfilter/x_tables.h
  HDRINST usr/include/linux/netfilter/xt_AUDIT.h
  HDRINST usr/include/linux/netfilter/xt_CHECKSUM.h
  HDRINST usr/include/linux/netfilter/xt_CLASSIFY.h
  HDRINST usr/include/linux/netfilter/xt_CONNMARK.h
  HDRINST usr/include/linux/netfilter/xt_CONNSECMARK.h
  HDRINST usr/include/linux/netfilter/xt_CT.h
  HDRINST usr/include/linux/netfilter/xt_DSCP.h
  HDRINST usr/include/linux/netfilter/xt_HMARK.h
  HDRINST usr/include/linux/netfilter/xt_IDLETIMER.h
  HDRINST usr/include/linux/netfilter/xt_LED.h
  HDRINST usr/include/linux/netfilter/xt_LOG.h
  HDRINST usr/include/linux/netfilter/xt_MARK.h
  HDRINST usr/include/linux/netfilter/xt_NFLOG.h
  HDRINST usr/include/linux/netfilter/xt_NFQUEUE.h
  HDRINST usr/include/linux/netfilter/xt_RATEEST.h
  HDRINST usr/include/linux/netfilter/xt_SECMARK.h
  HDRINST usr/include/linux/netfilter/xt_SYNPROXY.h
  HDRINST usr/include/linux/netfilter/xt_TCPMSS.h
  HDRINST usr/include/linux/netfilter/xt_TCPOPTSTRIP.h
  HDRINST usr/include/linux/netfilter/xt_TEE.h
  HDRINST usr/include/linux/netfilter/xt_TPROXY.h
  HDRINST usr/include/linux/netfilter/xt_addrtype.h
  HDRINST usr/include/linux/netfilter/xt_bpf.h
  HDRINST usr/include/linux/netfilter/xt_cgroup.h
  HDRINST usr/include/linux/netfilter/xt_cluster.h
  HDRINST usr/include/linux/netfilter/xt_comment.h
  HDRINST usr/include/linux/netfilter/xt_connbytes.h
  HDRINST usr/include/linux/netfilter/xt_connlabel.h
  HDRINST usr/include/linux/netfilter/xt_connlimit.h
  HDRINST usr/include/linux/netfilter/xt_connmark.h
  HDRINST usr/include/linux/netfilter/xt_conntrack.h
  HDRINST usr/include/linux/netfilter/xt_dccp.h
  HDRINST usr/include/linux/netfilter/xt_cpu.h
  HDRINST usr/include/linux/netfilter/xt_devgroup.h
  HDRINST usr/include/linux/netfilter/xt_dscp.h
  HDRINST usr/include/linux/netfilter/xt_ecn.h
  HDRINST usr/include/linux/netfilter/xt_esp.h
  HDRINST usr/include/linux/netfilter/xt_hashlimit.h
  HDRINST usr/include/linux/netfilter/xt_helper.h
  HDRINST usr/include/linux/netfilter/xt_ipcomp.h
  HDRINST usr/include/linux/netfilter/xt_iprange.h
  HDRINST usr/include/linux/netfilter/xt_ipvs.h
  HDRINST usr/include/linux/netfilter/xt_l2tp.h
  HDRINST usr/include/linux/netfilter/xt_length.h
  HDRINST usr/include/linux/netfilter/xt_limit.h
  HDRINST usr/include/linux/netfilter/xt_mac.h
  HDRINST usr/include/linux/netfilter/xt_mark.h
  HDRINST usr/include/linux/netfilter/xt_multiport.h
  HDRINST usr/include/linux/netfilter/xt_nfacct.h
  HDRINST usr/include/linux/netfilter/xt_osf.h
  HDRINST usr/include/linux/netfilter/xt_owner.h
  UPD     include/generated/bounds.h
  HDRINST usr/include/linux/netfilter/xt_physdev.h
  HDRINST usr/include/linux/netfilter/xt_pkttype.h
  HDRINST usr/include/linux/netfilter/xt_policy.h
  CC      arch/arm64/kernel/asm-offsets.s
  HDRINST usr/include/linux/netfilter/xt_quota.h
  HDRINST usr/include/linux/netfilter/xt_rateest.h
  HDRINST usr/include/linux/netfilter/xt_realm.h
  HDRINST usr/include/linux/netfilter/xt_recent.h
  HDRINST usr/include/linux/netfilter/xt_rpfilter.h
  HDRINST usr/include/linux/netfilter/xt_sctp.h
  HDRINST usr/include/linux/netfilter/xt_set.h
  HDRINST usr/include/linux/netfilter/xt_socket.h
  HDRINST usr/include/linux/netfilter/xt_state.h
  HDRINST usr/include/linux/netfilter/xt_statistic.h
  HDRINST usr/include/linux/netfilter/xt_string.h
  HDRINST usr/include/linux/netfilter/xt_tcpmss.h
  HDRINST usr/include/linux/netfilter/xt_tcpudp.h
  HDRINST usr/include/linux/netfilter/xt_u32.h
  HDRINST usr/include/linux/netfilter/xt_time.h
  HDRINST usr/include/linux/netfilter_arp.h
  HDRINST usr/include/linux/netfilter_arp/arp_tables.h
  HDRINST usr/include/linux/netfilter_arp/arpt_mangle.h
  HDRINST usr/include/linux/netfilter_bridge.h
  HDRINST usr/include/linux/netfilter_bridge/ebt_802_3.h
  HDRINST usr/include/linux/netfilter_bridge/ebt_among.h
  HDRINST usr/include/linux/netfilter_bridge/ebt_arp.h
  HDRINST usr/include/linux/netfilter_bridge/ebt_arpreply.h
  HDRINST usr/include/linux/netfilter_bridge/ebt_ip.h
  HDRINST usr/include/linux/netfilter_bridge/ebt_limit.h
  HDRINST usr/include/linux/netfilter_bridge/ebt_ip6.h
  HDRINST usr/include/linux/netfilter_bridge/ebt_log.h
  HDRINST usr/include/linux/netfilter_bridge/ebt_mark_m.h
  HDRINST usr/include/linux/netfilter_bridge/ebt_mark_t.h
  HDRINST usr/include/linux/netfilter_bridge/ebt_nat.h
  HDRINST usr/include/linux/netfilter_bridge/ebt_nflog.h
  HDRINST usr/include/linux/netfilter_bridge/ebt_pkttype.h
  HDRINST usr/include/linux/netfilter_bridge/ebt_redirect.h
  HDRINST usr/include/linux/netfilter_bridge/ebt_stp.h
  HDRINST usr/include/linux/netfilter_bridge/ebtables.h
  HDRINST usr/include/linux/netfilter_ipv4.h
  HDRINST usr/include/linux/netfilter_bridge/ebt_vlan.h
  HDRINST usr/include/linux/netfilter_ipv4/ip_tables.h
  HDRINST usr/include/linux/netfilter_ipv4/ipt_CLUSTERIP.h
  HDRINST usr/include/linux/netfilter_ipv4/ipt_ECN.h
  HDRINST usr/include/linux/netfilter_ipv4/ipt_LOG.h
  HDRINST usr/include/linux/netfilter_ipv4/ipt_REJECT.h
  HDRINST usr/include/linux/netfilter_ipv4/ipt_TTL.h
  HDRINST usr/include/linux/netfilter_ipv4/ipt_ah.h
  HDRINST usr/include/linux/netfilter_ipv4/ipt_ttl.h
  HDRINST usr/include/linux/netfilter_ipv6.h
  HDRINST usr/include/linux/netfilter_ipv4/ipt_ecn.h
  HDRINST usr/include/linux/netfilter_ipv6/ip6_tables.h
  HDRINST usr/include/linux/netfilter_ipv6/ip6t_HL.h
  HDRINST usr/include/linux/netfilter_ipv6/ip6t_LOG.h
  HDRINST usr/include/linux/netfilter_ipv6/ip6t_NPT.h
  HDRINST usr/include/linux/netfilter_ipv6/ip6t_REJECT.h
  HDRINST usr/include/linux/netfilter_ipv6/ip6t_ah.h
  HDRINST usr/include/linux/netfilter_ipv6/ip6t_frag.h
  HDRINST usr/include/linux/netfilter_ipv6/ip6t_hl.h
  HDRINST usr/include/linux/netfilter_ipv6/ip6t_ipv6header.h
  HDRINST usr/include/linux/netfilter_ipv6/ip6t_mh.h
  HDRINST usr/include/linux/netfilter_ipv6/ip6t_opts.h
  HDRINST usr/include/linux/netfilter_ipv6/ip6t_rt.h
  HDRINST usr/include/linux/netfilter_ipv6/ip6t_srh.h
  HDRINST usr/include/linux/netlink.h
  HDRINST usr/include/linux/netlink_diag.h
  HDRINST usr/include/linux/netrom.h
  HDRINST usr/include/linux/nexthop.h
  HDRINST usr/include/linux/nfc.h
  HDRINST usr/include/linux/nfs.h
  HDRINST usr/include/linux/nfs2.h
  HDRINST usr/include/linux/nfs3.h
  HDRINST usr/include/linux/nfs4.h
  HDRINST usr/include/linux/nfs4_mount.h
  HDRINST usr/include/linux/nfs_fs.h
  HDRINST usr/include/linux/nfs_idmap.h
  HDRINST usr/include/linux/nfs_mount.h
  HDRINST usr/include/linux/nfsacl.h
  HDRINST usr/include/linux/nfsd/cld.h
  HDRINST usr/include/linux/nfsd/debug.h
  HDRINST usr/include/linux/nfsd/export.h
  HDRINST usr/include/linux/nfsd/stats.h
  HDRINST usr/include/linux/nfsd_netlink.h
  HDRINST usr/include/linux/nilfs2_api.h
  HDRINST usr/include/linux/nilfs2_ondisk.h
  HDRINST usr/include/linux/nitro_enclaves.h
  HDRINST usr/include/linux/nl80211-vnd-intel.h
  HDRINST usr/include/linux/nl80211.h
  HDRINST usr/include/linux/npcm-video.h
  HDRINST usr/include/linux/nsfs.h
  HDRINST usr/include/linux/nsm.h
  HDRINST usr/include/linux/ntsync.h
  HDRINST usr/include/linux/nubus.h
  HDRINST usr/include/linux/nvme_ioctl.h
  HDRINST usr/include/linux/nvram.h
  HDRINST usr/include/linux/omap3isp.h
  HDRINST usr/include/linux/omapfb.h
  HDRINST usr/include/linux/oom.h
  HDRINST usr/include/linux/openat2.h
  HDRINST usr/include/linux/openvswitch.h
  HDRINST usr/include/linux/ovpn.h
  HDRINST usr/include/linux/packet_diag.h
  HDRINST usr/include/linux/papr_pdsm.h
  HDRINST usr/include/linux/param.h
  HDRINST usr/include/linux/patchkey.h
  HDRINST usr/include/linux/parport.h
  HDRINST usr/include/linux/pci.h
  HDRINST usr/include/linux/pci_regs.h
  HDRINST usr/include/linux/pcitest.h
  HDRINST usr/include/linux/perf_event.h
  HDRINST usr/include/linux/personality.h
  HDRINST usr/include/linux/pfkeyv2.h
  HDRINST usr/include/linux/pfrut.h
  HDRINST usr/include/linux/pg.h
  HDRINST usr/include/linux/phantom.h
  HDRINST usr/include/linux/phonet.h
  HDRINST usr/include/linux/pidfd.h
  HDRINST usr/include/linux/pkt_cls.h
  HDRINST usr/include/linux/pktcdvd.h
  HDRINST usr/include/linux/pkt_sched.h
  HDRINST usr/include/linux/pmu.h
  HDRINST usr/include/linux/poll.h
  HDRINST usr/include/linux/posix_acl.h
  HDRINST usr/include/linux/posix_acl_xattr.h
  HDRINST usr/include/linux/posix_types.h
  HDRINST usr/include/linux/ppdev.h
  HDRINST usr/include/linux/ppp-comp.h
  HDRINST usr/include/linux/ppp-ioctl.h
  HDRINST usr/include/linux/ppp_defs.h
  HDRINST usr/include/linux/pps.h
  HDRINST usr/include/linux/pps_gen.h
  HDRINST usr/include/linux/pr.h
  HDRINST usr/include/linux/prctl.h
  HDRINST usr/include/linux/psample.h
  HDRINST usr/include/linux/psci.h
  HDRINST usr/include/linux/psp-dbc.h
  HDRINST usr/include/linux/psp-sev.h
  HDRINST usr/include/linux/psp-sfs.h
  HDRINST usr/include/linux/psp.h
  HDRINST usr/include/linux/ptp_clock.h
  HDRINST usr/include/linux/ptrace.h
  HDRINST usr/include/linux/pwm.h
  HDRINST usr/include/linux/qemu_fw_cfg.h
  HDRINST usr/include/linux/qnx4_fs.h
  HDRINST usr/include/linux/qnxtypes.h
  HDRINST usr/include/linux/qrtr.h
  HDRINST usr/include/linux/quota.h
  HDRINST usr/include/linux/radeonfb.h
  HDRINST usr/include/linux/raid/md_p.h
  HDRINST usr/include/linux/raid/md_u.h
  HDRINST usr/include/linux/random.h
  HDRINST usr/include/linux/rds.h
  HDRINST usr/include/linux/reboot.h
  HDRINST usr/include/linux/remoteproc_cdev.h
  HDRINST usr/include/linux/resource.h
  HDRINST usr/include/linux/rfkill.h
  HDRINST usr/include/linux/rio_cm_cdev.h
  HDRINST usr/include/linux/rio_mport_cdev.h
  HDRINST usr/include/linux/rkisp1-config.h
  HDRINST usr/include/linux/romfs_fs.h
  HDRINST usr/include/linux/rose.h
  HDRINST usr/include/linux/route.h
  HDRINST usr/include/linux/rpl.h
  HDRINST usr/include/linux/rpl_iptunnel.h
  HDRINST usr/include/linux/rpmsg.h
  HDRINST usr/include/linux/rpmsg_types.h
  HDRINST usr/include/linux/rseq.h
  HDRINST usr/include/linux/rtc.h
  HDRINST usr/include/linux/rtnetlink.h
  HDRINST usr/include/linux/rxrpc.h
  HDRINST usr/include/linux/scc.h
  HDRINST usr/include/linux/sched.h
  HDRINST usr/include/linux/sched/types.h
  HDRINST usr/include/linux/scif_ioctl.h
  HDRINST usr/include/linux/screen_info.h
  HDRINST usr/include/linux/sctp.h
  HDRINST usr/include/linux/seccomp.h
  HDRINST usr/include/linux/securebits.h
  HDRINST usr/include/linux/sed-opal.h
  HDRINST usr/include/linux/seg6.h
  HDRINST usr/include/linux/seg6_genl.h
  HDRINST usr/include/linux/seg6_hmac.h
  HDRINST usr/include/linux/seg6_iptunnel.h
  HDRINST usr/include/linux/seg6_local.h
  HDRINST usr/include/linux/selinux_netlink.h
  HDRINST usr/include/linux/sem.h
  HDRINST usr/include/linux/serial.h
  HDRINST usr/include/linux/serial_core.h
  HDRINST usr/include/linux/serial_reg.h
  HDRINST usr/include/linux/serio.h
  HDRINST usr/include/linux/sev-guest.h
  HDRINST usr/include/linux/shm.h
  HDRINST usr/include/linux/signal.h
  HDRINST usr/include/linux/signalfd.h
  HDRINST usr/include/linux/smc.h
  HDRINST usr/include/linux/smc_diag.h
  HDRINST usr/include/linux/snmp.h
  HDRINST usr/include/linux/sock_diag.h
  HDRINST usr/include/linux/smiapp.h
  HDRINST usr/include/linux/socket.h
  HDRINST usr/include/linux/sockios.h
  HDRINST usr/include/linux/sonypi.h
  HDRINST usr/include/linux/sonet.h
  HDRINST usr/include/linux/sound.h
  HDRINST usr/include/linux/soundcard.h
  HDRINST usr/include/linux/spi/spi.h
  HDRINST usr/include/linux/spi/spidev.h
  HDRINST usr/include/linux/stat.h
  HDRINST usr/include/linux/stddef.h
  HDRINST usr/include/linux/stm.h
  HDRINST usr/include/linux/string.h
  HDRINST usr/include/linux/sunrpc/debug.h
  HDRINST usr/include/linux/surface_aggregator/cdev.h
  HDRINST usr/include/linux/surface_aggregator/dtx.h
  HDRINST usr/include/linux/suspend_ioctls.h
  HDRINST usr/include/linux/swab.h
  HDRINST usr/include/linux/switchtec_ioctl.h
  HDRINST usr/include/linux/sync_file.h
  HDRINST usr/include/linux/synclink.h
  HDRINST usr/include/linux/sysctl.h
  HDRINST usr/include/linux/sysinfo.h
  HDRINST usr/include/linux/target_core_user.h
  HDRINST usr/include/linux/taskstats.h
  HDRINST usr/include/linux/tc_act/tc_bpf.h
  HDRINST usr/include/linux/tc_act/tc_connmark.h
  HDRINST usr/include/linux/tc_act/tc_csum.h
  HDRINST usr/include/linux/tc_act/tc_ct.h
  HDRINST usr/include/linux/tc_act/tc_ctinfo.h
  HDRINST usr/include/linux/tc_act/tc_defact.h
  HDRINST usr/include/linux/tc_act/tc_gact.h
  HDRINST usr/include/linux/tc_act/tc_gate.h
  HDRINST usr/include/linux/tc_act/tc_ife.h
  HDRINST usr/include/linux/tc_act/tc_mirred.h
  HDRINST usr/include/linux/tc_act/tc_mpls.h
  HDRINST usr/include/linux/tc_act/tc_nat.h
  HDRINST usr/include/linux/tc_act/tc_pedit.h
  HDRINST usr/include/linux/tc_act/tc_sample.h
  HDRINST usr/include/linux/tc_act/tc_skbedit.h
  HDRINST usr/include/linux/tc_act/tc_skbmod.h
  HDRINST usr/include/linux/tc_act/tc_tunnel_key.h
  HDRINST usr/include/linux/tc_act/tc_vlan.h
  HDRINST usr/include/linux/tc_ematch/tc_em_cmp.h
  HDRINST usr/include/linux/tc_ematch/tc_em_ipt.h
  HDRINST usr/include/linux/tc_ematch/tc_em_meta.h
  HDRINST usr/include/linux/tc_ematch/tc_em_nbyte.h
  HDRINST usr/include/linux/tc_ematch/tc_em_text.h
  HDRINST usr/include/linux/tcp.h
  HDRINST usr/include/linux/tcp_metrics.h
  HDRINST usr/include/linux/tdx-guest.h
  HDRINST usr/include/linux/tee.h
  HDRINST usr/include/linux/thermal.h
  HDRINST usr/include/linux/thp7312.h
  HDRINST usr/include/linux/termios.h
  HDRINST usr/include/linux/time.h
  HDRINST usr/include/linux/time_types.h
  HDRINST usr/include/linux/timerfd.h
  HDRINST usr/include/linux/times.h
  HDRINST usr/include/linux/timex.h
  HDRINST usr/include/linux/tiocl.h
  HDRINST usr/include/linux/tipc.h
  HDRINST usr/include/linux/tipc_config.h
  HDRINST usr/include/linux/tipc_netlink.h
  HDRINST usr/include/linux/tipc_sockets_diag.h
  HDRINST usr/include/linux/tls.h
  HDRINST usr/include/linux/toshiba.h
  HDRINST usr/include/linux/tps6594_pfsm.h
  HDRINST usr/include/linux/trace_mmap.h
  HDRINST usr/include/linux/tty.h
  HDRINST usr/include/linux/tty_flags.h
  HDRINST usr/include/linux/types.h
  HDRINST usr/include/linux/ublk_cmd.h
  HDRINST usr/include/linux/udmabuf.h
  HDRINST usr/include/linux/udf_fs_i.h
  HDRINST usr/include/linux/udp.h
  HDRINST usr/include/linux/uinput.h
  HDRINST usr/include/linux/uhid.h
  HDRINST usr/include/linux/uio.h
  HDRINST usr/include/linux/uleds.h
  HDRINST usr/include/linux/ultrasound.h
  HDRINST usr/include/linux/um_timetravel.h
  HDRINST usr/include/linux/un.h
  HDRINST usr/include/linux/unistd.h
  HDRINST usr/include/linux/unix_diag.h
  HDRINST usr/include/linux/usb/android_accessory.h
  HDRINST usr/include/linux/usb/audio.h
  HDRINST usr/include/linux/usb/cdc-wdm.h
  HDRINST usr/include/linux/usb/cdc.h
  HDRINST usr/include/linux/usb/ch11.h
  HDRINST usr/include/linux/usb/ch9.h
  HDRINST usr/include/linux/usb/charger.h
  HDRINST usr/include/linux/usb/functionfs.h
  HDRINST usr/include/linux/usb/g_hid.h
  HDRINST usr/include/linux/usb/g_printer.h
  HDRINST usr/include/linux/usb/g_uvc.h
  HDRINST usr/include/linux/usb/gadgetfs.h
  HDRINST usr/include/linux/usb/midi.h
  HDRINST usr/include/linux/usb/raw_gadget.h
  HDRINST usr/include/linux/usb/tmc.h
  HDRINST usr/include/linux/usb/video.h
  HDRINST usr/include/linux/usbdevice_fs.h
  HDRINST usr/include/linux/usbip.h
  HDRINST usr/include/linux/user_events.h
  HDRINST usr/include/linux/userfaultfd.h
  HDRINST usr/include/linux/userio.h
  HDRINST usr/include/linux/utime.h
  HDRINST usr/include/linux/utsname.h
  HDRINST usr/include/linux/uuid.h
  HDRINST usr/include/linux/uvcvideo.h
  HDRINST usr/include/linux/v4l2-common.h
  HDRINST usr/include/linux/v4l2-controls.h
  HDRINST usr/include/linux/v4l2-dv-timings.h
  HDRINST usr/include/linux/v4l2-mediabus.h
  HDRINST usr/include/linux/v4l2-subdev.h
  HDRINST usr/include/linux/vbox_err.h
  HDRINST usr/include/linux/vbox_vmmdev_types.h
  HDRINST usr/include/linux/vboxguest.h
  HDRINST usr/include/linux/vdpa.h
  HDRINST usr/include/linux/vduse.h
  HDRINST usr/include/linux/vesa.h
  HDRINST usr/include/linux/veth.h
  HDRINST usr/include/linux/vfio.h
  HDRINST usr/include/linux/vfio_ccw.h
  HDRINST usr/include/linux/vhost.h
  HDRINST usr/include/linux/vfio_zdev.h
  HDRINST usr/include/linux/vhost_types.h
  HDRINST usr/include/linux/videodev2.h
  HDRINST usr/include/linux/virtio_9p.h
  HDRINST usr/include/linux/virtio_balloon.h
  HDRINST usr/include/linux/virtio_blk.h
  HDRINST usr/include/linux/virtio_bt.h
  HDRINST usr/include/linux/virtio_config.h
  HDRINST usr/include/linux/virtio_console.h
  HDRINST usr/include/linux/virtio_crypto.h
  HDRINST usr/include/linux/virtio_fs.h
  HDRINST usr/include/linux/virtio_gpio.h
  HDRINST usr/include/linux/virtio_gpu.h
  HDRINST usr/include/linux/virtio_i2c.h
  HDRINST usr/include/linux/virtio_ids.h
  HDRINST usr/include/linux/virtio_input.h
  HDRINST usr/include/linux/virtio_iommu.h
  HDRINST usr/include/linux/virtio_mem.h
  HDRINST usr/include/linux/virtio_mmio.h
  HDRINST usr/include/linux/virtio_net.h
  HDRINST usr/include/linux/virtio_pci.h
  HDRINST usr/include/linux/virtio_pcidev.h
  HDRINST usr/include/linux/virtio_pmem.h
  HDRINST usr/include/linux/virtio_ring.h
  HDRINST usr/include/linux/virtio_rng.h
  HDRINST usr/include/linux/virtio_rtc.h
  HDRINST usr/include/linux/virtio_scmi.h
  HDRINST usr/include/linux/virtio_scsi.h
  HDRINST usr/include/linux/virtio_snd.h
  HDRINST usr/include/linux/virtio_spi.h
  HDRINST usr/include/linux/virtio_types.h
  HDRINST usr/include/linux/virtio_vsock.h
  HDRINST usr/include/linux/vm_sockets.h
  HDRINST usr/include/linux/vm_sockets_diag.h
  HDRINST usr/include/linux/vmclock-abi.h
  HDRINST usr/include/linux/vmcore.h
  HDRINST usr/include/linux/vsockmon.h
  HDRINST usr/include/linux/vt.h
  HDRINST usr/include/linux/vtpm_proxy.h
  HDRINST usr/include/linux/wait.h
  HDRINST usr/include/linux/watch_queue.h
  HDRINST usr/include/linux/watchdog.h
  HDRINST usr/include/linux/wireguard.h
  HDRINST usr/include/linux/wmi.h
  HDRINST usr/include/linux/wireless.h
  HDRINST usr/include/linux/wwan.h
  HDRINST usr/include/linux/x25.h
  HDRINST usr/include/linux/xdp_diag.h
  HDRINST usr/include/linux/xattr.h
  HDRINST usr/include/linux/xfrm.h
  HDRINST usr/include/linux/xilinx-v4l2-controls.h
  HDRINST usr/include/linux/zorro.h
  HDRINST usr/include/linux/zorro_ids.h
  HDRINST usr/include/linux/zram_ioctl.h
  HDRINST usr/include/misc/amd-apml.h
  HDRINST usr/include/misc/fastrpc.h
  HDRINST usr/include/misc/mrvl_cn10k_dpi.h
  HDRINST usr/include/misc/ocxl.h
  HDRINST usr/include/misc/pvpanic.h
  HDRINST usr/include/misc/uacce/hisi_qm.h
  HDRINST usr/include/misc/uacce/uacce.h
  HDRINST usr/include/mtd/inftl-user.h
  HDRINST usr/include/misc/xilinx_sdfec.h
  HDRINST usr/include/mtd/mtd-abi.h
  HDRINST usr/include/mtd/mtd-user.h
  HDRINST usr/include/mtd/nftl-user.h
  HDRINST usr/include/mtd/ubi-user.h
  HDRINST usr/include/rdma/bnxt_re-abi.h
  HDRINST usr/include/rdma/cxgb4-abi.h
  HDRINST usr/include/rdma/efa-abi.h
  HDRINST usr/include/rdma/erdma-abi.h
  HDRINST usr/include/rdma/hfi/hfi1_ioctl.h
  HDRINST usr/include/rdma/hfi/hfi1_user.h
  HDRINST usr/include/rdma/hns-abi.h
  HDRINST usr/include/rdma/ib_user_ioctl_cmds.h
  HDRINST usr/include/rdma/ib_user_ioctl_verbs.h
  HDRINST usr/include/rdma/ib_user_mad.h
  HDRINST usr/include/rdma/ib_user_sa.h
  HDRINST usr/include/rdma/ib_user_verbs.h
  HDRINST usr/include/rdma/ionic-abi.h
  HDRINST usr/include/rdma/irdma-abi.h
  HDRINST usr/include/rdma/mana-abi.h
  HDRINST usr/include/rdma/mlx4-abi.h
  HDRINST usr/include/rdma/mlx5-abi.h
  HDRINST usr/include/rdma/mlx5_user_ioctl_cmds.h
  HDRINST usr/include/rdma/mlx5_user_ioctl_verbs.h
  HDRINST usr/include/rdma/mthca-abi.h
  HDRINST usr/include/rdma/ocrdma-abi.h
  HDRINST usr/include/rdma/qedr-abi.h
  HDRINST usr/include/rdma/rdma_netlink.h
  HDRINST usr/include/rdma/rdma_user_cm.h
  HDRINST usr/include/rdma/rdma_user_ioctl.h
  HDRINST usr/include/rdma/rdma_user_ioctl_cmds.h
  HDRINST usr/include/rdma/rdma_user_rxe.h
  HDRINST usr/include/rdma/rvt-abi.h
  HDRINST usr/include/rdma/siw-abi.h
  HDRINST usr/include/rdma/vmw_pvrdma-abi.h
  HDRINST usr/include/regulator/regulator.h
  HDRINST usr/include/scsi/fc/fc_els.h
  HDRINST usr/include/scsi/fc/fc_fs.h
  HDRINST usr/include/scsi/fc/fc_gs.h
  HDRINST usr/include/scsi/fc/fc_ns.h
  HDRINST usr/include/scsi/scsi_bsg_fc.h
  HDRINST usr/include/scsi/scsi_bsg_mpi3mr.h
  HDRINST usr/include/scsi/scsi_bsg_ufs.h
  HDRINST usr/include/scsi/scsi_netlink.h
  HDRINST usr/include/scsi/scsi_netlink_fc.h
  HDRINST usr/include/sound/asequencer.h
  HDRINST usr/include/sound/asoc.h
  HDRINST usr/include/sound/asound.h
  HDRINST usr/include/sound/asound_fm.h
  HDRINST usr/include/sound/compress_offload.h
  HDRINST usr/include/sound/compress_params.h
  HDRINST usr/include/sound/emu10k1.h
  HDRINST usr/include/sound/fcp.h
  HDRINST usr/include/sound/firewire.h
  HDRINST usr/include/sound/hdsp.h
  HDRINST usr/include/sound/hdspm.h
  HDRINST usr/include/sound/intel/avs/tokens.h
  HDRINST usr/include/sound/sb16_csp.h
  HDRINST usr/include/sound/scarlett2.h
  HDRINST usr/include/sound/sfnt_info.h
  HDRINST usr/include/sound/skl-tplg-interface.h
  HDRINST usr/include/sound/snd_ar_tokens.h
  HDRINST usr/include/sound/sof/abi.h
  HDRINST usr/include/sound/snd_sst_tokens.h
  HDRINST usr/include/sound/sof/fw.h
  HDRINST usr/include/sound/sof/header.h
  HDRINST usr/include/sound/sof/tokens.h
  HDRINST usr/include/sound/tlv.h
  HDRINST usr/include/video/edid.h
  HDRINST usr/include/sound/usb_stream.h
  HDRINST usr/include/video/sisfb.h
  HDRINST usr/include/video/uvesafb.h
  HDRINST usr/include/xen/evtchn.h
  HDRINST usr/include/xen/gntalloc.h
  HDRINST usr/include/xen/gntdev.h
  HDRINST usr/include/xen/privcmd.h
  HDRINST usr/include/linux/version.h
  HDRINST usr/include/asm/auxvec.h
  HDRINST usr/include/asm/bitsperlong.h
  HDRINST usr/include/asm/bpf_perf_event.h
  HDRINST usr/include/asm/byteorder.h
  HDRINST usr/include/asm/fcntl.h
  HDRINST usr/include/asm/hwcap.h
  HDRINST usr/include/asm/kvm.h
  HDRINST usr/include/asm/mman.h
  HDRINST usr/include/asm/perf_regs.h
  HDRINST usr/include/asm/param.h
  HDRINST usr/include/asm/posix_types.h
  HDRINST usr/include/asm/ptrace.h
  HDRINST usr/include/asm/setup.h
  HDRINST usr/include/asm/sigcontext.h
  HDRINST usr/include/asm/signal.h
  HDRINST usr/include/asm/statfs.h
  HDRINST usr/include/asm/sve_context.h
  HDRINST usr/include/asm/ucontext.h
  HDRINST usr/include/asm/unistd.h
  HDRINST usr/include/asm/errno.h
  HDRINST usr/include/asm/kvm_para.h
  HDRINST usr/include/asm/ioctl.h
  HDRINST usr/include/asm/ioctls.h
  HDRINST usr/include/asm/ipcbuf.h
  HDRINST usr/include/asm/msgbuf.h
  HDRINST usr/include/asm/poll.h
  HDRINST usr/include/asm/resource.h
  HDRINST usr/include/asm/sembuf.h
  HDRINST usr/include/asm/shmbuf.h
  HDRINST usr/include/asm/siginfo.h
  HDRINST usr/include/asm/socket.h
  HDRINST usr/include/asm/stat.h
  HDRINST usr/include/asm/sockios.h
  HDRINST usr/include/asm/swab.h
  HDRINST usr/include/asm/termios.h
  HDRINST usr/include/asm/termbits.h
  HDRINST usr/include/asm/types.h
  HDRINST usr/include/asm/unistd_64.h
  UPD     include/generated/asm-offsets.h
  CC      kernel/sched/rq-offsets.s
  UPD     include/generated/rq-offsets.h
  CALL    /home/ubuntu/work/Kernel-6.18-LTS/scripts/checksyscalls.sh
  LDS     arch/arm64/kernel/vdso/vdso.lds
  CC      arch/arm64/kernel/vdso/vgettimeofday.o
  AS      arch/arm64/kernel/vdso/note.o
  AS      arch/arm64/kernel/vdso/sigreturn.o
  CC      arch/arm64/kernel/vdso/vgetrandom.o
  AS      arch/arm64/kernel/vdso/vgetrandom-chacha.o
  LD      arch/arm64/kernel/vdso/vdso.so.dbg
  VDSOSYM include/generated/vdso-offsets.h
  OBJCOPY arch/arm64/kernel/vdso/vdso.so
  LDS     arch/arm64/kernel/vdso32/vdso.lds
  CC32    arch/arm64/kernel/vdso32/vgettimeofday.o
  CC32    arch/arm64/kernel/vdso32/note.o
  HOSTCC  arch/arm64/kernel/vdso32/../../../arm/vdso/vdsomunge
  LD32    arch/arm64/kernel/vdso32/vdso.so.raw
  MUNGE   arch/arm64/kernel/vdso32/vdso32.so.dbg
  OBJCOPY arch/arm64/kernel/vdso32/vdso.so
  LDS     scripts/module.lds
  CC      init/main.o
  HOSTCC  usr/gen_init_cpio
  CC      certs/system_keyring.o
  CC      arch/arm64/kernel/probes/kprobes.o
  CC      kernel/sched/core.o
  CC      arch/arm64/kernel/pi/idreg-override.o
  GEN     usr/initramfs_data.cpio
  COPY    usr/initramfs_inc_data
  AS      usr/initramfs_data.o
  AR      usr/built-in.a
  CC      arch/arm64/kernel/probes/decode-insn.o
  HOSTCC  certs/extract-cert
  COPY    certs/x509.genkey
  CERT    certs/x509_certificate_list
  GENKEY  certs/signing_key.pem
..+..+.......+...+++++++++++++++++++++++++++++++++++++++++++++++++++++++++++++++++*...+.......+...........+....+...+...+...........+...+.+.....+.......+..+.+......+..............+.+....................+.+++++++++++++++++++++++++++++++++++++++++++++++++++++++++++++++++*..+....+......+..+...+...+......+....+..............................+................  HOSTCC  arch/arm64/kernel/pi/relacheck
.+...+................+........+.+.........+..+.+............+...............+.......................+....+......+.....+...+....+...........+......+....+..+...+.+..  AS      arch/arm64/kernel/probes/kprobes_trampoline.o
...+...+.............+...+....  CC      arch/arm64/kernel/pi/map_kernel.o
.......+...+.+..+....+...........+...+........................+.............+...............+..............+.........+......+  CC      arch/arm64/kernel/pi/map_range.o
.+.........+.....................+.....+.........+.+...+.....+.+........+.+......+...........+.......+................................+...+...+...+....+........+.........+...............+....+.....+.......+..+............+.........................+...+.....+.++++++++++++++++++++++++++++++++  CC      arch/arm64/kernel/probes/simulate-insn.o
+++++++++++++++++++++++++++++++++
..+..+...+......+....+..+.........+++++++++++++++++++++++++++++++++++++++++++++++++++++++++++++++++*.+......+.....+..................+.......+..+.+......+........+.+..+.......+.....+.+.....+....+.....+.+.....+..........+.....+....+..+.........+....+...+...+..+.......+..+.............+......+..+...+.+...+...+..+..........+...+..+......+......+.+...+.....+.......+....................+...+.........+...+.......+.....+++++++++++++++++++++++++++++++++++++++++++++++++++++++++++++++++*..+...+...+....+......+...............+..+.......+...........+...+.......+..+............+.+...+......+....................+...................+...............+.........+..+.........+.........+...+.......+...+..+......+.........+...+..........+..+......+.+...........+...+......+.+.....+.......+...............+...+............+..+................+...+.........+..+..........+.........+...........+....+.........+.....+......  UPD     init/utsversion-tmp.h
+....+...........+.+......++  CC      init/do_mounts.o
+++++++++++++++++++++++++++++++++++++++++++++++++++++++++++++++
-----
  CERT    certs/signing_key.x509
  CC      arch/arm64/kernel/probes/uprobes.o
  AS      certs/system_certificates.o
  AR      certs/built-in.a
  CC      arch/arm64/kernel/pi/lib-fdt.o
  CC      mm/kasan/common.o
  CC      arch/arm64/kernel/pi/lib-fdt_ro.o
  CC      arch/arm64/kernel/pi/relocate.o
  CC      kernel/sched/fair.o
  CC      arch/arm64/kernel/pi/kaslr_early.o
  AR      arch/arm64/kernel/probes/built-in.a
  CC      kernel/sched/build_policy.o
  CC      init/do_mounts_rd.o
  CC      arch/arm64/kernel/pi/patch-scs.o
  CC      mm/kasan/report.o
  OBJCOPY arch/arm64/kernel/pi/idreg-override.pi.o
  OBJCOPY arch/arm64/kernel/pi/map_kernel.pi.o
  OBJCOPY arch/arm64/kernel/pi/map_range.pi.o
  OBJCOPY arch/arm64/kernel/pi/lib-fdt.pi.o
  OBJCOPY arch/arm64/kernel/pi/lib-fdt_ro.pi.o
  OBJCOPY arch/arm64/kernel/pi/relocate.pi.o
  OBJCOPY arch/arm64/kernel/pi/kaslr_early.pi.o
  OBJCOPY arch/arm64/kernel/pi/patch-scs.pi.o
  AR      arch/arm64/kernel/pi/built-in.a
  CC      arch/arm64/kernel/debug-monitors.o
  CC      init/do_mounts_initrd.o
  CC      mm/kasan/hw_tags.o
  CC      init/initramfs.o
  AS      arch/arm64/kernel/entry.o
  CC      arch/arm64/kernel/irq.o
  CC      kernel/sched/build_utility.o
  CC      mm/kasan/report_hw_tags.o
  CC      kernel/sched/vendor_hooks.o
  CC      init/calibrate.o
  CC      arch/arm64/kernel/fpsimd.o
  CC      init/init_task.o
  CC      mm/kasan/tags.o
  CC      init/version.o
  CC      arch/arm64/kernel/entry-common.o
  CC      mm/kasan/report_tags.o
  AS      arch/arm64/kernel/entry-fpsimd.o
  AR      init/built-in.a
  AR      fs/notify/dnotify/built-in.a
  CC      fs/crypto/crypto.o
  AR      ipc/built-in.a
  CC      fs/notify/inotify/inotify_fsnotify.o
  CC      fs/crypto/fname.o
  AR      kernel/sched/built-in.a
  CC      kernel/locking/mutex.o
  CC      arch/arm64/kernel/process.o
  CC      fs/notify/inotify/inotify_user.o
  AR      mm/kasan/built-in.a
  CC      mm/kfence/core.o
  CC      fs/crypto/hkdf.o
  CC      fs/crypto/hooks.o
  CC      mm/damon/core.o
  AR      fs/notify/inotify/built-in.a
  CC      arch/arm64/kernel/ptrace.o
  AR      fs/notify/fanotify/built-in.a
  CC      fs/notify/fsnotify.o
  CC      fs/crypto/keyring.o
  CC      kernel/locking/semaphore.o
  CC      mm/kfence/report.o
  CC      kernel/locking/rwsem.o
  CC      fs/crypto/keysetup.o
  CC      fs/notify/notification.o
  AR      mm/kfence/built-in.a
  CC      mm/filemap.o
  CC      mm/damon/ops-common.o
  CC      arch/arm64/kernel/setup.o
  CC      fs/notify/group.o
  CC      kernel/locking/percpu-rwsem.o
  CC      fs/crypto/keysetup_v1.o
  CC      arch/arm64/kernel/signal.o
  CC      mm/damon/vaddr.o
  CC      fs/notify/mark.o
  CC      fs/crypto/policy.o
  CC      kernel/locking/spinlock.o
  CC      kernel/locking/osq_lock.o
  CC      fs/notify/fdinfo.o
  CC      fs/crypto/bio.o
  CC      kernel/locking/qspinlock.o
  CC      mm/damon/paddr.o
  CC      mm/damon/sysfs-common.o
  CC      arch/arm64/kernel/sys.o
  AR      fs/notify/built-in.a
  CC      mm/damon/sysfs-schemes.o
  CC      fs/crypto/inline_crypt.o
  CC      kernel/locking/rtmutex_api.o
  CC      mm/damon/sysfs.o
  CC      kernel/locking/qrwlock.o
  CC      arch/arm64/kernel/stacktrace.o
  CC      arch/arm64/kernel/time.o
  AR      fs/crypto/built-in.a
  CC      fs/verity/enable.o
  CC      fs/iomap/trace.o
  AR      kernel/locking/built-in.a
  CC      kernel/power/qos.o
  AR      mm/damon/built-in.a
  CC      mm/mempool.o
  CC      mm/oom_kill.o
  CC      fs/verity/hash_algs.o
  CC      arch/arm64/kernel/traps.o
  CC      fs/iomap/iter.o
  CC      mm/fadvise.o
  CC      kernel/power/main.o
  CC      fs/verity/init.o
  CC      fs/iomap/buffered-io.o
  CC      arch/arm64/kernel/io.o
  CC      fs/iomap/direct-io.o
  CC      kernel/power/process.o
  CC      mm/maccess.o
  CC      arch/arm64/kernel/vdso.o
  CC      fs/verity/measure.o
  CC      mm/page-writeback.o
  CC      fs/iomap/ioend.o
  AS      arch/arm64/kernel/hyp-stub.o
  CC      mm/folio-compat.o
  CC      kernel/power/suspend.o
  CC      arch/arm64/kernel/psci.o
  CC      fs/verity/open.o
  CC      fs/iomap/fiemap.o
  CC      arch/arm64/kernel/cpu_ops.o
  CC      arch/arm64/kernel/return_address.o
  CC      kernel/power/hibernate.o
  CC      fs/verity/pagecache.o
  CC      mm/readahead.o
  CC      arch/arm64/kernel/cpuinfo.o
  CC      fs/iomap/seek.o
  CC      fs/iomap/swapfile.o
  CC      fs/verity/read_metadata.o
  CC      arch/arm64/kernel/cpu_errata.o
  CC      kernel/power/snapshot.o
  CC      arch/arm64/kernel/cpufeature.o
  AR      fs/iomap/built-in.a
  CC      fs/quota/dquot.o
  CC      fs/verity/verify.o
  CC      mm/swap.o
  CC      arch/arm64/kernel/alternative.o
  CC      kernel/power/swap.o
  CC      fs/quota/quota_v2.o
  AR      fs/verity/built-in.a
  CC      fs/proc/task_mmu.o
  CC      arch/arm64/kernel/cacheinfo.o
  CC      fs/proc/inode.o
  CC      arch/arm64/kernel/smp.o
  CC      fs/quota/quota_tree.o
  CC      mm/truncate.o
  CC      fs/proc/root.o
  CC      kernel/power/user.o
  CC      fs/quota/quota.o
  CC      fs/proc/base.o
  CC      arch/arm64/kernel/smp_spin_table.o
  CC      kernel/power/wakelock.o
  CC      fs/proc/generic.o
  CC      mm/vmscan.o
  CC      fs/quota/kqid.o
  CC      arch/arm64/kernel/topology.o
  CC      kernel/power/poweroff.o
  CC      fs/proc/array.o
  AR      fs/quota/built-in.a
  AS      arch/arm64/kernel/smccc-call.o
  CC      fs/proc/fd.o
  CC      kernel/power/wakeup_reason.o
  CC      arch/arm64/kernel/syscall.o
  CC      arch/arm64/kernel/proton-pack.o
  CC      kernel/power/energy_model.o
  CC      fs/proc/proc_tty.o
  CC      fs/proc/cmdline.o
  CC      arch/arm64/kernel/idle.o
  CC      arch/arm64/kernel/patching.o
  CC      arch/arm64/kernel/rsi.o
  CC      fs/proc/consoles.o
  AR      kernel/power/built-in.a
  CC      kernel/printk/printk.o
  CC      arch/arm64/kernel/jump_label.o
  CC      arch/arm64/kernel/sys32.o
  CC      fs/proc/cpuinfo.o
  CC      fs/proc/devices.o
  CC      arch/arm64/kernel/signal32.o
  CC      fs/proc/interrupts.o
  CC      arch/arm64/kernel/sys_compat.o
  CC      mm/shrinker.o
  CC      fs/proc/loadavg.o
  CC      fs/proc/meminfo.o
  CC      kernel/printk/printk_safe.o
  AS      arch/arm64/kernel/sigreturn32.o
  CC      fs/kernfs/mount.o
  AS      arch/arm64/kernel/kuser32.o
  CC      arch/arm64/kernel/ftrace.o
  AS      arch/arm64/kernel/entry-ftrace.o
  CC      arch/arm64/kernel/module.o
  CC      kernel/printk/nbcon.o
  CC      fs/proc/stat.o
  CC      mm/shmem.o
  CC      arch/arm64/kernel/module-plts.o
  CC      fs/kernfs/inode.o
  CC      arch/arm64/kernel/perf_regs.o
  CC      fs/proc/uptime.o
  CC      kernel/printk/printk_ringbuffer.o
  CC      arch/arm64/kernel/perf_callchain.o
  CC      fs/proc/util.o
  CC      kernel/printk/sysctl.o
  CC      arch/arm64/kernel/hw_breakpoint.o
  CC      fs/kernfs/dir.o
  AR      kernel/printk/built-in.a
  CC      kernel/irq/irqdesc.o
  CC      fs/proc/version.o
  CC      kernel/irq/handle.o
  CC      mm/util.o
  AS      arch/arm64/kernel/sleep.o
  CC      arch/arm64/kernel/suspend.o
  CC      fs/kernfs/file.o
  CC      fs/proc/softirqs.o
  CC      kernel/irq/manage.o
  CC      fs/kernfs/symlink.o
  CC      arch/arm64/kernel/efi.o
  CC      fs/proc/namespaces.o
  CC      fs/proc/self.o
  CC      mm/mmzone.o
  AR      fs/kernfs/built-in.a
  CC      fs/sysfs/file.o
  CC      kernel/irq/spurious.o
  AS      arch/arm64/kernel/efi-rt-wrapper.o
  CC      fs/sysfs/dir.o
  CC      arch/arm64/kernel/pci.o
  CC      fs/proc/thread_self.o
  CC      fs/sysfs/symlink.o
  CC      mm/vmstat.o
  CC      mm/backing-dev.o
  CC      kernel/irq/resend.o
  CC      fs/proc/proc_sysctl.o
  CC      arch/arm64/kernel/armv8_deprecated.o
  CC      fs/sysfs/mount.o
  CC      kernel/irq/chip.o
  CC      arch/arm64/kernel/paravirt.o
  CC      mm/mm_init.o
  CC      kernel/irq/dummychip.o
  CC      fs/proc/proc_net.o
  CC      fs/sysfs/group.o
  CC      kernel/irq/devres.o
  CC      arch/arm64/kernel/kaslr.o
  CC      kernel/irq/kexec.o
  CC      arch/arm64/kernel/hibernate.o
  AR      fs/sysfs/built-in.a
  CC      fs/configfs/inode.o
  CC      fs/proc/kmsg.o
  CC      kernel/irq/generic-chip.o
  CC      mm/percpu.o
  CC      kernel/irq/autoprobe.o
  CC      fs/proc/page.o
  CC      fs/configfs/file.o
  AS      arch/arm64/kernel/hibernate-asm.o
  CC      arch/arm64/kernel/elfcore.o
  CC      kernel/irq/irqdomain.o
  CC      kernel/irq/proc.o
  CC      fs/configfs/dir.o
  CC      fs/proc/bootconfig.o
  CC      arch/arm64/kernel/sdei.o
  CC      kernel/irq/cpuhotplug.o
  CC      mm/slab_common.o
  CC      mm/compaction.o
  AR      fs/proc/built-in.a
  CC      fs/devpts/inode.o
  CC      arch/arm64/kernel/pointer_auth.o
  CC      fs/configfs/symlink.o
  CC      kernel/irq/pm.o
  CC      arch/arm64/kernel/mte.o
  AR      fs/devpts/built-in.a
  CC      fs/ext4/balloc.o
  CC      fs/configfs/mount.o
  CC      kernel/irq/msi.o
  AS      arch/arm64/kernel/vdso-wrap.o
  AS      arch/arm64/kernel/vdso32-wrap.o
  CC      fs/configfs/item.o
  CC      fs/ext4/bitmap.o
  AS      arch/arm64/kernel/head.o
  LDS     arch/arm64/kernel/vmlinux.lds
  AR      arch/arm64/kernel/built-in.a
  CC      arch/arm64/mm/dma-mapping.o
  CC      arch/arm64/mm/extable.o
  CC      mm/show_mem.o
  CC      kernel/irq/ipi.o
  CC      kernel/irq/affinity.o
  AR      fs/configfs/built-in.a
  CC      fs/jbd2/transaction.o
  CC      fs/ext4/block_validity.o
  CC      arch/arm64/mm/fault.o
  CC      arch/arm64/mm/init.o
  AR      kernel/irq/built-in.a
  CC      kernel/rcu/update.o
  CC      mm/interval_tree.o
  CC      fs/ext4/dir.o
  CC      fs/jbd2/commit.o
  CC      kernel/rcu/sync.o
  AS      arch/arm64/mm/cache.o
  CC      arch/arm64/mm/copypage.o
  CC      kernel/rcu/srcutree.o
  CC      mm/list_lru.o
  CC      fs/ext4/ext4_jbd2.o
  CC      arch/arm64/mm/flush.o
  CC      fs/jbd2/recovery.o
  CC      mm/workingset.o
  CC      kernel/rcu/tree.o
  CC      fs/ext4/extents.o
  CC      fs/ext4/extents_status.o
  CC      arch/arm64/mm/ioremap.o
  CC      fs/jbd2/checkpoint.o
  CC      mm/debug.o
  CC      arch/arm64/mm/mmap.o
  CC      fs/jbd2/revoke.o
  CC      fs/ext4/file.o
  CC      arch/arm64/mm/pgd.o
  CC      mm/gup.o
  CC      kernel/rcu/rcu_segcblist.o
  CC      fs/ext4/fsmap.o
  CC      fs/jbd2/journal.o
  CC      fs/ext4/fsync.o
  CC      arch/arm64/mm/mem_encrypt.o
  AR      kernel/rcu/built-in.a
  AR      kernel/livepatch/built-in.a
  CC      kernel/dma/mapping.o
  CC      arch/arm64/mm/mmu.o
  CC      kernel/dma/direct.o
  CC      fs/ext4/hash.o
  CC      mm/mmap_lock.o
  CC      kernel/dma/ops_helpers.o
  AR      fs/jbd2/built-in.a
  CC      fs/ext4/ialloc.o
  CC      fs/ramfs/inode.o
  CC      mm/vma_init.o
  CC      arch/arm64/mm/context.o
  CC      mm/pgsize_migration.o
  CC      kernel/dma/dummy.o
  CC      fs/ramfs/file-mmu.o
  CC      fs/ext4/indirect.o
  CC      mm/page_size_compat.o
  CC      kernel/dma/contiguous.o
  AS      arch/arm64/mm/proc.o
  CC      mm/vma_readahead_boundary.o
  CC      arch/arm64/mm/pageattr.o
  AR      fs/ramfs/built-in.a
  CC      fs/fat/cache.o
  CC      kernel/dma/coherent.o
  CC      fs/fat/dir.o
  CC      mm/highmem.o
  CC      arch/arm64/mm/fixmap.o
  CC      fs/ext4/inline.o
  CC      fs/fat/fatent.o
  CC      kernel/dma/swiotlb.o
  CC      mm/memory.o
  CC      arch/arm64/mm/contpte.o
  CC      kernel/dma/pool.o
  CC      fs/ext4/inode.o
  CC      fs/fat/file.o
  CC      fs/fat/inode.o
  CC      arch/arm64/mm/ptdump.o
  CC      kernel/dma/remap.o
  CC      fs/fat/misc.o
  AR      kernel/dma/built-in.a
  CC      kernel/entry/common.o
  CC      arch/arm64/mm/trans_pgd.o
  AS      arch/arm64/mm/trans_pgd-asm.o
  CC      arch/arm64/mm/mteswap.o
  CC      fs/fat/nfs.o
  CC      arch/arm64/mm/gcs.o
  CC      kernel/entry/virt.o
  CC      fs/ext4/ioctl.o
  CC      arch/arm64/mm/kasan_init.o
  CC      mm/mincore.o
  CC      fs/fat/namei_vfat.o
  AR      kernel/entry/built-in.a
  AR      kernel/unwind/built-in.a
  AR      arch/arm64/mm/built-in.a
  CC      mm/mlock.o
  CC      arch/arm64/net/bpf_jit_comp.o
  CC      kernel/module/main.o
  CC      fs/ext4/mballoc.o
  AS      arch/arm64/net/bpf_timed_may_goto.o
  CC      fs/fat/namei_msdos.o
  CC [M]  fs/fat/fat_test.o
  CC      mm/mmap.o
  AR      arch/arm64/net/built-in.a
  CC      arch/arm64/kvm/hyp/vhe/timer-sr.o
  CC      kernel/module/strict_rwx.o
  CC      arch/arm64/kvm/hyp/vhe/sysreg-sr.o
  AR      fs/fat/built-in.a
  CC      fs/exfat/inode.o
  CC      kernel/module/kmod.o
  CC      kernel/module/signing.o
  CC      fs/ext4/migrate.o
  CC      mm/mmu_gather.o
  CC      fs/exfat/namei.o
  CC      arch/arm64/kvm/hyp/vhe/debug-sr.o
  CC      fs/exfat/dir.o
  CC      kernel/module/tree_lookup.o
  CC      fs/ext4/mmp.o
  CC      fs/exfat/super.o
  CC      kernel/module/kallsyms.o
  CC      mm/mprotect.o
  CC      fs/exfat/fatent.o
  CC      arch/arm64/kvm/hyp/vhe/switch.o
  CC      fs/ext4/move_extent.o
  CC      kernel/module/procfs.o
  CC      fs/exfat/cache.o
  CC      fs/exfat/nls.o
  CC      kernel/module/sysfs.o
  CC      fs/ext4/namei.o
  CC      mm/mremap.o
  CC      fs/exfat/misc.o
  CC      fs/exfat/file.o
  CC      kernel/module/version.o
  CC      arch/arm64/kvm/hyp/vhe/tlb.o
  CC      fs/exfat/balloc.o
  AR      kernel/module/built-in.a
  CC      kernel/time/time.o
  CC      kernel/futex/core.o
  CC      mm/msync.o
  CC      fs/ext4/page-io.o
  AR      fs/exfat/built-in.a
  CC      kernel/futex/syscalls.o
  CC      arch/arm64/kvm/hyp/vhe/../vgic-v3-sr.o
  CC      mm/page_vma_mapped.o
  CC      kernel/time/timer.o
  CC      fs/ext4/readpage.o
  CC      kernel/futex/pi.o
  CC      kernel/futex/requeue.o
  CC      kernel/futex/waitwake.o
  CC      arch/arm64/kvm/hyp/vhe/../aarch32.o
  CC      mm/pagewalk.o
  CC      mm/pgtable-generic.o
  CC      fs/ext4/resize.o
  CC      kernel/time/hrtimer.o
  AR      kernel/futex/built-in.a
  CC      kernel/cgroup/cgroup.o
  CC      arch/arm64/kvm/hyp/vhe/../vgic-v2-cpuif-proxy.o
  AS      arch/arm64/kvm/hyp/vhe/../entry.o
  AS      arch/arm64/kvm/hyp/vhe/../fpsimd.o
  CC      mm/rmap.o
  AS      arch/arm64/kvm/hyp/vhe/../hyp-entry.o
  CC      fs/ext4/super.o
  CC      arch/arm64/kvm/hyp/vhe/../exception.o
  CC      kernel/time/sleep_timeout.o
  CC      kernel/time/timekeeping.o
  CC      kernel/time/ntp.o
  AR      arch/arm64/kvm/hyp/vhe/built-in.a
  LDS     arch/arm64/kvm/hyp/nvhe/hyp.lds
  CC      arch/arm64/kvm/hyp/nvhe/timer-sr.nvhe.o
  CC      kernel/time/clocksource.o
  CC      kernel/time/jiffies.o
  CC      kernel/cgroup/rstat.o
  CC      mm/vmalloc.o
  CC      mm/vma.o
  CC      kernel/time/timer_list.o
  CC      arch/arm64/kvm/hyp/nvhe/sysreg-sr.nvhe.o
  CC      kernel/cgroup/namespace.o
  CC      kernel/time/timeconv.o
  CC      kernel/cgroup/cgroup-v1.o
  CC      kernel/time/timecounter.o
  CC      arch/arm64/kvm/hyp/nvhe/debug-sr.nvhe.o
  CC      kernel/time/alarmtimer.o
  CC      fs/ext4/symlink.o
  CC      mm/vma_exec.o
  CC      fs/ext4/sysfs.o
  CC      fs/ext4/xattr.o
  CC      arch/arm64/kvm/hyp/nvhe/switch.nvhe.o
  CC      kernel/cgroup/freezer.o
  CC      kernel/time/posix-timers.o
  CC      mm/process_vm_access.o
  CC      fs/ext4/xattr_hurd.o
  CC      kernel/cgroup/legacy_freezer.o
  CC      arch/arm64/kvm/hyp/nvhe/tlb.nvhe.o
  CC      fs/ext4/xattr_trusted.o
  CC      kernel/time/posix-cpu-timers.o
  CC      mm/mseal.o
  CC      fs/ext4/xattr_user.o
  CC      kernel/cgroup/pids.o
  CC      fs/ext4/fast_commit.o
  CC      kernel/time/posix-clock.o
  AS      arch/arm64/kvm/hyp/nvhe/hyp-init.nvhe.o
  CC      fs/ext4/orphan.o
  CC      kernel/cgroup/cpuset.o
  AS      arch/arm64/kvm/hyp/nvhe/host.nvhe.o
  CC      mm/page_alloc.o
  CC      arch/arm64/kvm/hyp/nvhe/hyp-main.nvhe.o
  CC      kernel/time/itimer.o
  CC      fs/ext4/acl.o
  CC      fs/ext4/xattr_security.o
  CC      kernel/cgroup/cpuset-v1.o
  CC      fs/ext4/verity.o
  CC      kernel/time/clockevents.o
  CC      fs/ext4/crypto.o
  CC      arch/arm64/kvm/hyp/nvhe/hyp-smp.nvhe.o
  CC [M]  fs/ext4/inode-test.o
  AR      kernel/cgroup/built-in.a
  CC      kernel/time/tick-common.o
  CC      kernel/time/tick-broadcast.o
  AR      fs/ext4/built-in.a
  CC      kernel/time/tick-broadcast-hrtimer.o
  CC      arch/arm64/kvm/hyp/nvhe/psci-relay.nvhe.o
  LD [M]  fs/ext4/ext4-inode-test.o
  CC      fs/exportfs/expfs.o
  CC      mm/shuffle.o
  CC      fs/nls/nls_base.o
  CC      kernel/time/sched_clock.o
  CC      kernel/time/tick-oneshot.o
  AR      fs/exportfs/built-in.a
  CC      fs/unicode/utf8-norm.o
  CC      fs/nls/nls_cp437.o
  CC      fs/fuse/trace.o
  CC      kernel/time/tick-sched.o
  CC      arch/arm64/kvm/hyp/nvhe/alloc.nvhe.o
  CC      mm/page_frag_cache.o
  CC      fs/nls/nls_cp737.o
  CC      fs/unicode/utf8-core.o
  CC      fs/nls/nls_cp775.o
  COPY    fs/unicode/utf8data.c
  CC      fs/unicode/utf8data.o
  CC      fs/fuse/dev.o
  CC      kernel/time/timer_migration.o
  CC      mm/init-mm.o
  CC      fs/nls/nls_cp850.o
  CC      arch/arm64/kvm/hyp/nvhe/early_alloc.nvhe.o
  AR      fs/unicode/built-in.a
  CC      fs/overlayfs/super.o
  CC      fs/nls/nls_cp852.o
  CC      mm/memblock.o
  CC      fs/nls/nls_cp855.o
  CC      arch/arm64/kvm/hyp/nvhe/page_alloc.nvhe.o
  CC      kernel/time/vsyscall.o
  CC      fs/overlayfs/namei.o
  CC      fs/nls/nls_cp857.o
  CC      fs/fuse/dir.o
  CC      kernel/time/timekeeping_debug.o
  CC      fs/nls/nls_cp860.o
  CC      fs/overlayfs/util.o
  CC      mm/memory_hotplug.o
  AS      arch/arm64/kvm/hyp/nvhe/cache.nvhe.o
  CC      arch/arm64/kvm/hyp/nvhe/setup.nvhe.o
  CC      kernel/time/namespace.o
  CC      fs/nls/nls_cp861.o
  CC      fs/overlayfs/inode.o
  CC      fs/nls/nls_cp862.o
  CC [M]  kernel/time/time_test.o
  CC      mm/slub.o
  CC      arch/arm64/kvm/hyp/nvhe/mm.nvhe.o
  CC      fs/nls/nls_cp863.o
  CC      fs/fuse/file.o
  AR      kernel/time/built-in.a
  CC      kernel/trace/trace_clock.o
  CC      fs/overlayfs/file.o
  CC      fs/nls/nls_cp864.o
  CC      kernel/trace/ftrace.o
  CC      arch/arm64/kvm/hyp/nvhe/mem_protect.nvhe.o
  CC      fs/nls/nls_cp865.o
  CC      fs/overlayfs/dir.o
  CC      fs/nls/nls_cp866.o
  CC      fs/fuse/inode.o
  CC      fs/nls/nls_cp869.o
  CC      fs/overlayfs/readdir.o
  CC      fs/nls/nls_cp874.o
  CC      arch/arm64/kvm/hyp/nvhe/sys_regs.nvhe.o
  CC      kernel/trace/ring_buffer.o
  CC      mm/madvise.o
  CC      fs/nls/nls_cp932.o
  CC      fs/fuse/control.o
  CC      fs/overlayfs/copy_up.o
  CC      fs/nls/nls_euc-jp.o
  CC      arch/arm64/kvm/hyp/nvhe/pkvm.nvhe.o
  CC      fs/nls/nls_cp936.o
  CC      fs/fuse/xattr.o
  CC      fs/overlayfs/export.o
  CC      mm/page_io.o
  CC      kernel/trace/trace.o
  CC      fs/nls/nls_cp949.o
  CC      fs/nls/nls_cp950.o
  CC      fs/overlayfs/params.o
  CC      fs/fuse/acl.o
  CC      arch/arm64/kvm/hyp/nvhe/stacktrace.nvhe.o
  CC      fs/nls/nls_cp1250.o
  CC      mm/swap_state.o
  CC      arch/arm64/kvm/hyp/nvhe/ffa.nvhe.o
  CC      fs/nls/nls_cp1251.o
  CC      fs/fuse/readdir.o
  CC      fs/overlayfs/xattrs.o
  CC      fs/nls/nls_ascii.o
  AR      fs/overlayfs/built-in.a
  CC      fs/incfs/data_mgmt.o
  CC      kernel/trace/trace_output.o
  CC      mm/swapfile.o
  CC      fs/nls/nls_iso8859-1.o
  CC      fs/fuse/ioctl.o
  CC      arch/arm64/kvm/hyp/nvhe/serial.nvhe.o
  CC      fs/nls/nls_iso8859-2.o
  CC      kernel/trace/trace_seq.o
  CC      fs/incfs/format.o
  CC      fs/nls/nls_iso8859-3.o
  CC      fs/fuse/iomode.o
  CC      kernel/trace/trace_stat.o
  CC      arch/arm64/kvm/hyp/nvhe/alloc_mgt.nvhe.o
  CC      fs/nls/nls_iso8859-4.o
  CC      fs/incfs/integrity.o
  CC      mm/dmapool.o
  CC      fs/nls/nls_iso8859-5.o
  CC      kernel/trace/trace_printk.o
  CC      fs/incfs/main.o
  CC      fs/fuse/passthrough.o
  CC      arch/arm64/kvm/hyp/nvhe/iommu/iommu.nvhe.o
  CC      fs/nls/nls_iso8859-6.o
  CC      mm/sparse.o
  CC      fs/incfs/pseudo_files.o
  CC      fs/nls/nls_iso8859-7.o
  CC      kernel/trace/pid_list.o
  CC      fs/fuse/backing.o
  CC      arch/arm64/kvm/hyp/nvhe/power/hvc.nvhe.o
  CC      fs/nls/nls_cp1255.o
  CC      mm/sparse-vmemmap.o
  CC      fs/incfs/sysfs.o
  CC      kernel/trace/tracing_map.o
  CC      fs/nls/nls_iso8859-9.o
  CC      arch/arm64/kvm/hyp/nvhe/device/device.nvhe.o
  CC      fs/incfs/vfs.o
  CC      fs/fuse/sysctl.o
  CC      fs/nls/nls_iso8859-13.o
  CC      mm/mmu_notifier.o
  CC      kernel/trace/trace_sched_switch.o
  CC      fs/nls/nls_iso8859-14.o
  CC      fs/fuse/dev_uring.o
  CC      fs/nls/nls_iso8859-15.o
  CC      arch/arm64/kvm/hyp/nvhe/../vgic-v3-sr.nvhe.o
  CC      fs/incfs/verity.o
  CC      mm/migrate.o
  CC      kernel/trace/trace_functions.o
  CC      fs/nls/nls_koi8-r.o
  AR      fs/incfs/built-in.a
  AR      fs/hostfs/built-in.a
  CC      fs/debugfs/inode.o
  CC      fs/fuse/fuse_bpf_backing.o
  CC      fs/nls/nls_koi8-u.o
  CC      kernel/trace/trace_nop.o
  CC      arch/arm64/kvm/hyp/nvhe/../aarch32.nvhe.o
  CC      fs/nls/nls_koi8-ru.o
  CC      mm/huge_memory.o
  CC      kernel/trace/trace_functions_graph.o
  CC      arch/arm64/kvm/hyp/nvhe/../vgic-v2-cpuif-proxy.nvhe.o
  CC      fs/debugfs/file.o
  CC      fs/nls/nls_utf8.o
  CC      fs/fuse/virtio_fs.o
  CC      fs/nls/mac-celtic.o
  CC      kernel/trace/fgraph.o
  AS      arch/arm64/kvm/hyp/nvhe/../entry.nvhe.o
  AS      arch/arm64/kvm/hyp/nvhe/../fpsimd.nvhe.o
  AR      fs/debugfs/built-in.a
  AS      arch/arm64/kvm/hyp/nvhe/../hyp-entry.nvhe.o
  CC      arch/arm64/kvm/hyp/nvhe/../exception.nvhe.o
  CC      fs/nls/mac-centeuro.o
  CC      arch/arm64/kvm/hyp/nvhe/../pgtable.nvhe.o
  AR      fs/fuse/built-in.a
  CC      fs/tracefs/inode.o
  CC      fs/nls/mac-croatian.o
  CC      kernel/trace/blktrace.o
  CC      mm/khugepaged.o
  CC      fs/nls/mac-cyrillic.o
  CC      fs/tracefs/event_inode.o
  CC      arch/arm64/kvm/hyp/nvhe/../../config.nvhe.o
  AS      arch/arm64/kvm/hyp/nvhe/../../../kernel/smccc-call.nvhe.o
  CC      arch/arm64/kvm/hyp/nvhe/iommu/pviommu-host.nvhe.o
  CC      kernel/trace/trace_events.o
  CC      fs/nls/mac-gaelic.o
  CC      fs/nls/mac-greek.o
  AR      fs/tracefs/built-in.a
  CC      fs/f2fs/dir.o
  CC      fs/nls/mac-iceland.o
  CC      fs/f2fs/file.o
  CC      mm/page_counter.o
  CC      arch/arm64/kvm/hyp/nvhe/iommu/pviommu.nvhe.o
  CC      fs/nls/mac-inuit.o
  CC      mm/memcontrol.o
  CC      kernel/trace/trace_export.o
  CC      fs/f2fs/inode.o
  CC      fs/nls/mac-romanian.o
  CC      arch/arm64/kvm/hyp/nvhe/list_debug.nvhe.o
  CC      kernel/trace/trace_syscalls.o
  CC      fs/nls/mac-roman.o
  CC      arch/arm64/kvm/hyp/nvhe/clock.nvhe.o
  CC      fs/nls/mac-turkish.o
  CC      fs/f2fs/namei.o
  CC      arch/arm64/kvm/hyp/nvhe/events.nvhe.o
  AR      fs/nls/built-in.a
  CC      arch/arm64/kvm/hyp/nvhe/trace.nvhe.o
  CC      kernel/trace/trace_event_perf.o
  CC      fs/pstore/inode.o
  CC      fs/f2fs/hash.o
  CC      mm/vmpressure.o
  CC      fs/pstore/platform.o
  CC      kernel/trace/trace_events_filter.o
  CC      arch/arm64/kvm/hyp/nvhe/modules.nvhe.o
  CC      fs/pstore/ftrace.o
  CC      mm/swap_cgroup.o
  CC      fs/f2fs/super.o
  CC      fs/pstore/pmsg.o
  AS      arch/arm64/kvm/hyp/nvhe/../../../lib/clear_page.nvhe.o
  CC      fs/pstore/ram.o
  AS      arch/arm64/kvm/hyp/nvhe/../../../lib/copy_page.nvhe.o
  AS      arch/arm64/kvm/hyp/nvhe/../../../lib/memcpy.nvhe.o
  CC      kernel/trace/trace_events_trigger.o
  CC      fs/pstore/ram_core.o
  CC      mm/page_owner.o
  AS      arch/arm64/kvm/hyp/nvhe/../../../lib/memset.nvhe.o
  LD      arch/arm64/kvm/hyp/nvhe/kvm_nvhe.tmp.o
  HYPREL  arch/arm64/kvm/hyp/nvhe/hyp-reloc.S
  AS      arch/arm64/kvm/hyp/nvhe/hyp-reloc.o
  LD      arch/arm64/kvm/hyp/nvhe/kvm_nvhe.rel.o
  HYPCOPY arch/arm64/kvm/hyp/nvhe/kvm_nvhe.o
  AR      arch/arm64/kvm/hyp/nvhe/built-in.a
  CC      arch/arm64/kvm/hyp/pgtable.o
  CC      mm/cleancache.o
  AR      fs/pstore/built-in.a
  CC      fs/erofs/super.o
  CC      kernel/trace/trace_eprobe.o
  CC      kernel/trace/trace_events_synth.o
  CC      mm/page_isolation.o
  AR      arch/arm64/kvm/hyp/built-in.a
  CC      arch/arm64/kvm/hyp-constants.s
  CC      fs/erofs/inode.o
  CC      mm/early_ioremap.o
  CC      kernel/trace/trace_events_hist.o
  CC      mm/cma.o
  CC      fs/f2fs/inline.o
  CC      fs/erofs/data.o
  UPD     arch/arm64/kvm/hyp_constants.h
  CC      arch/arm64/kvm/../../../virt/kvm/kvm_main.o
  CC      mm/gcma.o
  CC      fs/erofs/namei.o
  CC      fs/f2fs/checkpoint.o
  CC      fs/erofs/dir.o
  CC      mm/gcma_sysfs.o
  CC      kernel/trace/bpf_trace.o
  CC      fs/erofs/sysfs.o
  CC      mm/balloon_compaction.o
  CC      fs/erofs/xattr.o
  CC      fs/erofs/decompressor.o
  CC      fs/f2fs/gc.o
  CC      arch/arm64/kvm/../../../virt/kvm/eventfd.o
  CC      mm/page_ext.o
  CC      arch/arm64/kvm/../../../virt/kvm/binary_stats.o
  CC      mm/cma_debug.o
  CC      kernel/trace/trace_kprobe.o
  CC      fs/erofs/zmap.o
  CC      arch/arm64/kvm/../../../virt/kvm/vfio.o
  CC      arch/arm64/kvm/../../../virt/kvm/coalesced_mmio.o
  CC      mm/secretmem.o
  CC      fs/f2fs/data.o
  CC      fs/erofs/zdata.o
  CC      arch/arm64/kvm/../../../virt/kvm/irqchip.o
  CC      arch/arm64/kvm/../../../virt/kvm/dirty_ring.o
  CC      kernel/trace/error_report-traces.o
  CC      mm/cma_sysfs.o
  CC      arch/arm64/kvm/../../../virt/kvm/guest_memfd.o
  CC      kernel/trace/power-traces.o
  CC      arch/arm64/kvm/arm.o
  CC      mm/userfaultfd.o
  CC      fs/erofs/zutil.o
  CC      arch/arm64/kvm/mmu.o
  CC      fs/erofs/decompressor_zstd.o
  CC      fs/f2fs/node.o
  CC      kernel/trace/rpm-traces.o
  CC      mm/usercopy.o
  CC      fs/erofs/fileio.o
  CC      kernel/trace/trace_dynevent.o
  CC      mm/hmm.o
  CC      arch/arm64/kvm/mmio.o
  AR      fs/erofs/built-in.a
  CC [M]  fs/netfs/buffered_read.o
  CC      arch/arm64/kvm/psci.o
  CC      kernel/trace/trace_probe.o
  CC      fs/f2fs/segment.o
  CC      mm/memfd.o
  CC [M]  fs/netfs/buffered_write.o
  CC      arch/arm64/kvm/hypercalls.o
  CC      arch/arm64/kvm/pvtime.o
  CC      kernel/trace/trace_btf.o
  CC      mm/ptdump.o
  CC [M]  fs/netfs/direct_read.o
  CC      kernel/trace/trace_uprobe.o
  CC      arch/arm64/kvm/inject_fault.o
  CC      arch/arm64/kvm/va_layout.o
  CC [M]  fs/netfs/direct_write.o
  CC      mm/page_reporting.o
  CC      fs/f2fs/recovery.o
  CC      kernel/trace/trace_boot.o
  CC      arch/arm64/kvm/handle_exit.o
  CC [M]  fs/netfs/iterator.o
  CC      mm/ioremap.o
  CC      arch/arm64/kvm/config.o
  CC      fs/f2fs/shrinker.o
  AR      kernel/trace/built-in.a
  CC      kernel/bpf/core.o
  CC [M]  fs/netfs/locking.o
  CC      mm/execmem.o
  CC      fs/f2fs/extent_cache.o
  CC      kernel/bpf/syscall.o
  CC [M]  fs/netfs/main.o
  CC [M]  mm/zsmalloc.o
  CC      arch/arm64/kvm/guest.o
  CC      kernel/bpf/verifier.o
  CC      fs/f2fs/sysfs.o
  CC [M]  fs/netfs/misc.o
  AR      mm/built-in.a
  CC      security/keys/gc.o
  CC      fs/f2fs/debug.o
  CC      arch/arm64/kvm/debug.o
  CC      security/keys/key.o
  CC [M]  fs/netfs/objects.o
  CC      security/keys/keyring.o
  CC      fs/f2fs/xattr.o
  CC      arch/arm64/kvm/reset.o
  CC      security/keys/keyctl.o
  CC [M]  fs/netfs/read_collect.o
  CC      fs/f2fs/acl.o
  CC      security/keys/permission.o
  CC      arch/arm64/kvm/sys_regs.o
  CC      security/keys/process_keys.o
  CC [M]  fs/netfs/read_pgpriv2.o
  CC      fs/f2fs/verity.o
  CC      security/keys/request_key.o
  CC [M]  fs/netfs/read_retry.o
  CC      fs/f2fs/compress.o
  CC      security/keys/request_key_auth.o
  CC [M]  fs/netfs/read_single.o
  CC [M]  fs/netfs/rolling_buffer.o
  CC      security/keys/user_defined.o
  CC      kernel/bpf/inode.o
  CC [M]  fs/netfs/write_collect.o
  CC      fs/f2fs/iostat.o
  CC      security/keys/compat.o
  CC [M]  fs/netfs/write_issue.o
  CC      arch/arm64/kvm/stacktrace.o
  CC      arch/arm64/kvm/vgic-sys-reg-v3.o
  CC      kernel/bpf/helpers.o
  CC      security/keys/proc.o
  AR      fs/f2fs/built-in.a
  CC      fs/open.o
  CC [M]  fs/netfs/write_retry.o
  CC      arch/arm64/kvm/fpsimd.o
  CC      security/keys/sysctl.o
  CC      arch/arm64/kvm/pkvm.o
  LD [M]  fs/netfs/netfs.o
  CC      fs/read_write.o
  CC      security/keys/keyctl_pkey.o
  CC      arch/arm64/kvm/arch_timer.o
  CC      kernel/bpf/tnum.o
  CC      arch/arm64/kvm/trng.o
  CC      kernel/bpf/log.o
  AR      security/keys/built-in.a
  HOSTCC  security/selinux/genheaders
  GEN     security/selinux/flask.h security/selinux/av_permissions.h
  CC      security/selinux/avc.o
  CC      arch/arm64/kvm/vmid.o
  CC      fs/file_table.o
  CC      arch/arm64/kvm/emulate-nested.o
  CC      arch/arm64/kvm/nested.o
  CC      kernel/bpf/token.o
  CC      fs/super.o
  CC      security/selinux/hooks.o
  CC      arch/arm64/kvm/at.o
  CC      kernel/bpf/liveness.o
  CC      arch/arm64/kvm/vgic/vgic.o
  CC      arch/arm64/kvm/vgic/vgic-init.o
  CC      fs/char_dev.o
  CC      kernel/bpf/bpf_iter.o
  CC      arch/arm64/kvm/vgic/vgic-irqfd.o
  CC      fs/stat.o
  CC      arch/arm64/kvm/vgic/vgic-v2.o
  CC      arch/arm64/kvm/vgic/vgic-v3.o
  CC      security/selinux/selinuxfs.o
  CC      arch/arm64/kvm/vgic/vgic-v4.o
  CC      kernel/bpf/map_iter.o
  CC      fs/exec.o
  CC      arch/arm64/kvm/vgic/vgic-mmio.o
  CC      fs/pipe.o
  CC      kernel/bpf/task_iter.o
  CC      arch/arm64/kvm/vgic/vgic-mmio-v2.o
  CC      security/selinux/netlink.o
  CC      arch/arm64/kvm/vgic/vgic-mmio-v3.o
  CC      fs/namei.o
  CC      kernel/bpf/prog_iter.o
  CC      kernel/bpf/link_iter.o
  CC      security/selinux/nlmsgtab.o
  CC      arch/arm64/kvm/vgic/vgic-kvm-device.o
  CC      security/selinux/netif.o
  CC      kernel/bpf/hashtab.o
  CC      kernel/bpf/arraymap.o
  CC      arch/arm64/kvm/vgic/vgic-its.o
  CC      arch/arm64/kvm/vgic/vgic-debug.o
  CC      fs/fcntl.o
  CC      security/selinux/netnode.o
  CC      kernel/bpf/percpu_freelist.o
  CC      kernel/bpf/bpf_lru_list.o
  CC      arch/arm64/kvm/vgic/vgic-v3-nested.o
  CC      kernel/bpf/lpm_trie.o
  CC      kernel/bpf/map_in_map.o
  CC      arch/arm64/kvm/vgic/vgic-v5.o
  CC      fs/ioctl.o
  CC      security/selinux/netport.o
  CC      kernel/bpf/bloom_filter.o
  CC      kernel/bpf/local_storage.o
  CC      arch/arm64/kvm/iommu.o
  CC      arch/arm64/kvm/pmu-emul.o
  CC      kernel/bpf/queue_stack_maps.o
  CC      fs/readdir.o
  CC      security/selinux/status.o
  CC      kernel/bpf/ringbuf.o
  CC      kernel/bpf/bpf_local_storage.o
  CC      arch/arm64/kvm/pmu.o
  CC      fs/select.o
  CC      arch/arm64/kvm/pauth.o
  CC      kernel/bpf/bpf_task_storage.o
  CC      security/selinux/ss/ebitmap.o
  CC      arch/arm64/kvm/ptdump.o
  CC      kernel/bpf/bpf_inode_storage.o
  CC      kernel/bpf/disasm.o
  CC      fs/dcache.o
  CC      security/selinux/ss/hashtab.o
  CC      arch/arm64/kvm/hyp_events.o
  CC      kernel/bpf/mprog.o
  CC      security/selinux/ss/symtab.o
  CC      security/selinux/ss/sidtab.o
  CC      arch/arm64/kvm/hyp_trace.o
  CC      security/selinux/ss/avtab.o
  CC      security/selinux/ss/policydb.o
  CC      kernel/bpf/trampoline.o
  CC      fs/inode.o
  CC      security/selinux/ss/services.o
  AR      arch/arm64/kvm/built-in.a
  CC      arch/arm64/gunyah/gunyah_hypercall.o
  CC      security/selinux/ss/conditional.o
  CC      kernel/bpf/btf.o
  CC      arch/arm64/gunyah/timer.o
  CC      security/selinux/ss/mls.o
  CC      security/selinux/ss/context.o
  CC      kernel/bpf/memalloc.o
  AR      arch/arm64/gunyah/built-in.a
  CC      arch/arm64/crypto/ghash-ce-glue.o
  CC      fs/attr.o
  CC      fs/bad_inode.o
  AR      security/selinux/built-in.a
  CC      security/safesetid/lsm.o
  CC      kernel/bpf/rqspinlock.o
  AS      arch/arm64/crypto/ghash-ce-core.o
  AS      arch/arm64/crypto/aes-ce-core.o
  CC      arch/arm64/crypto/aes-ce-glue.o
  CC      fs/file.o
  CC      fs/filesystems.o
  CC      arch/arm64/crypto/aes-glue-ce.o
  CC      security/safesetid/securityfs.o
  CC      kernel/bpf/stream.o
  CC      kernel/bpf/arena.o
  AS      arch/arm64/crypto/aes-ce.o
  CC      fs/namespace.o
  AR      arch/arm64/crypto/built-in.a
  AR      security/safesetid/built-in.a
  CC      security/bpf/hooks.o
  CC      fs/seq_file.o
  CC [M]  arch/arm64/geniezone/../../../drivers/virt/geniezone/gzvm_main.o
  AR      arch/arm64/built-in.a
  CC      kernel/bpf/range_tree.o
  CC      kernel/bpf/dispatcher.o
  CC [M]  arch/arm64/geniezone/../../../drivers/virt/geniezone/gzvm_vm.o
  CC      fs/xattr.o
  AR      security/bpf/built-in.a
  CC      security/landlock/setup.o
  CC      kernel/bpf/devmap.o
  CC      kernel/bpf/cpumap.o
  CC [M]  arch/arm64/geniezone/../../../drivers/virt/geniezone/gzvm_vcpu.o
  CC      security/landlock/syscalls.o
  CC      fs/libfs.o
  CC      fs/fs-writeback.o
  CC [M]  arch/arm64/geniezone/../../../drivers/virt/geniezone/gzvm_irqfd.o
  CC      kernel/bpf/offload.o
  CC      kernel/bpf/net_namespace.o
  CC      security/landlock/object.o
  CC [M]  arch/arm64/geniezone/../../../drivers/virt/geniezone/gzvm_ioeventfd.o
  CC      security/landlock/ruleset.o
  CC      security/landlock/cred.o
  CC      kernel/bpf/tcx.o
  CC      kernel/bpf/stackmap.o
  CC [M]  arch/arm64/geniezone/../../../drivers/virt/geniezone/gzvm_mmu.o
  CC      fs/pnode.o
  CC      security/landlock/task.o
  CC      security/landlock/fs.o
  CC      kernel/bpf/cgroup_iter.o
  CC      fs/splice.o
  CC [M]  arch/arm64/geniezone/../../../drivers/virt/geniezone/gzvm_exception.o
  CC      kernel/bpf/bpf_cgrp_storage.o
  CC      security/landlock/net.o
  CC      kernel/bpf/cgroup.o
  CC [M]  arch/arm64/geniezone/vm.o
  CC [M]  arch/arm64/geniezone/vcpu.o
  CC      kernel/bpf/reuseport_array.o
  CC      fs/sync.o
  CC [M]  arch/arm64/geniezone/vgic.o
  CC [M]  arch/arm64/geniezone/hvc.o
  CC      security/landlock/id.o
  CC      kernel/bpf/sysfs_btf.o
  CC      security/landlock/audit.o
  CC      security/landlock/domain.o
  LD [M]  arch/arm64/geniezone/gzvm.o
  CC      fs/utimes.o
  CC      fs/d_path.o
  CC      fs/stack.o
  CC      kernel/bpf/bpf_struct_ops.o
  CC      kernel/bpf/cpumask.o
  CC      kernel/bpf/bpf_lsm.o
  CC      fs/fs_struct.o
  AR      security/landlock/built-in.a
  CC      fs/statfs.o
  CC      security/integrity/iint.o
  CC      kernel/bpf/crypto.o
  CC      kernel/bpf/relo_core.o
  CC      fs/fs_pin.o
  CC      security/integrity/integrity_audit.o
  CC      kernel/bpf/btf_iter.o
  CC      fs/nsfs.o
  CC      fs/fs_types.o
  CC      fs/fs_context.o
  CC      kernel/bpf/btf_relocate.o
  AR      security/integrity/built-in.a
  CC      security/commoncap.o
  CC      kernel/bpf/kmem_cache_iter.o
  CC      fs/fs_parser.o
  CC      kernel/bpf/dmabuf_iter.o
  CC      fs/fsopen.o
  CC      kernel/bpf/bpf_fuse.o
  CC      fs/init.o
  CC      fs/kernel_read_file.o
  CC      security/lsm_syscalls.o
  CC      security/min_addr.o
  CC      fs/mnt_idmapping.o
  CC      fs/remap_range.o
  AR      kernel/bpf/built-in.a
  CC      fs/pidfs.o
  CC      kernel/events/core.o
  CC      fs/file_attr.o
  CC      security/security.o
  CC      kernel/fork.o
  CC      kernel/exec_domain.o
  CC      kernel/panic.o
  CC      fs/buffer.o
  CC      kernel/cpu.o
  CC      kernel/exit.o
  CC      security/inode.o
  CC      fs/mpage.o
  CC      fs/proc_namespace.o
  CC      kernel/softirq.o
  CC      security/lsm_audit.o
  CC      kernel/resource.o
  CC      kernel/events/ring_buffer.o
  CC      fs/direct-io.o
  CC      fs/eventpoll.o
  CC      kernel/sysctl.o
  CC      security/device_cgroup.o
  CC      kernel/capability.o
  CC      fs/anon_inodes.o
  CC      kernel/events/callchain.o
  CC      kernel/events/hw_breakpoint.o
  AR      security/built-in.a
  CC      crypto/asymmetric_keys/asymmetric_type.o
  CC      crypto/asymmetric_keys/restrict.o
  CC      kernel/ptrace.o
  CC      fs/signalfd.o
  CC      kernel/events/uprobes.o
  CC      crypto/asymmetric_keys/signature.o
  CC      crypto/asymmetric_keys/public_key.o
  ASN.1   crypto/asymmetric_keys/x509.asn1.[ch]
  ASN.1   crypto/asymmetric_keys/x509_akid.asn1.[ch]
  CC      crypto/asymmetric_keys/x509_loader.o
  CC      fs/timerfd.o
  CC      crypto/asymmetric_keys/x509_public_key.o
  ASN.1   crypto/asymmetric_keys/pkcs7.asn1.[ch]
  CC      crypto/asymmetric_keys/pkcs7_trust.o
  CC      kernel/user.o
  CC      crypto/asymmetric_keys/pkcs7_verify.o
  CC      crypto/asymmetric_keys/x509.asn1.o
  CC      crypto/asymmetric_keys/x509_akid.asn1.o
  CC      crypto/asymmetric_keys/x509_cert_parser.o
  CC      crypto/asymmetric_keys/pkcs7.asn1.o
  CC      crypto/asymmetric_keys/pkcs7_parser.o
  AR      kernel/events/built-in.a
  CC      fs/eventfd.o
  CC      kernel/signal.o
  CC      fs/userfaultfd.o
  CC      kernel/sys.o
  CC      fs/aio.o
  AR      crypto/asymmetric_keys/built-in.a
  CC      crypto/api.o
  CC      crypto/cipher.o
  CC      fs/locks.o
  CC      crypto/crypto_engine.o
  CC      fs/binfmt_misc.o
  CC      block/partitions/core.o
  CC      block/bdev.o
  CC      kernel/umh.o
  CC      crypto/algapi.o
  CC      block/partitions/msdos.o
  CC      fs/binfmt_script.o
  CC      fs/binfmt_elf.o
  CC      block/fops.o
  CC      kernel/workqueue.o
  CC      fs/compat_binfmt_elf.o
  CC      block/partitions/efi.o
  CC      crypto/scatterwalk.o
  CC      block/bio.o
  CC      fs/backing-file.o
  AR      block/partitions/built-in.a
  CC      block/elevator.o
  CC      fs/mbcache.o
  CC      crypto/proc.o
  CC      crypto/aead.o
  CC      kernel/pid.o
  CC      fs/posix_acl.o
  CC      block/blk-core.o
  CC      crypto/geniv.o
  CC      block/blk-sysfs.o
  CC      block/blk-flush.o
  CC      fs/coredump.o
  CC      block/blk-settings.o
  CC      crypto/lskcipher.o
  CC      kernel/task_work.o
  CC      block/blk-ioc.o
  CC      block/blk-map.o
  CC      crypto/skcipher.o
  CC      block/blk-merge.o
  CC      kernel/extable.o
  CC      crypto/bpf_crypto_skcipher.o
  CC      block/blk-timeout.o
  CC      fs/drop_caches.o
  CC      crypto/seqiv.o
  CC      crypto/echainiv.o
  CC      kernel/params.o
  CC      kernel/kthread.o
  CC      block/blk-lib.o
  CC      fs/sysctls.o
  CC      fs/bpf_fs_kfuncs.o
  CC      crypto/ahash.o
  CC      crypto/shash.o
  CC      block/blk-mq.o
  CC      crypto/akcipher.o
  CC      kernel/sys_ni.o
  CC      kernel/nsproxy.o
  AR      fs/built-in.a
  CC      io_uring/io_uring.o
  CC      block/blk-mq-tag.o
  CC      crypto/sig.o
  CC      crypto/kpp.o
  CC      kernel/nstree.o
  ASN.1   crypto/rsapubkey.asn1.[ch]
  ASN.1   crypto/rsaprivkey.asn1.[ch]
  CC      crypto/rsa.o
  CC      block/blk-mq-dma.o
  CC      block/blk-stat.o
  CC      kernel/nscommon.o
  CC      crypto/rsa_helper.o
  CC      block/blk-mq-sysfs.o
  CC      block/blk-mq-cpumap.o
  CC      crypto/rsa-pkcs1pad.o
  CC      block/blk-mq-sched.o
  CC      kernel/notifier.o
  CC      io_uring/opdef.o
  CC      block/ioctl.o
  CC      io_uring/kbuf.o
  CC      crypto/rsassa-pkcs1.o
  CC      crypto/acompress.o
  CC      kernel/ksysfs.o
  CC      io_uring/rsrc.o
  CC      crypto/scompress.o
  CC      kernel/cred.o
  CC      io_uring/notif.o
  CC      block/genhd.o
  CC      crypto/algboss.o
  CC      block/ioprio.o
  CC      io_uring/tctx.o
  CC      io_uring/filetable.o
  CC      kernel/reboot.o
  CC      block/badblocks.o
  CC      crypto/testmgr.o
  CC      block/blk-rq-qos.o
  CC      crypto/cmac.o
  CC      crypto/hmac.o
  CC      io_uring/rw.o
  AS      arch/arm64/lib/clear_page.o
  CC      kernel/async.o
  CC      block/disk-events.o
  AS      arch/arm64/lib/clear_user.o
  CC      crypto/xcbc.o
  CC      block/blk-ia-ranges.o
  CC      kernel/range.o
  CC      kernel/smpboot.o
  CC      io_uring/poll.o
  AS      arch/arm64/lib/copy_from_user.o
  CC      block/early-lookup.o
  CC      crypto/crypto_null.o
  CC      block/bsg.o
  CC      kernel/ucount.o
  AS      arch/arm64/lib/copy_page.o
  CC      block/bsg-lib.o
  CC      crypto/md5.o
  CC      kernel/regset.o
  AS      arch/arm64/lib/copy_to_user.o
  CC      io_uring/eventfd.o
  CC      block/blk-cgroup.o
  CC      kernel/ksyms_common.o
  CC      arch/arm64/lib/csum.o
  CC      block/blk-cgroup-rwstat.o
  CC      crypto/sha1.o
  CC      io_uring/uring_cmd.o
  CC      arch/arm64/lib/delay.o
  CC      kernel/groups.o
  CC      crypto/sha256.o
  CC      block/blk-throttle.o
  CC      block/blk-ioprio.o
  CC      arch/arm64/lib/insn.o
  CC      io_uring/openclose.o
  CC      crypto/sha512.o
  CC      kernel/vhost_task.o
  CC      block/blk-iocost.o
  AS      arch/arm64/lib/memchr.o
  CC      block/mq-deadline.o
  CC      io_uring/sqpoll.o
  CC      kernel/kcmp.o
  CC      crypto/sha3_generic.o
  AS      arch/arm64/lib/memcmp.o
  CC      block/kyber-iosched.o
  CC      crypto/blake2b_generic.o
  AS      arch/arm64/lib/memcpy.o
  CC      kernel/freezer.o
  CC      io_uring/xattr.o
  CC      block/bfq-iosched.o
  AS      arch/arm64/lib/memset.o
  CC      crypto/ecb.o
  CC      kernel/profile.o
  AS      arch/arm64/lib/strchr.o
  CC      io_uring/nop.o
  CC      kernel/stacktrace.o
  CC      crypto/cbc.o
  AS      arch/arm64/lib/strcmp.o
  AS      arch/arm64/lib/strlen.o
  CC      kernel/smp.o
  CC      io_uring/fs.o
  CC      block/bfq-wf2q.o
  AS      arch/arm64/lib/strncmp.o
  CC      lib/kunit/hooks.o
  CC      crypto/cts.o
  CC [M]  lib/kunit/test.o
  CC      io_uring/splice.o
  AS      arch/arm64/lib/strnlen.o
  CC      kernel/uid16.o
  CC      block/bfq-cgroup.o
  CC      crypto/xts.o
  AS      arch/arm64/lib/strrchr.o
  CC [M]  lib/kunit/resource.o
  CC      io_uring/sync.o
  CC      crypto/ctr.o
  AS      arch/arm64/lib/tishift.o
  CC      block/blk-zoned.o
  CC      kernel/module_signature.o
  CC [M]  lib/kunit/user_alloc.o
  CC      kernel/kallsyms.o
  CC      io_uring/msg_ring.o
  CC      arch/arm64/lib/uaccess_flushcache.o
  CC      crypto/xctr.o
  CC [M]  lib/kunit/static_stub.o
  CC      block/blk-wbt.o
  CC      kernel/compat.o
  CC      io_uring/advise.o
  AS      arch/arm64/lib/mte.o
  CC [M]  lib/kunit/string-stream.o
  AR      arch/arm64/lib/lib.a
  AR      arch/arm64/lib/built-in.a
  CC      crypto/hctr2.o
  AR      drivers/cache/built-in.a
  CC      drivers/irqchip/irqchip.o
  CC [M]  lib/kunit/assert.o
  CC      io_uring/statx.o
  CC      drivers/irqchip/irq-tegra.o
  CC      kernel/utsname.o
  CC      crypto/adiantum.o
  CC [M]  lib/kunit/try-catch.o
  CC      block/blk-mq-debugfs.o
  CC      io_uring/timeout.o
  UPD     kernel/config_data
  CC      kernel/stop_machine.o
  CC      drivers/irqchip/irq-sun6i-r.o
  CC [M]  lib/kunit/executor.o
  CC      crypto/nhpoly1305.o
  CC      block/blk-pm.o
  CC      drivers/irqchip/irq-sunxi-nmi.o
  CC [M]  lib/kunit/attributes.o
  CC      kernel/audit.o
  CC      io_uring/cancel.o
  CC      crypto/gcm.o
  CC      block/blk-crypto.o
  CC [M]  lib/kunit/device.o
  CC      drivers/irqchip/irq-gic.o
  CC      io_uring/waitid.o
  CC      crypto/ccm.o
  CC      block/blk-crypto-profile.o
  CC [M]  lib/kunit/platform.o
  CC      drivers/irqchip/irq-gic-common.o
  CC      kernel/auditfilter.o
  CC      crypto/chacha20poly1305.o
  CC [M]  lib/kunit/debugfs.o
  CC      io_uring/register.o
  CC      drivers/irqchip/irq-gic-pm.o
  CC      block/blk-crypto-sysfs.o
  CC [M]  lib/kunit/kunit-test.o
  CC      drivers/irqchip/irq-msi-lib.o
  CC      crypto/des_generic.o
  CC      block/blk-crypto-fallback.o
  CC      kernel/auditsc.o
  CC      drivers/irqchip/irq-gic-v2m.o
  CC [M]  lib/kunit/platform-test.o
  CC      crypto/aes_generic.o
  CC      io_uring/truncate.o
  CC      block/holder.o
  CC [M]  lib/kunit/kunit-example-test.o
  CC      crypto/chacha.o
  CC      drivers/irqchip/irq-gic-v3.o
  CC      io_uring/memmap.o
  CC      kernel/audit_watch.o
  LD [M]  lib/kunit/kunit.o
  AR      lib/kunit/built-in.a
  AR      lib/math/tests/built-in.a
  CC      lib/math/div64.o
  AR      block/built-in.a
  CC      lib/math/gcd.o
  CC      crypto/deflate.o
  CC      crypto/authenc.o
  CC      lib/math/lcm.o
  CC      lib/math/int_log.o
  CC      lib/math/int_pow.o
  CC      lib/math/int_sqrt.o
  CC      lib/math/reciprocal_div.o
  CC      io_uring/alloc_cache.o
  CC      drivers/irqchip/irq-gic-v3-mbi.o
  CC      lib/math/rational.o
  CC      kernel/audit_fsnotify.o
  CC      crypto/authencesn.o
  AR      lib/math/built-in.a
  CC      crypto/lzo.o
  AR      lib/crc/tests/built-in.a
  CC      lib/crc/crc8.o
  CC      io_uring/query.o
  CC      drivers/irqchip/irq-gic-its-msi-parent.o
  CC      kernel/audit_tree.o
  CC      crypto/lzo-rle.o
  CC      lib/crc/crc16.o
  CC      crypto/lz4.o
  CC      io_uring/zcrx.o
  CC      drivers/irqchip/irq-gic-v3-its.o
  HOSTCC  lib/crc/gen_crc32table
  AS      lib/crc/arm64/crc32-core.o
  CC [M]  lib/crc/crc-ccitt.o
  GEN     lib/crc/crc32table.h
  CC      lib/crc/crc32-main.o
  CC      crypto/rng.o
  CC      kernel/kprobes.o
  CC      kernel/hung_task.o
  AR      lib/crc/built-in.a
  CC      lib/crypto/mpi/generic_mpih-lshift.o
  CC      io_uring/io-wq.o
  CC      crypto/ansi_cprng.o
  CC      lib/crypto/mpi/generic_mpih-mul1.o
  CC      crypto/drbg.o
  CC      kernel/watchdog.o
  CC      crypto/jitterentropy.o
  CC      drivers/irqchip/irq-gic-v4.o
  CC      drivers/irqchip/irq-gic-v5.o
  CC      lib/crypto/mpi/generic_mpih-mul2.o
  CC      io_uring/futex.o
  CC      drivers/irqchip/irq-gic-v5-irs.o
  CC      crypto/jitterentropy-kcapi.o
  CC      kernel/watchdog_buddy.o
  CC      lib/crypto/mpi/generic_mpih-mul3.o
  CC      io_uring/epoll.o
  CC      drivers/irqchip/irq-gic-v5-its.o
  CC      kernel/seccomp.o
  CC      crypto/ghash-generic.o
  CC      lib/crypto/mpi/generic_mpih-rshift.o
  CC      drivers/irqchip/irq-gic-v5-iwb.o
  CC      io_uring/napi.o
  CC      crypto/zstd.o
  CC      lib/crypto/mpi/generic_mpih-sub1.o
  CC      drivers/irqchip/irq-mbigen.o
  CC      lib/crypto/mpi/generic_mpih-add1.o
  CC      kernel/utsname_sysctl.o
  CC      lib/crypto/mpi/mpicoder.o
  CC      crypto/ecc.o
  AR      drivers/irqchip/built-in.a
  CC      io_uring/net.o
  AR      drivers/phy/allwinner/built-in.a
  AR      drivers/bus/mhi/built-in.a
  AR      drivers/phy/amlogic/built-in.a
  CC      drivers/bus/qcom-ebi2.o
  AR      drivers/phy/broadcom/built-in.a
  AR      drivers/phy/cadence/built-in.a
  CC      kernel/delayacct.o
  AR      drivers/phy/freescale/built-in.a
  AR      drivers/phy/hisilicon/built-in.a
  AR      drivers/phy/ingenic/built-in.a
  AR      drivers/phy/intel/built-in.a
  AR      drivers/phy/lantiq/built-in.a
  AR      drivers/phy/marvell/built-in.a
  AR      drivers/phy/mediatek/built-in.a
  AR      drivers/phy/microchip/built-in.a
  AR      drivers/phy/motorola/built-in.a
  AR      drivers/phy/mscc/built-in.a
  AR      drivers/phy/nuvoton/built-in.a
  CC      drivers/phy/qualcomm/phy-qcom-qmp-combo.o
  CC      lib/crypto/mpi/mpi-add.o
  CC      kernel/taskstats.o
  CC      drivers/bus/simple-pm-bus.o
  CC      lib/crypto/mpi/mpi-bit.o
  CC      io_uring/cmd_net.o
  AR      drivers/bus/built-in.a
  CC      drivers/phy/qualcomm/phy-qcom-qmp-usbc.o
  CC      drivers/phy/qualcomm/phy-qcom-qmp-pcie.o
  CC      crypto/essiv.o
  CC      kernel/tsacct.o
  CC      lib/crypto/mpi/mpi-cmp.o
  CC      drivers/phy/qualcomm/phy-qcom-qmp-pcie-msm8996.o
  CC      crypto/ecdh.o
  CC      io_uring/fdinfo.o
  CC      kernel/tracepoint.o
  CC      drivers/phy/qualcomm/phy-qcom-qmp-ufs.o
  CC      lib/crypto/mpi/mpi-sub-ui.o
  CC      crypto/ecdh_helper.o
  CC      drivers/phy/qualcomm/phy-qcom-qmp-usb.o
  CC      kernel/irq_work.o
  CC      lib/crypto/mpi/mpi-div.o
  AR      io_uring/built-in.a
  CC      sound/core/sound.o
  CC      crypto/rsapubkey.asn1.o
  CC      crypto/rsaprivkey.asn1.o
  AR      crypto/built-in.a
  AR      sound/i2c/other/built-in.a
  AR      sound/i2c/built-in.a
  CC      net/core/sock.o
  CC      virt/lib/irqbypass.o
  CC      kernel/cpu_pm.o
  CC      lib/crypto/mpi/mpi-mod.o
  AR      drivers/phy/qualcomm/built-in.a
  AR      drivers/phy/ralink/built-in.a
  CC      sound/core/init.o
  AR      drivers/phy/realtek/built-in.a
  AR      drivers/phy/renesas/built-in.a
  AR      virt/lib/built-in.a
  AR      virt/built-in.a
  AR      drivers/phy/rockchip/built-in.a
  AR      drivers/phy/samsung/built-in.a
  AR      drivers/phy/socionext/built-in.a
  AR      drivers/phy/st/built-in.a
  AR      drivers/phy/sophgo/built-in.a
  AR      drivers/phy/starfive/built-in.a
  AR      drivers/phy/sunplus/built-in.a
  AR      drivers/phy/tegra/built-in.a
  AR      drivers/phy/ti/built-in.a
  CC      drivers/phy/phy-core.o
  AR      drivers/phy/xilinx/built-in.a
  CC      drivers/phy/phy-core-mipi-dphy.o
  CC      kernel/scs.o
  CC      lib/crypto/mpi/mpi-mul.o
  CC      sound/core/memory.o
  CC      sound/core/control.o
  CC      kernel/cfi.o
  CC      lib/crypto/mpi/mpih-cmp.o
  AR      drivers/phy/built-in.a
  AR      drivers/pinctrl/actions/built-in.a
  AR      drivers/pinctrl/bcm/built-in.a
  AR      drivers/pinctrl/cirrus/built-in.a
  AR      drivers/pinctrl/freescale/built-in.a
  AR      drivers/pinctrl/mediatek/built-in.a
  AR      drivers/pinctrl/mvebu/built-in.a
  AR      drivers/pinctrl/nomadik/built-in.a
  AR      drivers/pinctrl/nuvoton/built-in.a
  AR      drivers/pinctrl/nxp/built-in.a
  AR      sound/drivers/opl3/built-in.a
  AR      drivers/pinctrl/qcom/built-in.a
  AR      sound/drivers/opl4/built-in.a
  AR      drivers/pinctrl/sophgo/built-in.a
  AR      sound/drivers/mpu401/built-in.a
  AR      sound/drivers/vx/built-in.a
  AR      drivers/pinctrl/spacemit/built-in.a
  AR      sound/drivers/pcsp/built-in.a
  AR      sound/drivers/built-in.a
  AR      drivers/pinctrl/sprd/built-in.a
  AR      drivers/pinctrl/starfive/built-in.a
  CC      net/core/request_sock.o
  AR      drivers/pinctrl/sunplus/built-in.a
  CC      drivers/pinctrl/tegra/pinctrl-tegra.o
  CC      lib/crypto/mpi/mpih-div.o
  CC      kernel/jump_label.o
  CC      drivers/pinctrl/tegra/pinctrl-tegra234.o
  CC      lib/crypto/mpi/mpih-mul.o
  CC      sound/core/misc.o
  CC      kernel/context_tracking.o
  CC      kernel/iomem.o
  CC      net/core/skbuff.o
  CC      drivers/pinctrl/tegra/pinctrl-tegra-xusb.o
  CC      lib/crypto/mpi/mpi-pow.o
  CC      sound/core/device.o
  UPD     kernel/kheaders-srclist
  UPD     kernel/kheaders-objlist
  GZIP    kernel/config_data.gz
  UPD     kernel/kheaders.md5
  GEN     kernel/kheaders_data.tar.xz
  CC      kernel/configs.o
  CC      sound/core/info.o
  AR      drivers/pinctrl/tegra/built-in.a
  CC      lib/crypto/mpi/mpiutil.o
  AR      drivers/pinctrl/ti/built-in.a
  AR      kernel/built-in.a
  CC      drivers/pinctrl/core.o
  CC      drivers/pinctrl/pinctrl-utils.o
  CC      drivers/pinctrl/pinmux.o
  AR      lib/crypto/mpi/built-in.a
  CC      lib/crypto/hash_info.o
  CC      sound/core/vmaster.o
  CC      drivers/pinctrl/pinconf.o
  CC      drivers/pinctrl/pinconf-generic.o
  CC      lib/crypto/memneq.o
  CC      sound/core/ctljack.o
  CC      drivers/pinctrl/devicetree.o
  CC      drivers/pinctrl/pinctrl-single.o
  CC      lib/crypto/utils.o
  CC      sound/core/jack.o
  CC      sound/core/hwdep.o
  CC      lib/crypto/aes.o
  CC      net/core/datagram.o
  AR      drivers/pinctrl/built-in.a
  CC      drivers/gpio/gpiolib.o
  CC      lib/crypto/gf128mul.o
  CC      drivers/gpio/gpiolib-devres.o
  CC      sound/core/timer.o
  CC      lib/crypto/blake2s.o
  CC      drivers/gpio/gpiolib-legacy.o
  CC      net/core/stream.o
  CC      lib/crypto/chacha-block-generic.o
  CC      drivers/gpio/gpiolib-of.o
  CC      sound/core/hrtimer.o
  CC      lib/crypto/chacha.o
  CC      drivers/gpio/gpiolib-cdev.o
  AS      lib/crypto/arm64/chacha-neon-core.o
  CC      sound/core/pcm.o
  CC      net/core/scm.o
  CC      net/core/gen_stats.o
  CC      lib/crypto/chacha20poly1305.o
  CC      lib/crypto/curve25519.o
  CC      sound/core/pcm_native.o
  CC      drivers/gpio/gpiolib-swnode.o
  CC      net/core/gen_estimator.o
  CC      net/core/net_namespace.o
  CC      lib/crypto/curve25519-hacl64.o
  CC      drivers/gpio/gpio-mmio.o
  CC      net/core/secure_seq.o
  CC      drivers/gpio/gpio-pl061.o
  CC      net/core/flow_dissector.o
  CC      sound/core/pcm_lib.o
  CC      lib/crypto/des.o
  CC      net/core/sysctl_net_core.o
  AR      drivers/gpio/built-in.a
  CC      drivers/pwm/core.o
  CC      lib/crypto/md5.o
  CC      sound/core/pcm_misc.o
  CC      lib/crypto/poly1305.o
  CC      net/core/dev.o
  CC      net/core/dev_api.o
  CC      sound/core/pcm_memory.o
  CC      lib/crypto/poly1305-donna64.o
  PERLASM lib/crypto/arm64/poly1305-core.S
  AR      drivers/pwm/built-in.a
  CC      lib/crypto/polyval.o
  AR      drivers/leds/flash/built-in.a
  AR      drivers/leds/rgb/built-in.a
  CC      drivers/leds/trigger/ledtrig-timer.o
  CC      sound/core/memalloc.o
  CC      drivers/pci/msi/pcidev_msi.o
  AS      lib/crypto/arm64/polyval-ce-core.o
  CC      lib/crypto/sha1.o
  CC      drivers/leds/trigger/ledtrig-transient.o
  CC      drivers/pci/msi/api.o
  AS      lib/crypto/arm64/sha1-ce-core.o
  AR      drivers/leds/trigger/built-in.a
  AR      drivers/leds/blink/built-in.a
  AR      drivers/leds/simatic/built-in.a
  CC      lib/crypto/sha256.o
  CC      sound/core/pcm_timer.o
  CC      drivers/leds/led-core.o
  PERLASM lib/crypto/arm64/sha256-core.S
  AS      lib/crypto/arm64/sha256-ce.o
  CC      drivers/pci/msi/msi.o
  CC      lib/crypto/sha512.o
  CC      sound/core/pcm_drm_eld.o
  CC      drivers/leds/led-class.o
  PERLASM lib/crypto/arm64/sha512-core.S
  AS      lib/crypto/arm64/sha512-ce-core.o
  CC      lib/crypto/fips140.o
  CC      drivers/leds/led-class-flash.o
  CC      drivers/pci/msi/irqdomain.o
  CC      sound/core/pcm_iec958.o
  CC [M]  lib/crypto/arc4.o
  CC      drivers/leds/led-class-multicolor.o
  CC      sound/core/pcm_dmaengine.o
  AR      drivers/pci/msi/built-in.a
  CC      drivers/pci/pcie/portdrv.o
  AS      lib/crypto/arm64/poly1305-core.o
  AS      lib/crypto/arm64/sha256-core.o
  AS      lib/crypto/arm64/sha512-core.o
  CC      drivers/leds/led-triggers.o
  LD [M]  lib/crypto/libarc4.o
  AR      lib/crypto/built-in.a
  AR      lib/tests/built-in.a
  CC      lib/vdso/datastore.o
  CC      sound/core/rawmidi.o
  CC      drivers/pci/pcie/rcec.o
  AR      drivers/leds/built-in.a
  CC      drivers/video/backlight/backlight.o
  AR      lib/vdso/built-in.a
  CC      lib/zlib_inflate/inffast.o
  CC      net/core/dev_addr_lists.o
  CC      lib/zlib_inflate/inflate.o
  CC      drivers/pci/pcie/bwctrl.o
  CC      lib/zlib_inflate/infutil.o
  CC      sound/core/compress_offload.o
  AR      drivers/video/backlight/built-in.a
  AR      drivers/video/fbdev/core/built-in.a
  AR      drivers/video/fbdev/omap/built-in.a
  AR      drivers/video/fbdev/omap2/omapfb/dss/built-in.a
  AR      drivers/video/fbdev/omap2/omapfb/displays/built-in.a
  AR      drivers/video/fbdev/omap2/omapfb/built-in.a
  AR      drivers/video/fbdev/omap2/built-in.a
  CC      drivers/pci/pcie/aspm.o
  AR      drivers/video/fbdev/built-in.a
  CC      drivers/video/cmdline.o
  CC      lib/zlib_inflate/inftrees.o
  CC      net/core/dst.o
  CC      lib/zlib_inflate/inflate_syms.o
  AR      sound/core/built-in.a
  AR      sound/isa/ad1816a/built-in.a
  AR      sound/isa/ad1848/built-in.a
  AR      sound/isa/cs423x/built-in.a
  AR      sound/isa/es1688/built-in.a
  AR      sound/isa/galaxy/built-in.a
  AR      sound/isa/gus/built-in.a
  AR      sound/isa/msnd/built-in.a
  AR      sound/isa/opti9xx/built-in.a
  AR      sound/isa/sb/built-in.a
  AR      sound/isa/wavefront/built-in.a
  AR      lib/zlib_inflate/built-in.a
  CC      lib/zlib_deflate/deflate.o
  AR      sound/isa/wss/built-in.a
  CC      drivers/pci/pcie/aer.o
  AR      sound/isa/built-in.a
  CC      drivers/video/nomodeset.o
  AR      sound/pci/ac97/built-in.a
  AR      sound/pci/ali5451/built-in.a
  AR      sound/pci/asihpi/built-in.a
  AR      sound/pci/au88x0/built-in.a
  AR      sound/pci/aw2/built-in.a
  AR      sound/pci/ctxfi/built-in.a
  AR      sound/pci/ca0106/built-in.a
  AR      sound/pci/cs46xx/built-in.a
  AR      sound/pci/cs5535audio/built-in.a
  AR      sound/pci/lola/built-in.a
  AR      sound/pci/lx6464es/built-in.a
  AR      sound/pci/echoaudio/built-in.a
  CC      drivers/video/hdmi.o
  CC      lib/zlib_deflate/deftree.o
  AR      sound/pci/emu10k1/built-in.a
  AR      sound/pci/ice1712/built-in.a
  AR      sound/pci/korg1212/built-in.a
  CC      net/core/netevent.o
  AR      sound/pci/mixart/built-in.a
  AR      sound/pci/nm256/built-in.a
  AR      sound/pci/oxygen/built-in.a
  AR      sound/pci/pcxhr/built-in.a
  AR      sound/pci/riptide/built-in.a
  CC      drivers/pci/pcie/err.o
  AR      sound/pci/rme9652/built-in.a
  AR      sound/pci/trident/built-in.a
  CC      lib/zlib_deflate/deflate_syms.o
  AR      sound/pci/ymfpci/built-in.a
  AR      sound/pci/vx222/built-in.a
  AR      sound/pci/built-in.a
  AR      sound/ppc/built-in.a
  AR      sound/arm/built-in.a
  AR      sound/sh/built-in.a
  AR      sound/synth/built-in.a
  CC      drivers/video/display_timing.o
  AR      sound/usb/misc/built-in.a
  AR      sound/usb/usx2y/built-in.a
  AR      sound/usb/caiaq/built-in.a
  AR      sound/usb/6fire/built-in.a
  AR      sound/usb/hiface/built-in.a
  AR      sound/usb/bcd2000/built-in.a
  AR      sound/usb/qcom/built-in.a
  CC      sound/usb/card.o
  AR      lib/zlib_deflate/built-in.a
  CC      lib/reed_solomon/reed_solomon.o
  CC      net/core/neighbour.o
  CC      drivers/video/videomode.o
  CC      drivers/pci/pcie/tlp.o
  CC      drivers/video/of_display_timing.o
  CC      drivers/video/of_videomode.o
  AR      lib/reed_solomon/built-in.a
  CC      lib/lzo/lzo1x_compress.o
  CC      drivers/pci/pcie/pme.o
  CC      sound/usb/clock.o
  AR      drivers/video/built-in.a
  AR      drivers/idle/built-in.a
  AR      drivers/char/ipmi/built-in.a
  CC      drivers/pci/pwrctrl/core.o
  CC      lib/lzo/lzo1x_compress_safe.o
  CC      drivers/pci/pcie/ptm.o
  CC      sound/usb/endpoint.o
  CC [M]  kernel/kheaders.o
  CC      drivers/pci/pwrctrl/slot.o
  CC      lib/lzo/lzo1x_decompress_safe.o
  CC      net/core/rtnetlink.o
  CC      net/core/utils.o
  AR      drivers/pci/pcie/built-in.a
  CC      drivers/pci/hotplug/pci_hotplug_core.o
  AR      lib/lzo/built-in.a
  CC      lib/lz4/lz4_compress.o
  AR      drivers/pci/pwrctrl/built-in.a
  CC      drivers/pci/hotplug/pciehp_core.o
  CC      sound/usb/fcp.o
  CC      lib/lz4/lz4hc_compress.o
  CC      lib/lz4/lz4_decompress.o
  CC      drivers/pci/hotplug/pciehp_ctrl.o
  CC      net/core/link_watch.o
  CC      sound/usb/format.o
  CC      sound/usb/helper.o
  AR      lib/lz4/built-in.a
  CC      lib/zstd/zstd_compress_module.o
  CC      drivers/pci/hotplug/pciehp_pci.o
  CC      lib/zstd/compress/fse_compress.o
  CC      sound/usb/implicit.o
  CC      net/core/filter.o
  CC      lib/zstd/compress/hist.o
  CC      lib/zstd/compress/huf_compress.o
  CC      lib/zstd/compress/zstd_compress.o
  CC      sound/usb/mixer.o
  CC      drivers/pci/hotplug/pciehp_hpc.o
  CC      lib/zstd/compress/zstd_compress_literals.o
  CC      lib/zstd/compress/zstd_compress_sequences.o
  CC      sound/usb/mixer_quirks.o
  CC      lib/zstd/compress/zstd_compress_superblock.o
  CC      lib/zstd/compress/zstd_double_fast.o
  AR      drivers/pci/hotplug/built-in.a
  AR      drivers/pci/endpoint/functions/built-in.a
  CC      drivers/pci/endpoint/pci-epc-core.o
  CC      drivers/pci/controller/dwc/pcie-designware.o
  AR      drivers/pci/controller/mobiveil/built-in.a
  CC      sound/usb/mixer_scarlett.o
  CC      sound/usb/mixer_scarlett2.o
  CC      drivers/pci/endpoint/pci-epf-core.o
  CC      lib/zstd/compress/zstd_fast.o
  CC      sound/usb/mixer_us16x08.o
  CC      drivers/pci/controller/dwc/pcie-designware-host.o
  CC      drivers/pci/endpoint/pci-epc-mem.o
  CC      sound/usb/mixer_s1810c.o
  CC      net/core/sock_diag.o
  CC      lib/zstd/compress/zstd_lazy.o
  CC      drivers/pci/controller/dwc/pcie-designware-ep.o
  AR      drivers/pci/endpoint/built-in.a
  AR      drivers/pci/switch/built-in.a
  CC      drivers/pci/access.o
  CC      sound/usb/pcm.o
  CC      drivers/pci/controller/dwc/pcie-designware-plat.o
  CC      net/core/dev_ioctl.o
  CC      drivers/pci/controller/dwc/pcie-qcom-common.o
  CC      drivers/pci/controller/dwc/pcie-qcom.o
  CC      drivers/pci/controller/dwc/pcie-kirin.o
  CC      sound/usb/power.o
  CC      sound/usb/proc.o
  CC      sound/usb/quirks.o
  CC      sound/usb/stream.o
  AR      drivers/pci/controller/dwc/built-in.a
  AR      drivers/pci/controller/plda/built-in.a
  CC      drivers/pci/controller/pci-host-common.o
  CC      net/core/tso.o
  CC      sound/usb/validate.o
  CC      drivers/pci/controller/pci-host-generic.o
  CC      sound/usb/media.o
  CC      sound/usb/midi.o
  CC      lib/zstd/compress/zstd_ldm.o
  CC      net/core/sock_reuseport.o
  CC      net/core/fib_notifier.o
  CC      lib/zstd/compress/zstd_opt.o
  CC      lib/zstd/compress/zstd_preSplit.o
  AR      drivers/pci/controller/built-in.a
  CC      drivers/pci/bus.o
  CC      lib/zstd/zstd_decompress_module.o
  AR      sound/usb/built-in.a
  AR      sound/firewire/built-in.a
  CC      lib/zstd/decompress/huf_decompress.o
  AR      sound/sparc/built-in.a
  AR      sound/spi/built-in.a
  AR      sound/parisc/built-in.a
  CC      net/core/xdp.o
  AR      sound/pcmcia/vx/built-in.a
  AR      sound/pcmcia/pdaudiocf/built-in.a
  AR      sound/pcmcia/built-in.a
  CC      net/core/flow_offload.o
  AR      sound/mips/built-in.a
  CC      drivers/pci/probe.o
  AR      sound/soc/codecs/built-in.a
  AR      sound/soc/generic/built-in.a
  AR      sound/soc/apple/built-in.a
  AR      sound/soc/adi/built-in.a
  AR      sound/soc/amd/built-in.a
  AR      sound/soc/atmel/built-in.a
  AR      sound/soc/au1x/built-in.a
  CC      net/core/gro.o
  AR      sound/soc/bcm/built-in.a
  AR      sound/soc/cirrus/built-in.a
  AR      sound/soc/dwc/built-in.a
  AR      sound/soc/fsl/built-in.a
  CC      lib/zstd/decompress/zstd_ddict.o
  AR      sound/soc/google/built-in.a
  AR      sound/soc/hisilicon/built-in.a
  CC      lib/zstd/decompress/zstd_decompress.o
  AR      sound/soc/jz4740/built-in.a
  AR      sound/soc/loongson/built-in.a
  AR      sound/soc/img/built-in.a
  AR      sound/soc/intel/common/built-in.a
  AR      sound/soc/intel/boards/built-in.a
  AR      sound/soc/intel/built-in.a
  AR      sound/soc/mediatek/built-in.a
  AR      sound/soc/meson/built-in.a
  AR      sound/soc/mxs/built-in.a
  AR      sound/soc/kirkwood/built-in.a
  CC      lib/zstd/decompress/zstd_decompress_block.o
  AR      sound/soc/pxa/built-in.a
  AR      sound/soc/qcom/built-in.a
  AR      sound/soc/renesas/built-in.a
  AR      sound/soc/rockchip/built-in.a
  AR      sound/soc/samsung/built-in.a
  AR      sound/soc/sdca/built-in.a
  AR      sound/soc/sof/built-in.a
  AR      sound/soc/spear/built-in.a
  AR      sound/soc/sprd/built-in.a
  AR      sound/soc/starfive/built-in.a
  AR      sound/soc/sti/built-in.a
  AR      sound/atmel/built-in.a
  AR      sound/soc/stm/built-in.a
  AR      sound/soc/sunxi/built-in.a
  AR      sound/hda/core/built-in.a
  CC      drivers/pci/host-bridge.o
  AR      sound/hda/built-in.a
  AR      sound/soc/tegra/built-in.a
  AR      sound/x86/built-in.a
  AR      sound/soc/ti/built-in.a
  AR      sound/xen/built-in.a
  AR      sound/soc/uniphier/built-in.a
  AR      sound/virtio/built-in.a
  CC      sound/sound_core.o
  AR      sound/soc/ux500/built-in.a
  CC      net/core/netdev-genl.o
  AR      sound/soc/xilinx/built-in.a
  AR      sound/soc/xtensa/built-in.a
  AR      sound/soc/sdw_utils/built-in.a
  CC      lib/zstd/zstd_common_module.o
  CC      sound/soc/soc-core.o
  CC      sound/soc/soc-dapm.o
  CC      sound/soc/soc-jack.o
  CC      lib/zstd/common/debug.o
  CC      drivers/pci/remove.o
  CC      lib/zstd/common/entropy_common.o
  CC      lib/zstd/common/error_private.o
  CC      lib/zstd/common/fse_decompress.o
  CC      lib/zstd/common/zstd_common.o
  AR      lib/zstd/built-in.a
  CC      lib/xz/xz_dec_syms.o
  CC      drivers/pci/pci.o
  CC      net/core/netdev-genl-gen.o
  CC      drivers/pci/pci-driver.o
  CC      lib/xz/xz_dec_stream.o
  CC      sound/soc/soc-utils.o
  CC      sound/soc/soc-dai.o
  CC      lib/xz/xz_dec_lzma2.o
  CC      net/core/gso.o
  CC      net/core/net-sysfs.o
  CC      sound/soc/soc-component.o
  CC      lib/xz/xz_dec_bcj.o
  CC      drivers/pci/search.o
  CC      sound/soc/soc-pcm.o
  CC      net/core/hotdata.o
  AR      lib/xz/built-in.a
  CC      lib/dim/dim.o
  CC      lib/fonts/fonts.o
  CC      drivers/pci/rom.o
  CC      lib/dim/net_dim.o
  CC      lib/fonts/font_8x16.o
  CC      sound/soc/soc-devres.o
  CC      sound/soc/soc-ops.o
  CC      net/core/netdev_rx_queue.o
  CC      drivers/pci/setup-res.o
  AR      lib/fonts/built-in.a
  TEST    lib/test_fortify/read_overflow-memchr.log
  CC      lib/dim/rdma_dim.o
  CC      lib/argv_split.o
  TEST    lib/test_fortify/read_overflow-memchr_inv.log
  CC      sound/soc/soc-link.o
  CC      drivers/pci/irq.o
  TEST    lib/test_fortify/read_overflow-memcmp.log
  TEST    lib/test_fortify/read_overflow-memscan.log
  AR      lib/dim/built-in.a
  CC      lib/bug.o
  CC      net/core/netdev_queues.o
  TEST    lib/test_fortify/read_overflow2-memcmp.log
  TEST    lib/test_fortify/read_overflow2-memcpy.log
  CC      sound/soc/soc-card.o
  CC      drivers/pci/vpd.o
  CC      lib/buildid.o
  TEST    lib/test_fortify/read_overflow2-memmove.log
  TEST    lib/test_fortify/read_overflow2_field-memcpy.log
  CC      net/core/page_pool.o
  TEST    lib/test_fortify/read_overflow2_field-memmove.log
  TEST    lib/test_fortify/write_overflow-memcpy.log
  CC      sound/soc/soc-compress.o
  CC      drivers/pci/setup-bus.o
  CC      lib/clz_tab.o
  CC      lib/cmdline.o
  TEST    lib/test_fortify/write_overflow-memmove.log
  TEST    lib/test_fortify/write_overflow-memset.log
  CC      lib/cpumask.o
  TEST    lib/test_fortify/write_overflow-strcpy-lit.log
  CC      sound/soc/soc-topology.o
  TEST    lib/test_fortify/write_overflow-strcpy.log
  TEST    lib/test_fortify/write_overflow-strncpy-src.log
  CC      net/core/page_pool_user.o
  CC      lib/ctype.o
  CC      lib/dec_and_lock.o
  TEST    lib/test_fortify/write_overflow-strncpy.log
  CC      drivers/pci/vc.o
  TEST    lib/test_fortify/write_overflow-strscpy.log
  CC      lib/decompress.o
  CC      lib/decompress_inflate.o
  CC      lib/decompress_unlz4.o
  TEST    lib/test_fortify/write_overflow_field-memcpy.log
  CC      sound/soc/soc-generic-dmaengine-pcm.o
  CC      drivers/pci/mmap.o
  TEST    lib/test_fortify/write_overflow_field-memmove.log
  CC      lib/decompress_unzstd.o
  CC      net/core/net-procfs.o
  CC      lib/dump_stack.o
  CC [M]  sound/soc/soc-topology-test.o
  TEST    lib/test_fortify/write_overflow_field-memset.log
  CC      drivers/pci/devres.o
  CC      lib/earlycpio.o
  CAT     lib/test_fortify/test_fortify.log
  CC      lib/extable.o
  CC      lib/fdt.o
  CC      sound/last.o
  CC      lib/fdt_addresses.o
  CC      lib/fdt_empty_tree.o
  CC      net/core/fib_rules.o
  CC [M]  sound/soc/soc-utils-test.o
  CC      lib/fdt_ro.o
  CC      drivers/pci/proc.o
  CC      lib/fdt_rw.o
  CC      lib/fdt_strerror.o
  CC      lib/fdt_sw.o
  CC      lib/fdt_wip.o
  CC      lib/flex_proportions.o
  CC      lib/idr.o
  CC      lib/iomem_copy.o
  CC      lib/irq_regs.o
  AR      sound/soc/built-in.a
  AR      sound/built-in.a
  CC      lib/is_single_threaded.o
  CC      lib/klist.o
  CC      lib/kobject.o
  CC      lib/kobject_uevent.o
  CC      drivers/pci/pci-sysfs.o
  CC      net/core/net-traces.o
  CC      lib/logic_pio.o
  CC      lib/maple_tree.o
  CC      lib/memcat_p.o
  CC      lib/min_heap.o
  CC      lib/nmi_backtrace.o
  CC      drivers/pci/slot.o
  CC      lib/objpool.o
  CC      lib/plist.o
  CC      lib/radix-tree.o
  CC      lib/ratelimit.o
  CC      lib/rbtree.o
  CC      drivers/pci/iomap.o
  CC      lib/seq_buf.o
  CC      lib/siphash.o
  CC      net/core/selftests.o
  CC      lib/string.o
  CC      lib/sys_info.o
  CC      drivers/pci/of.o
  CC      drivers/amba/bus.o
  CC      lib/timerqueue.o
  CC      lib/union_find.o
  CC      net/core/ptp_classifier.o
  CC      lib/vsprintf.o
  CC      lib/win_minmax.o
  CC      net/core/netprio_cgroup.o
  CC      drivers/pci/quirks.o
  AR      drivers/amba/built-in.a
  CC      net/core/netclassid_cgroup.o
  CC      lib/xarray.o
  CC      lib/lockref.o
  CC      lib/bcd.o
  CC      net/core/dst_cache.o
  CC      lib/sort.o
  CC      lib/parser.o
  CC      drivers/pci/ats.o
  CC      drivers/pci/iov.o
  CC      drivers/pci/syscall.o
  CC      lib/debug_locks.o
  CC      lib/random32.o
  CC      drivers/pci/ecam.o
  CC      lib/bust_spinlocks.o
  CC      net/core/gro_cells.o
  CC      net/core/skmsg.o
  CC      lib/kasprintf.o
  CC      lib/bitmap.o
  AR      drivers/pci/built-in.a
  AR      drivers/clk/actions/built-in.a
  AR      drivers/clk/analogbits/built-in.a
  AR      drivers/dma/idxd/built-in.a
  CC      lib/scatterlist.o
  AR      drivers/clk/bcm/built-in.a
  AR      drivers/dma/amd/built-in.a
  CC      drivers/clk/hisilicon/clk.o
  AR      drivers/dma/mediatek/built-in.a
  AR      drivers/dma/qcom/built-in.a
  AR      drivers/dma/stm32/built-in.a
  AR      drivers/dma/ti/built-in.a
  AR      drivers/dma/xilinx/built-in.a
  CC      drivers/dma/dmaengine.o
  CC      lib/list_sort.o
  CC      lib/uuid.o
  CC      net/core/sock_map.o
  CC      lib/iov_iter.o
  CC      drivers/clk/hisilicon/clkgate-separated.o
  CC      lib/clz_ctz.o
  CC      drivers/dma/virt-dma.o
  CC      lib/bsearch.o
  CC      drivers/clk/hisilicon/clkdivider-hi6220.o
  CC      net/core/bpf_sk_storage.o
  CC      drivers/clk/hisilicon/clk-hisi-phase.o
  CC      drivers/dma/of-dma.o
  AR      drivers/clk/imgtec/built-in.a
  CC      lib/find_bit.o
  CC      lib/llist.o
  CC      lib/lwq.o
  CC      net/core/of_net.o
  CC      lib/memweight.o
  CC      lib/kfifo.o
  CC      net/core/devmem.o
  CC      lib/percpu-refcount.o
  CC      drivers/clk/hisilicon/crg-hi3516cv300.o
  AR      drivers/dma/built-in.a
  CC      lib/rhashtable.o
  AR      drivers/soc/apple/built-in.a
  CC      drivers/clk/hisilicon/clk-hi3519.o
  AR      drivers/soc/aspeed/built-in.a
  CC      lib/base64.o
  AR      drivers/soc/bcm/built-in.a
  AR      drivers/soc/fsl/built-in.a
  AR      drivers/soc/fujitsu/built-in.a
  CC      lib/once.o
  AR      drivers/soc/hisilicon/built-in.a
  AR      drivers/soc/imx/built-in.a
  CC      lib/refcount.o
  AR      drivers/soc/ixp4xx/built-in.a
  AR      drivers/soc/loongson/built-in.a
  AR      drivers/soc/mediatek/built-in.a
  CC      lib/rcuref.o
  AR      drivers/soc/microchip/built-in.a
  AR      drivers/soc/nuvoton/built-in.a
  AR      drivers/soc/pxa/built-in.a
  AR      drivers/soc/amlogic/built-in.a
  CC      drivers/soc/qcom/qcom-geni-se.o
  CC      drivers/clk/hisilicon/clk-hi3559a.o
  CC      drivers/clk/hisilicon/clk-hi3660.o
  CC [M]  net/core/dev_addr_lists_test.o
  CC      lib/usercopy.o
  AR      drivers/pmdomain/actions/built-in.a
  AR      drivers/pmdomain/amlogic/built-in.a
  AR      drivers/pmdomain/apple/built-in.a
  CC      drivers/pmdomain/arm/scmi_perf_domain.o
  CC      lib/errseq.o
  CC      lib/bucket_locks.o
  CC      lib/generic-radix-tree.o
  CC      drivers/clk/hisilicon/clk-hi3670.o
  CC      drivers/soc/qcom/cmd-db.o
  AR      drivers/pmdomain/arm/built-in.a
  AR      drivers/pmdomain/bcm/built-in.a
  AR      drivers/pmdomain/imx/built-in.a
  AR      drivers/pmdomain/marvell/built-in.a
  AR      drivers/pmdomain/mediatek/built-in.a
  CC      drivers/pmdomain/qcom/rpmhpd.o
  AR      net/core/built-in.a
  CC      net/llc/llc_core.o
  CC      lib/bitmap-str.o
  CC      lib/string_helpers.o
  CC      drivers/clk/hisilicon/crg-hi3798cv200.o
  CC      drivers/soc/qcom/mdt_loader.o
  AR      drivers/pmdomain/qcom/built-in.a
  AR      drivers/pmdomain/renesas/built-in.a
  AR      drivers/pmdomain/rockchip/built-in.a
  AR      drivers/pmdomain/samsung/built-in.a
  AR      drivers/pmdomain/st/built-in.a
  AR      drivers/pmdomain/starfive/built-in.a
  CC      drivers/pmdomain/sunxi/sun20i-ppu.o
  CC      lib/hexdump.o
  CC      lib/kstrtox.o
  CC      net/llc/llc_input.o
  CC      drivers/clk/hisilicon/clk-hi6220.o
  CC      drivers/soc/qcom/rpmh-rsc.o
  CC      drivers/clk/hisilicon/reset.o
  CC      lib/iomap_copy.o
  CC      drivers/pmdomain/sunxi/sun55i-pck600.o
  CC      drivers/clk/hisilicon/clk-hi6220-stub.o
  CC      drivers/clk/hisilicon/clk-hi3660-stub.o
  CC      lib/devres.o
  CC      net/llc/llc_output.o
  AR      drivers/pmdomain/sunxi/built-in.a
  CC      drivers/soc/qcom/rpmh.o
  CC      drivers/pmdomain/tegra/powergate-bpmp.o
  AR      drivers/pmdomain/thead/built-in.a
  AR      drivers/pmdomain/ti/built-in.a
  AR      drivers/pmdomain/xilinx/built-in.a
  AR      drivers/clk/hisilicon/built-in.a
  CC      drivers/pmdomain/core.o
  AR      drivers/clk/imx/built-in.a
  CC      lib/trace_readwrite.o
  AR      drivers/clk/ingenic/built-in.a
  AR      drivers/clk/keystone/built-in.a
  AR      drivers/clk/mediatek/built-in.a
  AR      drivers/clk/microchip/built-in.a
  AR      drivers/clk/mstar/built-in.a
  AR      drivers/clk/mvebu/built-in.a
  AR      drivers/clk/ralink/built-in.a
  AR      drivers/clk/renesas/built-in.a
  AR      drivers/clk/socfpga/built-in.a
  AR      drivers/clk/sophgo/built-in.a
  AR      drivers/clk/spacemit/built-in.a
  AR      drivers/pmdomain/tegra/built-in.a
  AR      drivers/clk/sprd/built-in.a
  CC      drivers/soc/qcom/smem.o
  AR      drivers/clk/starfive/built-in.a
  CC      net/ethernet/eth.o
  AR      drivers/clk/sunxi/built-in.a
  AR      drivers/clk/sunxi-ng/built-in.a
  CC      drivers/clk/tegra/clk.o
  AR      net/llc/built-in.a
  CC      drivers/soc/qcom/smem_state.o
  CC      lib/hweight.o
  CC      lib/interval_tree.o
  CC      net/802/psnap.o
  CC      drivers/clk/tegra/clk-audio-sync.o
  CC      lib/assoc_array.o
  CC      drivers/soc/qcom/smp2p.o
  CC      drivers/pmdomain/governor.o
  CC      drivers/clk/tegra/clk-device.o
  AR      net/ethernet/built-in.a
  CC      net/802/stp.o
  CC      lib/list_debug.o
  AR      drivers/pmdomain/built-in.a
  CC      lib/bitrev.o
  CC      lib/linear_ranges.o
  CC      lib/xxhash.o
  CC      drivers/clk/tegra/clk-dfll.o
  CC      lib/genalloc.o
  CC      drivers/soc/qcom/ice.o
  CC      lib/textsearch.o
  AR      net/802/built-in.a
  CC      lib/ts_kmp.o
  CC      net/sched/sch_generic.o
  CC      net/netlink/af_netlink.o
  AR      drivers/clk/ti/built-in.a
  AR      drivers/clk/versatile/built-in.a
  AR      drivers/clk/xilinx/built-in.a
  CC      drivers/clk/clk-devres.o
  CC      lib/ts_bm.o
  AR      drivers/soc/qcom/built-in.a
  CC      drivers/clk/tegra/clk-divider.o
  AR      drivers/soc/renesas/built-in.a
  AR      drivers/soc/rockchip/built-in.a
  AR      drivers/soc/sophgo/built-in.a
  CC      drivers/soc/sunxi/sunxi_mbus.o
  CC      lib/ts_fsm.o
  CC      drivers/clk/tegra/clk-periph.o
  CC      drivers/clk/clk-bulk.o
  CC      drivers/soc/sunxi/sunxi_sram.o
  CC      drivers/clk/tegra/clk-periph-fixed.o
  CC      lib/percpu_counter.o
  CC      net/sched/sch_mq.o
  CC      net/sched/sch_frag.o
  CC      drivers/clk/tegra/clk-periph-gate.o
  CC      lib/audit.o
  AR      drivers/soc/sunxi/built-in.a
  CC      drivers/soc/tegra/fuse/fuse-tegra.o
  CC      net/netlink/genetlink.o
  CC      drivers/clk/tegra/clk-pll.o
  CC      net/sched/sch_api.o
  CC      lib/compat_audit.o
  CC      net/sched/sch_blackhole.o
  CC      lib/codetag.o
  CC      drivers/soc/tegra/fuse/fuse-tegra30.o
  CC      drivers/clk/tegra/clk-pll-out.o
  CC      lib/alloc_tag.o
  CC      drivers/soc/tegra/fuse/tegra-apbmisc.o
  CC      net/sched/cls_api.o
  CC      net/netlink/policy.o
  CC      drivers/clk/tegra/clk-sdmmc-mux.o
  CC      net/sched/act_api.o
  CC      lib/syscall.o
  AR      drivers/soc/tegra/fuse/built-in.a
  CC      drivers/soc/tegra/cbb/tegra-cbb.o
  CC      drivers/clk/tegra/clk-super.o
  AR      net/netlink/built-in.a
  CC      drivers/soc/tegra/cbb/tegra234-cbb.o
  CC      lib/dynamic_debug.o
  CC      drivers/clk/tegra/clk-tegra-audio.o
  CC      drivers/clk/tegra/clk-tegra-periph.o
  AR      drivers/soc/tegra/cbb/built-in.a
  CC      drivers/soc/tegra/common.o
  CC      drivers/soc/tegra/pmc.o
  CC      drivers/clk/tegra/clk-tegra-fixed.o
  CC      net/sched/act_police.o
  CC      net/sched/act_gact.o
  CC      lib/errname.o
  CC      net/sched/act_mirred.o
  CC      lib/nlattr.o
  CC      drivers/clk/tegra/clk-tegra-super-cclk.o
  AR      drivers/soc/tegra/built-in.a
  AR      drivers/soc/ti/built-in.a
  CC      drivers/clk/tegra/clk-tegra-super-gen4.o
  AR      drivers/soc/versatile/built-in.a
  AR      drivers/soc/vt8500/built-in.a
  CC      net/sched/act_skbedit.o
  AR      drivers/soc/xilinx/built-in.a
  CC      net/sched/act_bpf.o
  AR      drivers/soc/built-in.a
  CC      drivers/virtio/virtio.o
  CC      lib/checksum.o
  CC      drivers/virtio/virtio_ring.o
  CC      drivers/clk/tegra/cvb.o
  CC      lib/cpu_rmap.o
  CC      lib/dynamic_queue_limits.o
  CC      drivers/clk/tegra/clk-bpmp.o
  CC      net/sched/sch_fifo.o
  CC      net/sched/sch_htb.o
  CC      lib/glob.o
  CC      drivers/virtio/virtio_anchor.o
  CC      drivers/clk/tegra/clk-utils.o
  CC      drivers/virtio/virtio_balloon_hyp_ops.o
  CC      lib/strncpy_from_user.o
  CC      drivers/regulator/core.o
  AR      drivers/clk/tegra/built-in.a
  CC      drivers/clk/clkdev.o
  CC      drivers/clk/clk.o
  CC      net/sched/sch_ingress.o
  CC [M]  drivers/virtio/virtio_pci_modern_dev.o
  CC      lib/strnlen_user.o
  CC      drivers/clk/clk-divider.o
  CC      lib/net_utils.o
  CC [M]  drivers/virtio/virtio_pci_legacy_dev.o
  CC      net/sched/sch_sfq.o
  CC      drivers/clk/clk-fixed-factor.o
  CC      lib/sg_pool.o
  CC [M]  drivers/virtio/virtio_pci_modern.o
  CC      drivers/regulator/dummy.o
  CC      drivers/regulator/fixed-helper.o
  CC      lib/memregion.o
  CC      drivers/clk/clk-fixed-rate.o
  CC      net/sched/sch_tbf.o
  CC      lib/stackdepot.o
  CC      drivers/regulator/helpers.o
  CC      net/sched/sch_prio.o
  CC [M]  drivers/virtio/virtio_pci_common.o
  CC      drivers/clk/clk-gate.o
  CC      lib/bootconfig.o
  CC      net/sched/sch_multiq.o
  CC      drivers/regulator/devres.o
  CC [M]  drivers/virtio/virtio_pci_legacy.o
  CC      net/sched/sch_netem.o
  CC      drivers/clk/clk-multiplier.o
  CC      lib/asn1_decoder.o
  CC      drivers/clk/clk-mux.o
  CC [M]  drivers/virtio/virtio_balloon.o
  CC      drivers/regulator/irq_helpers.o
  CC      net/sched/sch_codel.o
  GEN     lib/oid_registry_data.c
  CC      lib/ucs2_string.o
  CC      net/sched/sch_fq_codel.o
  CC      drivers/clk/clk-composite.o
  CC      lib/ubsan.o
  CC      drivers/regulator/of_regulator.o
  LD [M]  drivers/virtio/virtio_pci.o
  AR      drivers/virtio/built-in.a
  CC      lib/sbitmap.o
  CC      drivers/clk/clk-fractional-divider.o
  CC      lib/group_cpus.o
  CC      net/sched/sch_fq.o
  CC      net/sched/cls_u32.o
  CC      drivers/regulator/fixed.o
  CC      lib/devmem_is_allowed.o
  CC      drivers/clk/clk-gpio.o
  AR      lib/lib.a
  CC      lib/oid_registry.o
  CC      drivers/clk/clk-conf.o
  AR      lib/built-in.a
  CC      drivers/clk/clk-scpi.o
  CC      drivers/regulator/qcom-rpmh-regulator.o
  CC      net/sched/cls_fw.o
  CC [M]  drivers/clk/clk_test.o
  DTC     drivers/clk/kunit_clk_assigned_rates_u64_one.dtbo
  DTC     drivers/clk/kunit_clk_assigned_rates_u64_one_consumer.dtbo
  DTC     drivers/clk/kunit_clk_assigned_rates_u64_multiple.dtbo
  DTC     drivers/clk/kunit_clk_assigned_rates_u64_multiple_consumer.dtbo
  CC      net/bpf/test_run.o
  CC      net/sched/cls_basic.o
  DTC     drivers/clk/kunit_clk_assigned_rates_multiple.dtbo
  DTC     drivers/clk/kunit_clk_assigned_rates_multiple_consumer.dtbo
  DTC     drivers/clk/kunit_clk_assigned_rates_null.dtbo
  DTC     drivers/clk/kunit_clk_assigned_rates_null_consumer.dtbo
  DTC     drivers/clk/kunit_clk_assigned_rates_one.dtbo
  DTC     drivers/clk/kunit_clk_assigned_rates_one_consumer.dtbo
  DTC     drivers/clk/kunit_clk_assigned_rates_without.dtbo
  CC      drivers/regulator/sun20i-regulator.o
  DTC     drivers/clk/kunit_clk_assigned_rates_without_consumer.dtbo
  CC      net/sched/cls_flow.o
  DTC     drivers/clk/kunit_clk_assigned_rates_zero.dtbo
  DTC     drivers/clk/kunit_clk_assigned_rates_zero_consumer.dtbo
  DTC     drivers/clk/kunit_clk_hw_get_dev_of_node.dtbo
  DTC     drivers/clk/kunit_clk_parent_data_test.dtbo
  CC      net/sched/cls_cgroup.o
  CC [M]  drivers/clk/clk-gate_test.o
  CC      net/sched/cls_bpf.o
  AR      drivers/regulator/built-in.a
  AR      drivers/reset/amlogic/built-in.a
  CC      drivers/reset/hisilicon/hi6220_reset.o
  CC [M]  drivers/clk/clk_kunit_helpers.o
  CC      net/bpf/bpf_dummy_struct_ops.o
  CC      drivers/reset/hisilicon/reset-hi3660.o
  WRAP    drivers/clk/kunit_clk_assigned_rates_u64_one.dtbo.S
  WRAP    drivers/clk/kunit_clk_assigned_rates_u64_one_consumer.dtbo.S
  WRAP    drivers/clk/kunit_clk_assigned_rates_u64_multiple.dtbo.S
  WRAP    drivers/clk/kunit_clk_assigned_rates_u64_multiple_consumer.dtbo.S
  WRAP    drivers/clk/kunit_clk_assigned_rates_multiple.dtbo.S
  WRAP    drivers/clk/kunit_clk_assigned_rates_multiple_consumer.dtbo.S
  WRAP    drivers/clk/kunit_clk_assigned_rates_null.dtbo.S
  WRAP    drivers/clk/kunit_clk_assigned_rates_null_consumer.dtbo.S
  WRAP    drivers/clk/kunit_clk_assigned_rates_one.dtbo.S
  WRAP    drivers/clk/kunit_clk_assigned_rates_one_consumer.dtbo.S
  WRAP    drivers/clk/kunit_clk_assigned_rates_without.dtbo.S
  WRAP    drivers/clk/kunit_clk_assigned_rates_without_consumer.dtbo.S
  WRAP    drivers/clk/kunit_clk_assigned_rates_zero.dtbo.S
  WRAP    drivers/clk/kunit_clk_assigned_rates_zero_consumer.dtbo.S
  WRAP    drivers/clk/kunit_clk_hw_get_dev_of_node.dtbo.S
  WRAP    drivers/clk/kunit_clk_parent_data_test.dtbo.S
  AR      drivers/clk/built-in.a
  AS [M]  drivers/clk/kunit_clk_assigned_rates_u64_one.dtbo.o
  AS [M]  drivers/clk/kunit_clk_assigned_rates_u64_one_consumer.dtbo.o
  CC      net/sched/cls_matchall.o
  CC      net/sched/ematch.o
  AS [M]  drivers/clk/kunit_clk_assigned_rates_u64_multiple.dtbo.o
  AS [M]  drivers/clk/kunit_clk_assigned_rates_u64_multiple_consumer.dtbo.o
  AS [M]  drivers/clk/kunit_clk_assigned_rates_multiple.dtbo.o
  AS [M]  drivers/clk/kunit_clk_assigned_rates_multiple_consumer.dtbo.o
  AS [M]  drivers/clk/kunit_clk_assigned_rates_null.dtbo.o
  AS [M]  drivers/clk/kunit_clk_assigned_rates_null_consumer.dtbo.o
  AS [M]  drivers/clk/kunit_clk_assigned_rates_one.dtbo.o
  AR      drivers/reset/hisilicon/built-in.a
  AS [M]  drivers/clk/kunit_clk_assigned_rates_one_consumer.dtbo.o
  AR      drivers/reset/starfive/built-in.a
  AS [M]  drivers/clk/kunit_clk_assigned_rates_without.dtbo.o
  AR      drivers/reset/sti/built-in.a
  CC      drivers/reset/tegra/reset-bpmp.o
  CC      net/ethtool/ioctl.o
  AS [M]  drivers/clk/kunit_clk_assigned_rates_without_consumer.dtbo.o
  AR      net/bpf/built-in.a
  AS [M]  drivers/clk/kunit_clk_assigned_rates_zero.dtbo.o
  CC      net/ethtool/common.o
  AS [M]  drivers/clk/kunit_clk_assigned_rates_zero_consumer.dtbo.o
  AS [M]  drivers/clk/kunit_clk_hw_get_dev_of_node.dtbo.o
  AS [M]  drivers/clk/kunit_clk_parent_data_test.dtbo.o
  CC      net/sched/em_cmp.o
  AR      drivers/tty/vt/built-in.a
  LD [M]  drivers/clk/clk-test.o
  CC      drivers/tty/hvc/hvc_dcc.o
  AR      drivers/reset/tegra/built-in.a
  CC      drivers/reset/core.o
  CC      drivers/tty/hvc/hvc_console.o
  CC      net/ethtool/netlink.o
  CC      net/ethtool/bitset.o
  AR      drivers/tty/hvc/built-in.a
  CC      net/sched/em_nbyte.o
  CC      drivers/reset/reset-scmi.o
  CC      drivers/tty/serial/8250/8250_core.o
  CC      net/ethtool/strset.o
  CC      drivers/reset/reset-simple.o
  CC      net/ethtool/linkinfo.o
  CC      net/ethtool/linkmodes.o
  CC      net/sched/em_u32.o
  CC      drivers/tty/serial/8250/8250_platform.o
  CC      drivers/reset/reset-sunxi.o
  CC      net/ethtool/rss.o
  CC      net/ethtool/linkstate.o
  CC      drivers/tty/serial/8250/8250_port.o
  AR      drivers/reset/built-in.a
  CC      drivers/char/hw_random/core.o
  CC      net/sched/em_meta.o
  CC      net/ethtool/debug.o
  CC      net/ethtool/wol.o
  CC      drivers/char/hw_random/arm_smccc_trng.o
  CC      net/ethtool/features.o
  CC      net/ethtool/privflags.o
  CC      net/sched/em_text.o
  CC [M]  drivers/char/hw_random/cctrng.o
  CC      drivers/tty/serial/8250/8250_dma.o
  CC      net/ethtool/rings.o
  CC      net/ethtool/channels.o
  CC      drivers/tty/serial/8250/8250_dwlib.o
  AR      drivers/char/hw_random/built-in.a
  AR      drivers/char/agp/built-in.a
  CC      drivers/char/mem.o
  CC      net/ethtool/coalesce.o
  AR      net/sched/built-in.a
  CC      net/netfilter/core.o
  CC      net/ethtool/pause.o
  CC      net/ethtool/eee.o
  CC      drivers/tty/serial/8250/8250_pcilib.o
  CC      drivers/char/random.o
  CC      net/ethtool/tsinfo.o
  CC      net/ethtool/cabletest.o
  CC      drivers/tty/serial/8250/8250_early.o
  CC      net/netfilter/nf_log.o
  CC      net/ethtool/tunnels.o
  CC      drivers/char/misc.o
  CC      net/ethtool/fec.o
  CC      drivers/tty/serial/8250/8250_dw.o
  CC      drivers/tty/serial/8250/8250_fsl.o
  CC      drivers/tty/serdev/core.o
  CC [M]  drivers/char/virtio_console.o
  CC      net/netfilter/nf_queue.o
  CC      drivers/tty/serdev/serdev-ttyport.o
  CC      net/ethtool/eeprom.o
  CC      drivers/tty/serial/8250/8250_of.o
  CC      drivers/tty/serial/8250/8250_pci.o
  AR      drivers/tty/serdev/built-in.a
  CC      net/ethtool/stats.o
  AR      drivers/char/built-in.a
  CC      net/ethtool/phc_vclocks.o
  CC      net/netfilter/nf_sockopt.o
  CC      drivers/tty/serial/8250/8250_pericom.o
  CC      net/ethtool/mm.o
  CC      net/ethtool/module.o
  CC      net/ethtool/cmis_fw_update.o
  AR      drivers/tty/serial/8250/built-in.a
  CC      drivers/tty/serial/serial_core.o
  CC      net/ethtool/cmis_cdb.o
  CC      net/netfilter/utils.o
  CC      drivers/tty/serial/serial_base_bus.o
  CC      net/ethtool/pse-pd.o
  CC      net/ethtool/plca.o
  CC      drivers/tty/serial/serial_ctrl.o
  CC      net/ethtool/phy.o
  CC      net/netfilter/nf_bpf_link.o
  CC      net/netfilter/nfnetlink.o
  CC      drivers/tty/serial/serial_port.o
  CC      drivers/tty/serial/earlycon.o
  CC      net/ethtool/tsconfig.o
  CC      drivers/tty/serial/amba-pl011.o
  CC      net/netfilter/nfnetlink_queue.o
  CC      drivers/tty/serial/qcom_geni_serial.o
  CC      drivers/tty/serial/samsung_tty.o
  CC      net/netfilter/nfnetlink_log.o
  AR      net/ethtool/built-in.a
  CC      net/ipv4/netfilter/nf_defrag_ipv4.o
  CC      net/ipv4/route.o
  CC      drivers/tty/serial/sprd_serial.o
  CC      drivers/tty/serial/tegra-tcu.o
  CC      net/netfilter/nf_conntrack_core.o
  CC      net/ipv4/netfilter/nf_socket_ipv4.o
  CC      net/netfilter/nf_conntrack_standalone.o
  CC      drivers/tty/serial/serial_mctrl_gpio.o
  CC      net/netfilter/nf_conntrack_expect.o
  AR      drivers/tty/serial/built-in.a
  AR      drivers/tty/ipwireless/built-in.a
  CC      drivers/tty/tty_io.o
  CC      net/netfilter/nf_conntrack_helper.o
  CC      net/netfilter/nf_conntrack_proto.o
  CC      net/ipv4/netfilter/nf_tproxy_ipv4.o
  CC      net/netfilter/nf_conntrack_proto_generic.o
  CC      net/ipv4/inetpeer.o
  CC      net/netfilter/nf_conntrack_proto_tcp.o
  CC      drivers/tty/n_tty.o
  CC      net/netfilter/nf_conntrack_proto_udp.o
  CC      net/ipv4/netfilter/nf_reject_ipv4.o
  CC      net/ipv4/netfilter/nf_nat_h323.o
  CC      net/ipv4/protocol.o
  CC      net/ipv4/ip_input.o
  CC      drivers/tty/tty_ioctl.o
  CC      net/netfilter/nf_conntrack_proto_icmp.o
  CC      net/ipv4/ip_fragment.o
  CC      net/ipv4/netfilter/nf_nat_pptp.o
  CC      net/ipv4/netfilter/ip_tables.o
  CC      drivers/tty/tty_ldisc.o
  CC      net/netfilter/nf_conntrack_extend.o
  CC      net/ipv4/netfilter/iptable_filter.o
  CC      net/ipv4/ip_forward.o
  CC      drivers/tty/tty_buffer.o
  CC      net/ipv4/netfilter/iptable_mangle.o
  CC      net/ipv4/netfilter/iptable_nat.o
  CC      drivers/tty/tty_port.o
  CC      net/netfilter/nf_conntrack_acct.o
  CC      net/ipv4/netfilter/iptable_raw.o
  CC      net/ipv4/netfilter/iptable_security.o
  CC      net/ipv4/netfilter/ipt_rpfilter.o
  CC      drivers/tty/tty_mutex.o
  CC      net/ipv4/netfilter/ipt_REJECT.o
  CC      net/ipv4/netfilter/arp_tables.o
  CC      net/netfilter/nf_conntrack_seqadj.o
  CC      net/ipv4/netfilter/arpt_mangle.o
  CC      net/ipv4/netfilter/arptable_filter.o
  CC      drivers/tty/tty_ldsem.o
  CC      net/ipv4/netfilter/nf_dup_ipv4.o
  CC      drivers/tty/tty_baudrate.o
  CC      drivers/tty/tty_jobctrl.o
  CC      drivers/tty/n_null.o
  CC      net/netfilter/nf_conntrack_proto_icmpv6.o
  CC      drivers/tty/pty.o
  CC      drivers/tty/tty_audit.o
  CC      drivers/tty/sysrq.o
  AR      net/ipv4/netfilter/built-in.a
  CC      net/ipv4/ip_options.o
  CC      net/netfilter/nf_conntrack_ecache.o
  CC      drivers/tty/ttynull.o
  CC      net/netfilter/nf_conntrack_proto_sctp.o
  CC      net/netfilter/nf_conntrack_proto_gre.o
  CC      net/netfilter/nf_conntrack_bpf.o
  AR      drivers/tty/built-in.a
  AR      drivers/iommu/arm/arm-smmu/built-in.a
  AR      drivers/iommu/arm/arm-smmu-v3/built-in.a
  AR      drivers/iommu/arm/built-in.a
  AR      drivers/iommu/iommufd/built-in.a
  CC      net/ipv4/ip_output.o
  CC      drivers/iommu/iommu.o
  CC      net/netfilter/nf_conntrack_netlink.o
  CC      net/netfilter/nf_conntrack_amanda.o
  CC      drivers/iommu/iommu-pages.o
  CC      net/netfilter/nf_conntrack_ftp.o
  CC      drivers/iommu/iommu-traces.o
  CC      drivers/iommu/iommu-sysfs.o
  CC      net/netfilter/nf_conntrack_h323_main.o
  CC      drivers/iommu/dma-iommu.o
  CC      net/ipv4/ip_sockglue.o
  CC      drivers/iommu/io-pgtable.o
  CC      net/netfilter/nf_conntrack_h323_asn1.o
  CC      drivers/iommu/io-pgtable-arm-v7s.o
  CC      net/netfilter/nf_conntrack_irc.o
  CC      net/netfilter/nf_conntrack_broadcast.o
  CC      net/netfilter/nf_conntrack_netbios_ns.o
  AR      drivers/gpu/host1x/built-in.a
  CC      drivers/iommu/io-pgtable-arm.o
  AR      drivers/gpu/drm/tests/built-in.a
  AR      drivers/gpu/drm/arm/built-in.a
  CC      net/ipv4/inet_hashtables.o
  AR      drivers/gpu/drm/clients/built-in.a
  AR      drivers/gpu/drm/display/built-in.a
  CC      drivers/gpu/drm/ttm/ttm_tt.o
  CC      net/netfilter/nf_conntrack_pptp.o
  CC      net/netfilter/nf_conntrack_sane.o
  CC      net/netfilter/nf_conntrack_tftp.o
  CC      drivers/iommu/io-pgtable-arm-kernel.o
  CC      drivers/gpu/drm/ttm/ttm_bo.o
  CC      drivers/iommu/iova.o
  CC      net/netfilter/nf_log_syslog.o
  CC      net/netfilter/nf_nat_core.o
  CC      net/ipv4/inet_timewait_sock.o
  CC      net/ipv4/inet_connection_sock.o
  CC      drivers/gpu/drm/ttm/ttm_bo_util.o
  CC      drivers/iommu/of_iommu.o
  CC      net/netfilter/nf_nat_proto.o
  CC      drivers/gpu/drm/ttm/ttm_bo_vm.o
  CC      net/ipv4/tcp.o
  CC      drivers/iommu/iommu-sva.o
  CC      drivers/iommu/pkvm-pviommu.o
  CC      net/netfilter/nf_nat_helper.o
  CC      drivers/gpu/drm/ttm/ttm_module.o
  CC      drivers/gpu/drm/ttm/ttm_execbuf_util.o
  AR      drivers/iommu/built-in.a
  CC      drivers/connector/cn_queue.o
  CC      net/netfilter/nf_nat_redirect.o
  CC      drivers/gpu/drm/ttm/ttm_range_manager.o
  CC      net/netfilter/nf_nat_masquerade.o
  CC      drivers/connector/connector.o
  CC      drivers/connector/cn_proc.o
  CC      drivers/gpu/drm/ttm/ttm_resource.o
  CC      net/ipv4/tcp_input.o
  CC      net/netfilter/nf_nat_bpf.o
  CC      net/netfilter/nf_nat_amanda.o
  AR      drivers/connector/built-in.a
  CC      drivers/base/power/sysfs.o
  CC      net/netfilter/nf_nat_ftp.o
  CC      drivers/gpu/drm/ttm/ttm_pool.o
  CC      net/netfilter/nf_nat_irc.o
  CC      drivers/base/power/generic_ops.o
  CC      net/netfilter/nf_nat_tftp.o
  CC      net/netfilter/nf_conncount.o
  CC      drivers/base/power/common.o
  CC      drivers/gpu/drm/ttm/ttm_device.o
  CC      net/netfilter/x_tables.o
  CC      drivers/base/power/qos.o
  CC      net/netfilter/xt_tcpudp.o
  CC      drivers/gpu/drm/ttm/ttm_sys_manager.o
  CC      net/ipv4/tcp_output.o
  CC      net/netfilter/xt_mark.o
  CC      drivers/gpu/drm/ttm/ttm_backup.o
  CC      drivers/base/power/runtime.o
  CC      net/netfilter/xt_connmark.o
  CC      net/netfilter/xt_nat.o
  CC      net/netfilter/xt_CLASSIFY.o
  AR      drivers/gpu/drm/ttm/built-in.a
  AR      drivers/gpu/drm/renesas/rcar-du/built-in.a
  AR      drivers/gpu/drm/renesas/rz-du/built-in.a
  AR      drivers/gpu/drm/renesas/built-in.a
  AR      drivers/gpu/drm/omapdrm/built-in.a
  CC      drivers/base/power/wakeirq.o
  AR      drivers/gpu/drm/tilcdc/built-in.a
  AR      drivers/gpu/drm/imx/built-in.a
  AR      drivers/gpu/drm/panel/built-in.a
  AR      drivers/gpu/drm/bridge/analogix/built-in.a
  AR      drivers/gpu/drm/bridge/cadence/built-in.a
  AR      drivers/gpu/drm/bridge/imx/built-in.a
  AR      drivers/gpu/drm/bridge/synopsys/built-in.a
  CC      drivers/gpu/drm/bridge/aux-bridge.o
  CC      net/netfilter/xt_CONNSECMARK.o
  AR      drivers/gpu/drm/hisilicon/built-in.a
  AR      drivers/gpu/drm/mxsfb/built-in.a
  AR      drivers/gpu/drm/sysfb/built-in.a
  AR      drivers/gpu/drm/tiny/built-in.a
  CC      drivers/base/power/main.o
  AR      drivers/gpu/drm/xlnx/built-in.a
  AR      drivers/gpu/drm/gud/built-in.a
  CC      drivers/base/regmap/regmap.o
  CC      drivers/base/firmware_loader/builtin/main.o
  CC      net/ipv4/tcp_timer.o
  AR      drivers/gpu/drm/bridge/built-in.a
  AR      drivers/gpu/drm/sitronix/built-in.a
  AR      drivers/gpu/drm/solomon/built-in.a
  CC      drivers/gpu/drm/drm_atomic.o
  AR      drivers/base/firmware_loader/builtin/built-in.a
  CC      drivers/base/firmware_loader/fallback_table.o
  CC      net/netfilter/xt_CT.o
  CC      drivers/base/firmware_loader/main.o
  CC      drivers/base/power/wakeup.o
  CC      net/ipv4/tcp_ipv4.o
  CC      drivers/gpu/drm/drm_atomic_uapi.o
  CC      drivers/base/regmap/regcache.o
  CC      net/netfilter/xt_DSCP.o
  CC      drivers/base/firmware_loader/fallback.o
  CC      drivers/base/power/wakeup_stats.o
  CC      drivers/gpu/drm/drm_auth.o
  CC      drivers/base/regmap/regcache-rbtree.o
  CC      drivers/base/power/clock_ops.o
  CC      net/netfilter/xt_LOG.o
  CC      drivers/base/firmware_loader/sysfs.o
  CC      net/ipv4/tcp_minisocks.o
  CC      drivers/base/regmap/regcache-flat.o
  CC      drivers/gpu/drm/drm_blend.o
  AR      drivers/base/power/built-in.a
  CC      drivers/gpu/drm/drm_bridge.o
  CC      drivers/base/regmap/regcache-maple.o
  AR      drivers/base/firmware_loader/built-in.a
  AR      drivers/base/test/built-in.a
  CC      drivers/base/component.o
  CC      drivers/gpu/drm/drm_cache.o
  CC      net/netfilter/xt_NETMAP.o
  CC      net/ipv4/tcp_cong.o
  CC      drivers/gpu/drm/drm_color_mgmt.o
  CC      drivers/base/regmap/regmap-debugfs.o
  CC      drivers/base/regmap/regmap-i2c.o
  CC      drivers/gpu/drm/drm_colorop.o
  CC      drivers/base/regmap/regmap-spi.o
  CC      net/netfilter/xt_NFLOG.o
  CC      drivers/gpu/drm/drm_connector.o
  CC      net/ipv4/tcp_metrics.o
  CC      net/ipv4/tcp_fastopen.o
  CC      drivers/gpu/drm/drm_crtc.o
  CC      drivers/base/regmap/regmap-spmi.o
  CC      net/netfilter/xt_NFQUEUE.o
  CC      drivers/gpu/drm/drm_displayid.o
  CC      drivers/gpu/drm/drm_drv.o
  CC      drivers/base/regmap/regmap-mmio.o
  CC      net/ipv4/tcp_rate.o
  CC      drivers/gpu/drm/drm_dumb_buffers.o
  CC      drivers/gpu/drm/drm_edid.o
  CC      net/netfilter/xt_REDIRECT.o
  CC      drivers/base/regmap/regmap-irq.o
  CC      drivers/gpu/drm/drm_eld.o
  CC      drivers/gpu/drm/drm_encoder.o
  CC      drivers/gpu/drm/drm_file.o
  CC      net/ipv4/tcp_recovery.o
  CC      net/netfilter/xt_MASQUERADE.o
  CC [M]  drivers/base/regmap/regmap-kunit.o
  CC      drivers/gpu/drm/drm_fourcc.o
  CC      drivers/gpu/drm/drm_framebuffer.o
  CC      drivers/gpu/drm/drm_gem.o
  CC      drivers/gpu/drm/drm_ioctl.o
  CC      net/ipv4/tcp_ulp.o
  CC      net/netfilter/xt_SECMARK.o
  CC      drivers/gpu/drm/drm_lease.o
  CC [M]  drivers/base/regmap/regmap-ram.o
  CC [M]  drivers/base/regmap/regmap-raw-ram.o
  CC      net/netfilter/xt_TPROXY.o
  CC      net/netfilter/xt_TCPMSS.o
  CC      net/ipv4/tcp_offload.o
  CC      net/ipv4/tcp_plb.o
  CC      drivers/gpu/drm/drm_managed.o
  AR      drivers/base/regmap/built-in.a
  CC      drivers/base/core.o
  CC      net/netfilter/xt_TEE.o
  CC      drivers/gpu/drm/drm_mm.o
  CC      net/netfilter/xt_TRACE.o
  CC      net/netfilter/xt_IDLETIMER.o
  CC      net/ipv4/datagram.o
  CC      drivers/gpu/drm/drm_mode_config.o
  CC      net/netfilter/xt_bpf.o
  CC      net/netfilter/xt_comment.o
  CC      drivers/base/bus.o
  CC      net/netfilter/xt_connbytes.o
  CC      drivers/gpu/drm/drm_mode_object.o
  CC      net/ipv4/raw.o
  CC      drivers/gpu/drm/drm_modes.o
  CC      net/netfilter/xt_connlimit.o
  CC      drivers/base/dd.o
  CC      drivers/gpu/drm/drm_modeset_lock.o
  CC      net/netfilter/xt_conntrack.o
  CC      drivers/base/syscore.o
  CC      net/netfilter/xt_dscp.o
  CC      drivers/gpu/drm/drm_plane.o
  CC      net/ipv4/udp.o
  CC      drivers/gpu/drm/drm_prime.o
  CC      drivers/base/driver.o
  CC      drivers/gpu/drm/drm_print.o
  CC      net/netfilter/xt_ecn.o
  CC      drivers/gpu/drm/drm_property.o
  CC      drivers/gpu/drm/drm_rect.o
  CC      drivers/base/class.o
  CC      drivers/base/platform.o
  CC      drivers/gpu/drm/drm_syncobj.o
  CC      net/netfilter/xt_esp.o
  CC      drivers/base/cpu.o
  CC      drivers/base/firmware.o
  CC      net/ipv4/udplite.o
  CC      drivers/gpu/drm/drm_sysfs.o
  CC      drivers/gpu/drm/drm_trace_points.o
  CC      drivers/gpu/drm/drm_vblank.o
  CC      drivers/base/init.o
  CC      net/netfilter/xt_hashlimit.o
  CC      drivers/gpu/drm/drm_vblank_work.o
  CC      net/ipv4/udp_offload.o
  CC      drivers/gpu/drm/drm_vma_manager.o
  CC      drivers/base/map.o
  CC      drivers/gpu/drm/drm_writeback.o
  CC      drivers/base/devres.o
  CC      net/ipv4/arp.o
  CC [M]  drivers/block/zram/zcomp.o
  CC      net/netfilter/xt_helper.o
  CC      drivers/gpu/drm/drm_client.o
  CC [M]  drivers/block/zram/zram_drv.o
  CC      drivers/block/brd.o
  CC      drivers/base/attribute_container.o
  CC      drivers/base/transport_class.o
  CC      drivers/gpu/drm/drm_client_event.o
  CC      net/netfilter/xt_hl.o
  CC      drivers/block/loop.o
  CC      net/ipv4/icmp.o
  CC      drivers/base/topology.o
  CC [M]  drivers/block/zram/backend_lzorle.o
  CC      drivers/gpu/drm/drm_client_modeset.o
  CC      net/netfilter/xt_iprange.o
  CC      drivers/base/container.o
  CC [M]  drivers/block/zram/backend_lzo.o
  CC      drivers/block/ublk_drv.o
  CC [M]  drivers/block/zram/backend_lz4.o
  CC      drivers/base/property.o
  CC      drivers/gpu/drm/drm_ioc32.o
  CC      net/ipv4/devinet.o
  CC      net/netfilter/xt_l2tp.o
  CC [M]  drivers/block/zram/backend_zstd.o
  CC      drivers/gpu/drm/drm_panel.o
  CC [M]  drivers/block/zram/zram_ioctl.o
  CC [M]  drivers/block/virtio_blk.o
  CC      drivers/base/cacheinfo.o
  CC      net/netfilter/xt_length.o
  CC      net/ipv4/af_inet.o
  LD [M]  drivers/block/zram/zram.o
  AR      drivers/block/built-in.a
  CC      drivers/gpu/drm/drm_of.o
  CC      net/netfilter/xt_limit.o
  CC      drivers/base/swnode.o
  AR      drivers/misc/eeprom/built-in.a
  AR      drivers/misc/cb710/built-in.a
  AR      drivers/misc/lis3lv02d/built-in.a
  AR      drivers/misc/cardreader/built-in.a
  AR      drivers/misc/keba/built-in.a
  AR      drivers/misc/amd-sbi/built-in.a
  CC      drivers/misc/sram.o
  CC      net/netfilter/xt_mac.o
  CC      drivers/gpu/drm/drm_pci.o
  CC      drivers/base/faux.o
  CC      net/ipv4/igmp.o
  CC      drivers/misc/uid_sys_stats.o
  CC      drivers/base/auxiliary.o
  CC      drivers/gpu/drm/drm_debugfs.o
  CC      drivers/gpu/drm/drm_debugfs_crc.o
  CC      net/netfilter/xt_multiport.o
  CC [M]  drivers/misc/open-dice.o
  CC      drivers/base/memory.o
  CC      net/ipv4/fib_frontend.o
  CC      drivers/gpu/drm/../../accel/drm_accel.o
  CC [M]  drivers/misc/vcpu_stall_detector.o
  CC      drivers/base/module.o
  CC      net/ipv4/fib_semantics.o
  CC      net/netfilter/xt_owner.o
  CC      drivers/gpu/drm/drm_panel_orientation_quirks.o
  CC      drivers/base/auxiliary_sysfs.o
  AR      drivers/misc/built-in.a
  CC      net/netfilter/xt_pkttype.o
  CC      drivers/base/hypervisor.o
  CC      drivers/gpu/drm/drm_gem_shmem_helper.o
  CC      net/netfilter/xt_policy.o
  CC      net/ipv4/fib_trie.o
  CC      net/netfilter/xt_quota.o
  CC      net/netfilter/xt_quota2.o
  CC      drivers/base/soc.o
  CC      net/netfilter/xt_socket.o
  CC      drivers/gpu/drm/drm_atomic_helper.o
  CC      drivers/base/pinctrl.o
  CC      net/netfilter/xt_state.o
  CC      net/netfilter/xt_statistic.o
  CC      drivers/base/devcoredump.o
  CC      net/ipv4/fib_notifier.o
  CC      net/netfilter/xt_string.o
  CC      net/netfilter/xt_time.o
  CC      drivers/base/platform-msi.o
  CC      net/netfilter/xt_u32.o
  CC      drivers/gpu/drm/drm_atomic_state_helper.o
  CC      net/ipv4/inet_fragment.o
  CC      drivers/base/arch_topology.o
  CC      drivers/base/trace.o
  CC      net/ipv4/ping.o
  AR      net/netfilter/built-in.a
  CC      net/xfrm/xfrm_policy.o
  CC      drivers/gpu/drm/drm_bridge_helper.o
  CC      drivers/gpu/drm/drm_crtc_helper.o
  AR      drivers/base/built-in.a
  AR      drivers/gpu/vga/built-in.a
  CC      drivers/gpu/trace/trace_gpu_mem.o
  CC      drivers/gpu/drm/drm_damage_helper.o
  CC      net/ipv4/ip_tunnel_core.o
  CC      net/ipv4/gre_offload.o
  CC      drivers/gpu/drm/drm_flip_work.o
  CC      net/ipv4/metrics.o
  AR      drivers/gpu/trace/built-in.a
  CC      drivers/gpu/drm/drm_format_helper.o
  CC      drivers/gpu/drm/drm_gem_atomic_helper.o
  CC      net/ipv4/netlink.o
  CC      net/ipv4/nexthop.o
  CC      drivers/gpu/drm/drm_gem_framebuffer_helper.o
  CC      net/xfrm/xfrm_state.o
  CC      net/xfrm/xfrm_hash.o
  CC      drivers/gpu/drm/drm_kms_helper_common.o
  CC      net/ipv4/udp_tunnel_stub.o
  CC      drivers/gpu/drm/drm_modeset_helper.o
  CC      net/xfrm/xfrm_input.o
  CC      drivers/gpu/drm/drm_plane_helper.o
  CC      drivers/gpu/drm/drm_probe_helper.o
  CC      drivers/gpu/drm/drm_self_refresh_helper.o
  CC      net/ipv4/ip_tunnel.o
  CC      net/ipv4/sysctl_net_ipv4.o
  CC      net/xfrm/xfrm_output.o
  CC      net/xfrm/xfrm_sysctl.o
  CC      drivers/gpu/drm/drm_simple_kms_helper.o
  CC      drivers/gpu/drm/bridge/panel.o
  CC      net/ipv4/proc.o
  CC      net/ipv4/fib_rules.o
  CC      drivers/gpu/drm/drm_mipi_dsi.o
  CC      net/xfrm/xfrm_replay.o
  CC      drivers/mfd/act8945a.o
  CC      drivers/mfd/mfd-core.o
  CC      drivers/mfd/syscon.o
  AR      drivers/gpu/drm/built-in.a
  CC      net/ipv4/ipmr_base.o
  AR      drivers/gpu/built-in.a
  AR      drivers/nfc/built-in.a
  CC      drivers/nvdimm/core.o
  CC      net/xfrm/xfrm_device.o
  CC      net/ipv4/ipip.o
  CC      net/ipv4/gre_demux.o
  AR      drivers/mfd/built-in.a
  AR      drivers/dax/hmem/built-in.a
  CC      drivers/dax/super.o
  CC      drivers/nvdimm/bus.o
  CC      net/ipv4/ip_gre.o
  CC      net/xfrm/xfrm_nat_keepalive.o
  CC      drivers/nvdimm/dimm_devs.o
  CC      drivers/nvdimm/nd_perf.o
  CC      drivers/dax/bus.o
  CC      net/ipv4/udp_tunnel_core.o
  CC      drivers/nvdimm/dimm.o
  CC      net/xfrm/xfrm_proc.o
  CC      net/ipv4/udp_tunnel_nic.o
  CC      drivers/nvdimm/region_devs.o
  AR      drivers/dax/built-in.a
  AR      drivers/dma-buf/heaps/built-in.a
  CC      drivers/dma-buf/dma-buf.o
  CC      drivers/nvdimm/region.o
  CC      drivers/nvdimm/namespace_devs.o
  CC      net/xfrm/xfrm_algo.o
  CC      drivers/nvdimm/label.o
  CC      net/ipv4/ip_vti.o
  CC      drivers/nvdimm/badrange.o
  CC      drivers/dma-buf/dma-fence.o
  CC      net/xfrm/xfrm_user.o
  CC      drivers/nvdimm/claim.o
  CC      drivers/nvdimm/btt_devs.o
  CC      drivers/nvdimm/pmem.o
  CC      net/ipv4/esp4.o
  CC      drivers/dma-buf/dma-fence-array.o
  CC      drivers/dma-buf/dma-fence-chain.o
  CC      drivers/nvdimm/btt.o
  CC      drivers/dma-buf/dma-fence-unwrap.o
  CC      drivers/dma-buf/dma-resv.o
  CC      drivers/dma-buf/dma-heap.o
  CC      drivers/dma-buf/sync_file.o
  CC      net/ipv4/tunnel4.o
  CC      net/xfrm/xfrm_ipcomp.o
  CC      drivers/nvdimm/of_pmem.o
  CC      net/ipv4/netfilter.o
  CC      drivers/dma-buf/sw_sync.o
  CC      drivers/dma-buf/sync_debug.o
  AR      drivers/nvdimm/built-in.a
  AR      drivers/cxl/core/built-in.a
  AR      drivers/cxl/built-in.a
  AR      drivers/macintosh/built-in.a
  CC      drivers/scsi/scsi.o
  CC      drivers/scsi/hosts.o
  CC      drivers/dma-buf/udmabuf.o
  CC      net/xfrm/xfrm_interface_core.o
  CC      net/ipv4/inet_diag.o
  CC      net/ipv4/tcp_diag.o
  CC      drivers/scsi/scsi_ioctl.o
  AR      drivers/dma-buf/built-in.a
  AR      drivers/nvme/common/built-in.a
  CC      drivers/nvme/host/core.o
  AR      drivers/nvme/target/built-in.a
  CC      drivers/nvme/host/ioctl.o
  CC      net/xfrm/xfrm_interface_bpf.o
  CC      net/ipv4/udp_diag.o
  CC      net/ipv4/tcp_bbr.o
  CC      drivers/scsi/scsicam.o
  CC      drivers/nvme/host/sysfs.o
  CC      net/xfrm/xfrm_state_bpf.o
  CC      drivers/scsi/scsi_error.o
  CC      net/ipv4/tcp_cubic.o
  CC      net/ipv4/tcp_bpf.o
  CC      net/ipv4/udp_bpf.o
  CC      drivers/nvme/host/pr.o
  AR      net/xfrm/built-in.a
  CC      net/unix/af_unix.o
  CC      net/unix/garbage.o
  CC      drivers/scsi/scsi_lib.o
  CC      drivers/nvme/host/trace.o
  CC      drivers/scsi/scsi_lib_dma.o
  CC      net/ipv4/xfrm4_policy.o
  CC      net/unix/sysctl_net_unix.o
  CC      drivers/nvme/host/multipath.o
  CC      drivers/scsi/scsi_scan.o
  GEN     drivers/scsi/scsi_devinfo_tbl.c
  CC      drivers/scsi/scsi_devinfo.o
  CC      net/unix/unix_bpf.o
  CC      net/ipv4/xfrm4_state.o
  CC      net/ipv4/xfrm4_input.o
  CC      drivers/scsi/scsi_sysctl.o
  CC      drivers/nvme/host/zns.o
  CC      drivers/scsi/scsi_debugfs.o
  CC      net/ipv4/xfrm4_output.o
  AR      net/unix/built-in.a
  CC      net/ipv6/netfilter/ip6_tables.o
  CC      net/ipv6/af_inet6.o
  CC      drivers/nvme/host/pci.o
  CC      drivers/scsi/scsi_trace.o
  CC      net/ipv4/xfrm4_protocol.o
  CC      net/ipv4/bpf_tcp_ca.o
  CC      drivers/scsi/scsi_logging.o
  CC      net/ipv6/netfilter/ip6table_filter.o
  CC      net/ipv6/netfilter/ip6table_mangle.o
  AR      drivers/nvme/host/built-in.a
  AR      drivers/nvme/built-in.a
  CC      drivers/spi/spi.o
  CC      net/ipv6/anycast.o
  CC      drivers/scsi/scsi_pm.o
  AR      net/ipv4/built-in.a
  CC      net/packet/af_packet.o
  CC      net/ipv6/netfilter/ip6table_raw.o
  CC      net/ipv6/netfilter/nf_defrag_ipv6_hooks.o
  CC      drivers/scsi/scsi_bsg.o
  CC      net/ipv6/ip6_output.o
  CC      drivers/scsi/scsi_common.o
  CC      net/ipv6/netfilter/nf_conntrack_reasm.o
  CC      drivers/spi/spi-mem.o
  CC      net/ipv6/netfilter/nf_socket_ipv6.o
  CC      drivers/scsi/sd.o
  AR      net/packet/built-in.a
  CC      net/ipv6/netfilter/nf_tproxy_ipv6.o
  AR      drivers/spi/built-in.a
  CC      drivers/spmi/spmi.o
  CC      drivers/spmi/spmi-devres.o
  CC      drivers/scsi/sd_zbc.o
  CC      drivers/spmi/spmi-pmic-arb.o
  CC      drivers/scsi/scsi_sysfs.o
  CC      net/ipv6/netfilter/nf_reject_ipv6.o
  CC      net/ipv6/netfilter/nf_dup_ipv6.o
  CC      net/ipv6/netfilter/ip6t_rpfilter.o
  CC      net/ipv6/netfilter/ip6t_REJECT.o
  AR      drivers/spmi/built-in.a
  CC      drivers/net/wireguard/main.o
  AR      drivers/scsi/built-in.a
  AR      drivers/net/phy/mediatek/built-in.a
  AR      drivers/net/phy/qcom/built-in.a
  CC      drivers/net/phy/stubs.o
  AR      drivers/net/pse-pd/built-in.a
  CC      drivers/net/mdio/fwnode_mdio.o
  AR      drivers/net/pcs/built-in.a
  CC      drivers/net/mdio/of_mdio.o
  AR      drivers/net/ethernet/3com/built-in.a
  AR      drivers/net/ethernet/8390/built-in.a
  AR      drivers/net/ethernet/adaptec/built-in.a
  AR      drivers/net/ethernet/adi/built-in.a
  AR      drivers/net/ethernet/agere/built-in.a
  AR      drivers/net/ethernet/alacritech/built-in.a
  AR      drivers/net/ethernet/allwinner/built-in.a
  CC      drivers/net/wireguard/noise.o
  AR      drivers/net/ethernet/alteon/built-in.a
  AR      net/ipv6/netfilter/built-in.a
  AR      drivers/net/ethernet/amazon/built-in.a
  CC      net/ipv6/ip6_input.o
  AR      drivers/net/ethernet/amd/built-in.a
  AR      drivers/net/ethernet/aquantia/built-in.a
  AR      drivers/net/ethernet/arc/built-in.a
  AR      drivers/net/ethernet/asix/built-in.a
  CC      drivers/net/phy/mdio_bus.o
  AR      drivers/net/ethernet/atheros/built-in.a
  AR      drivers/net/ethernet/cadence/built-in.a
  AR      drivers/net/ethernet/broadcom/built-in.a
  AR      drivers/net/ethernet/brocade/built-in.a
  AR      drivers/net/ethernet/chelsio/built-in.a
  AR      drivers/net/ethernet/cavium/common/built-in.a
  AR      drivers/net/ethernet/cavium/thunder/built-in.a
  AR      drivers/net/ethernet/cavium/liquidio/built-in.a
  AR      drivers/net/ethernet/cisco/built-in.a
  AR      drivers/net/ethernet/cortina/built-in.a
  AR      drivers/net/ethernet/cavium/octeon/built-in.a
  CC      drivers/net/wireguard/device.o
  AR      drivers/net/ethernet/cavium/built-in.a
  AR      drivers/net/mdio/built-in.a
  AR      drivers/net/ethernet/dec/built-in.a
  AR      drivers/net/wireless/microchip/built-in.a
  AR      drivers/net/ethernet/dlink/built-in.a
  AR      drivers/net/ethernet/emulex/built-in.a
  AR      drivers/net/wireless/purelifi/built-in.a
  AR      drivers/net/ethernet/engleder/built-in.a
  AR      drivers/net/ethernet/ezchip/built-in.a
  AR      drivers/net/wireless/silabs/built-in.a
  AR      drivers/net/ethernet/fungible/built-in.a
  AR      drivers/net/wireless/virtual/built-in.a
  AR      drivers/net/wireless/built-in.a
  AR      drivers/net/ethernet/google/built-in.a
  AR      drivers/net/ethernet/hisilicon/built-in.a
  CC [M]  drivers/net/can/dev/skb.o
  AR      drivers/net/ethernet/huawei/built-in.a
  AR      drivers/net/ethernet/intel/libie/built-in.a
  AR      drivers/net/ethernet/intel/built-in.a
  AR      drivers/net/ethernet/i825xx/built-in.a
  AR      drivers/net/ethernet/microsoft/built-in.a
  AR      drivers/net/ethernet/litex/built-in.a
  AR      drivers/net/ethernet/marvell/octeon_ep/built-in.a
  CC [M]  drivers/net/can/dev/calc_bittiming.o
  AR      drivers/net/ethernet/marvell/octeon_ep_vf/built-in.a
  AR      drivers/net/ethernet/marvell/octeontx2/built-in.a
  AR      drivers/net/ethernet/marvell/prestera/built-in.a
  AR      drivers/net/ethernet/marvell/built-in.a
  CC      net/ipv6/addrconf.o
  AR      drivers/net/ethernet/mellanox/built-in.a
  CC      drivers/net/phy/mdio_device.o
  AR      drivers/net/ethernet/meta/built-in.a
  AR      drivers/net/ethernet/micrel/built-in.a
  CC      drivers/net/wireguard/peer.o
  AR      drivers/net/ethernet/microchip/built-in.a
  AR      drivers/net/ethernet/mscc/built-in.a
  AR      drivers/net/ethernet/myricom/built-in.a
  AR      drivers/net/ethernet/natsemi/built-in.a
  AR      drivers/net/ethernet/neterion/built-in.a
  CC [M]  drivers/net/can/dev/bittiming.o
  AR      drivers/net/ethernet/netronome/built-in.a
  AR      drivers/net/ethernet/ni/built-in.a
  AR      drivers/net/ethernet/nvidia/built-in.a
  CC [M]  drivers/net/can/dev/dev.o
  AR      drivers/net/ethernet/oki-semi/built-in.a
  AR      drivers/net/ethernet/packetengines/built-in.a
  AR      drivers/net/ethernet/qlogic/built-in.a
  AR      drivers/net/ethernet/qualcomm/emac/built-in.a
  AR      drivers/net/ethernet/qualcomm/built-in.a
  CC      drivers/net/phy/phylink.o
  AR      drivers/net/ethernet/realtek/built-in.a
  AR      drivers/net/ethernet/renesas/built-in.a
  AR      drivers/net/ethernet/rdc/built-in.a
  AR      drivers/net/ethernet/rocker/built-in.a
  AR      drivers/net/ethernet/samsung/built-in.a
  AR      drivers/net/ethernet/seeq/built-in.a
  CC      drivers/net/wireguard/timers.o
  CC [M]  drivers/net/can/dev/length.o
  AR      drivers/net/ethernet/silan/built-in.a
  AR      drivers/net/ethernet/sis/built-in.a
  AR      drivers/net/ethernet/sfc/built-in.a
  AR      drivers/net/ethernet/smsc/built-in.a
  AR      drivers/net/ethernet/socionext/built-in.a
  AR      drivers/net/ethernet/stmicro/built-in.a
  AR      drivers/net/ethernet/sun/built-in.a
  AR      drivers/net/ethernet/tehuti/built-in.a
  AR      drivers/net/ethernet/ti/built-in.a
  AR      drivers/net/ethernet/vertexcom/built-in.a
  AR      drivers/net/ethernet/via/built-in.a
  CC      net/ipv6/addrlabel.o
  AR      drivers/net/ethernet/wangxun/built-in.a
  AR      drivers/net/ethernet/wiznet/built-in.a
  AR      drivers/net/ethernet/xilinx/built-in.a
  AR      drivers/net/ethernet/synopsys/built-in.a
  AR      drivers/net/ethernet/pensando/built-in.a
  AR      drivers/net/ethernet/built-in.a
  CC [M]  drivers/net/ppp/ppp_generic.o
  CC [M]  drivers/net/can/dev/netlink.o
  CC [M]  drivers/net/ppp/bsd_comp.o
  CC      drivers/net/wireguard/queueing.o
  CC      drivers/net/phy/phy.o
  CC      net/ipv6/route.o
  CC [M]  drivers/net/ppp/ppp_deflate.o
  CC [M]  drivers/net/can/dev/rx-offload.o
  CC      drivers/net/wireguard/send.o
  CC [M]  drivers/net/ppp/ppp_mppe.o
  CC [M]  drivers/net/ppp/pppox.o
  CC      drivers/net/phy/phy-c45.o
  CC [M]  drivers/net/ppp/pptp.o
  LD [M]  drivers/net/can/dev/can-dev.o
  CC [M]  drivers/net/can/slcan/slcan-core.o
  CC      drivers/net/wireguard/receive.o
  CC [M]  drivers/net/can/slcan/slcan-ethtool.o
  CC      drivers/net/phy/phy-core.o
  CC [M]  drivers/net/slip/slhc.o
  CC [M]  drivers/net/wwan/wwan_core.o
  LD [M]  drivers/net/can/slcan/slcan.o
  CC [M]  drivers/net/can/vcan.o
  CC      net/ipv6/ip6_fib.o
  CC      drivers/net/wireguard/socket.o
  CC      drivers/net/phy/phy_device.o
  LD [M]  drivers/net/wwan/wwan.o
  CC [M]  drivers/net/usb/rtl8150.o
  CC      drivers/net/dummy.o
  CC      drivers/net/ifb.o
  CC      drivers/net/wireguard/peerlookup.o
  CC      net/ipv6/ipv6_sockglue.o
  CC      drivers/net/loopback.o
  CC      drivers/net/tun.o
  CC [M]  drivers/net/usb/r8152.o
  CC      drivers/net/phy/linkmode.o
  CC      drivers/net/wireguard/allowedips.o
  CC      drivers/net/phy/phy_link_topology.o
  CC      drivers/net/phy/phy_caps.o
  CC      net/ipv6/ndisc.o
  CC      drivers/net/wireguard/ratelimiter.o
  CC      net/ipv6/udp.o
  CC      drivers/net/phy/mdio_bus_provider.o
  CC      drivers/net/phy/swphy.o
  CC      drivers/net/wireguard/cookie.o
  CC      drivers/net/wireguard/netlink.o
  CC      drivers/net/phy/phy_led_triggers.o
  CC      drivers/net/phy/mdio_devres.o
  CC      drivers/net/phy/phy_package.o
  CC [M]  drivers/net/usb/asix_devices.o
  CC      net/ipv6/udplite.o
  CC      drivers/net/phy/ax88796b.o
  AR      drivers/net/wireguard/built-in.a
  CC      drivers/net/veth.o
  CC [M]  drivers/net/usb/asix_common.o
  CC      drivers/net/phy/fixed_phy.o
  CC      net/ipv6/raw.o
  CC [M]  drivers/net/macsec.o
  CC [M]  drivers/net/mii.o
  CC [M]  drivers/net/usb/ax88172a.o
  AR      drivers/net/phy/built-in.a
  CC [M]  drivers/net/usb/ax88179_178a.o
  AR      drivers/net/built-in.a
  CC [M]  drivers/net/usb/cdc_ether.o
  CC [M]  drivers/net/usb/cdc_eem.o
  CC [M]  drivers/net/usb/usbnet.o
  CC      net/ipv6/icmp.o
  CC [M]  drivers/net/usb/cdc_ncm.o
  CC [M]  drivers/net/usb/aqc111.o
  CC [M]  drivers/net/usb/r8153_ecm.o
  LD [M]  drivers/net/usb/asix.o
  CC      net/ipv6/mcast.o
  CC      net/ipv6/reassembly.o
  CC      net/ipv6/tcp_ipv6.o
  CC      net/ipv6/ping.o
  CC      net/ipv6/exthdrs.o
  AR      drivers/firewire/built-in.a
  CC      drivers/uio/uio.o
  AR      drivers/uio/built-in.a
  AR      drivers/vfio/platform/reset/built-in.a
  CC      drivers/vfio/platform/vfio_platform_common.o
  CC      net/ipv6/datagram.o
  CC      net/ipv6/ip6_flowlabel.o
  CC      net/ipv6/inet6_connection_sock.o
  CC      net/ipv6/udp_offload.o
  CC      net/ipv6/seg6.o
  CC      drivers/vfio/platform/vfio_platform_irq.o
  CC      drivers/vfio/vfio_main.o
  CC      net/ipv6/fib6_notifier.o
  CC      net/ipv6/rpl.o
  CC      net/ipv6/ioam6.o
  CC      drivers/vfio/platform/vfio_platform.o
  AR      drivers/cdrom/built-in.a
  AR      drivers/auxdisplay/built-in.a
  CC      drivers/usb/common/common.o
  CC      net/ipv6/sysctl_net_ipv6.o
  CC      net/ipv6/ip6mr.o
  AR      drivers/vfio/platform/built-in.a
  CC      net/ipv6/xfrm6_policy.o
  CC      drivers/vfio/group.o
  CC      drivers/usb/common/debug.o
  AR      drivers/usb/common/built-in.a
  CC      drivers/usb/core/usb.o
  CC      drivers/usb/core/hub.o
  CC      net/ipv6/xfrm6_state.o
  CC      drivers/vfio/container.o
  CC      net/ipv6/xfrm6_input.o
  CC      drivers/usb/core/hcd.o
  CC      drivers/vfio/virqfd.o
  CC      drivers/vfio/vfio_iommu_type1.o
  CC      net/ipv6/xfrm6_output.o
  CC      net/ipv6/xfrm6_protocol.o
  CC      net/ipv6/netfilter.o
  CC      net/key/af_key.o
  CC      drivers/usb/core/urb.o
  CC      net/ipv6/fib6_rules.o
  CC      net/ipv6/proc.o
  CC      drivers/vfio/vfio_pkvm_iommu.o
  CC      drivers/usb/core/message.o
  CC      net/ipv6/esp6.o
  AR      net/key/built-in.a
  AR      net/bridge/netfilter/built-in.a
  CC      net/bridge/br.o
  AR      drivers/vfio/built-in.a
  CC      drivers/input/serio/serio.o
  CC      drivers/input/serio/serport.o
  CC      net/ipv6/ipcomp6.o
  CC      drivers/usb/core/driver.o
  CC      drivers/input/serio/libps2.o
  CC      net/ipv6/xfrm6_tunnel.o
  CC      net/ipv6/tunnel6.o
  CC      net/bridge/br_device.o
  CC      net/ipv6/mip6.o
  CC      drivers/usb/core/config.o
  AR      drivers/input/serio/built-in.a
  CC      drivers/input/keyboard/atkbd.o
  AR      drivers/input/mouse/built-in.a
  CC      net/ipv6/ip6_vti.o
  CC      net/ipv6/sit.o
  CC      net/bridge/br_fdb.o
  CC      net/ipv6/ip6_tunnel.o
  CC      drivers/input/keyboard/gpio_keys.o
  CC      drivers/usb/core/file.o
  CC      drivers/usb/core/buffer.o
  AR      drivers/input/keyboard/built-in.a
  CC      drivers/input/joystick/xpad.o
  CC      net/ipv6/ip6_gre.o
  CC      net/ipv6/addrconf_core.o
  CC      net/bridge/br_forward.o
  CC      drivers/usb/core/sysfs.o
  AR      drivers/input/joystick/built-in.a
  CC      net/ipv6/exthdrs_core.o
  AR      drivers/input/touchscreen/built-in.a
  CC      drivers/input/misc/uinput.o
  CC      net/ipv6/ip6_checksum.o
  CC      drivers/usb/core/endpoint.o
  CC      net/ipv6/ip6_icmp.o
  CC      net/bridge/br_if.o
  AR      drivers/input/misc/built-in.a
  CC [M]  drivers/input/tests/input_test.o
  CC      drivers/input/input.o
  CC      drivers/usb/core/devio.o
  CC      drivers/input/input-compat.o
  CC      drivers/input/input-mt.o
  CC      net/ipv6/output_core.o
  CC      net/bridge/br_input.o
  CC      drivers/input/input-poller.o
  CC      drivers/input/ff-core.o
  CC      drivers/input/touchscreen.o
  CC      drivers/input/touch-overlay.o
  CC      drivers/input/ff-memless.o
  CC      drivers/input/vivaldi-fmap.o
  CC      net/ipv6/protocol.o
  CC      drivers/usb/core/notify.o
  CC      drivers/input/input-leds.o
  CC      net/bridge/br_ioctl.o
  CC      drivers/input/evdev.o
  CC      net/bridge/br_stp.o
  CC      drivers/usb/core/generic.o
  CC      net/bridge/br_stp_bpdu.o
  CC      net/ipv6/ip6_offload.o
  AR      drivers/input/built-in.a
  CC      drivers/rtc/lib.o
  CC      net/bridge/br_stp_if.o
  CC      drivers/usb/core/quirks.o
  CC      net/bridge/br_stp_timer.o
  CC      net/bridge/br_netlink.o
  CC      drivers/rtc/class.o
  CC      drivers/usb/core/devices.o
  CC      net/ipv6/tcpv6_offload.o
  CC      net/bridge/br_netlink_tunnel.o
  CC      net/bridge/br_arp_nd_proxy.o
  CC      drivers/rtc/interface.o
  CC      drivers/usb/core/phy.o
  CC      net/bridge/br_sysfs_if.o
  CC      net/ipv6/exthdrs_offload.o
  CC      net/ipv6/inet6_hashtables.o
  CC      drivers/usb/core/port.o
  CC      net/bridge/br_sysfs_br.o
  CC      drivers/rtc/nvmem.o
  CC      net/bridge/br_multicast.o
  CC      net/ipv6/ip6_udp_tunnel.o
  CC      drivers/rtc/dev.o
  CC      drivers/usb/core/of.o
  CC      net/bridge/br_mdb.o
  CC      net/ipv6/mcast_snoop.o
  CC      drivers/rtc/proc.o
  CC      drivers/usb/core/offload.o
  CC      drivers/usb/core/hcd-pci.o
  CC      drivers/rtc/sysfs.o
  AR      net/ipv6/built-in.a
  CC      net/devlink/core.o
  CC      net/bridge/br_multicast_eht.o
  AR      net/dsa/built-in.a
  CC      net/8021q/vlan_core.o
  AR      drivers/usb/core/built-in.a
  CC      drivers/usb/phy/phy.o
  CC      drivers/rtc/rtc-pl030.o
  CC      drivers/usb/phy/of.o
  CC      drivers/rtc/rtc-pl031.o
  CC [M]  drivers/rtc/test_rtc_lib.o
  AR      net/bridge/built-in.a
  CC [M]  net/8021q/vlan.o
  AR      net/wireless/tests/built-in.a
  CC      net/wireless/wext-core.o
  AR      drivers/usb/phy/built-in.a
  CC      drivers/usb/dwc3/core.o
  AR      drivers/rtc/built-in.a
  CC      net/devlink/netlink.o
  CC      drivers/usb/host/pci-quirks.o
  AR      drivers/i2c/algos/built-in.a
  AR      drivers/i2c/busses/built-in.a
  AR      drivers/i2c/muxes/built-in.a
  CC      drivers/i2c/i2c-boardinfo.o
  CC [M]  net/8021q/vlan_dev.o
  CC      net/wireless/wext-proc.o
  CC      drivers/usb/host/ehci-hcd.o
  CC      drivers/i2c/i2c-core-base.o
  CC      drivers/usb/dwc3/trace.o
  CC      net/devlink/netlink_gen.o
  CC      net/wireless/wext-priv.o
  CC [M]  net/8021q/vlan_netlink.o
  CC      net/devlink/dev.o
  CC      drivers/usb/dwc3/host.o
  AR      net/wireless/built-in.a
  CC      drivers/i2c/i2c-core-smbus.o
  CC      net/vmw_vsock/af_vsock.o
  CC [M]  net/8021q/vlanproc.o
  CC      drivers/usb/host/ehci-pci.o
  CC      drivers/usb/dwc3/gadget.o
  CC      net/devlink/port.o
  AR      net/8021q/built-in.a
  LD [M]  net/8021q/8021q.o
  CC      drivers/usb/host/ehci-platform.o
  CC      drivers/usb/host/xhci.o
  CC      drivers/i2c/i2c-core-of.o
  CC      net/vmw_vsock/af_vsock_tap.o
  CC      drivers/usb/host/xhci-mem.o
  CC      drivers/usb/dwc3/ep0.o
  CC      drivers/i2c/i2c-core-of-prober.o
  CC      net/devlink/sb.o
  CC      net/vmw_vsock/vsock_addr.o
  CC      drivers/usb/host/xhci-ext-caps.o
  AR      drivers/i2c/built-in.a
  CC      drivers/usb/dwc3/drd.o
  CC      drivers/usb/dwc3/debugfs.o
  CC      drivers/usb/host/xhci-ring.o
  CC      net/devlink/dpipe.o
  CC      drivers/usb/host/xhci-hub.o
  CC      net/vmw_vsock/vsock_bpf.o
  CC      drivers/usb/dwc3/dwc3-haps.o
  CC      drivers/usb/dwc3/dwc3-of-simple.o
  CC      drivers/usb/dwc3/dwc3-qcom.o
  CC      drivers/usb/host/xhci-dbg.o
  CC      net/vmw_vsock/diag.o
  CC      net/devlink/resource.o
  CC      drivers/usb/host/xhci-trace.o
  CC      net/devlink/param.o
  CC      net/devlink/region.o
  CC      drivers/usb/dwc3/dwc3-qcom-legacy.o
  CC      net/vmw_vsock/virtio_transport_common.o
  CC      net/vmw_vsock/vsock_loopback.o
  CC      drivers/usb/host/xhci-dbgcap.o
  CC      net/devlink/health.o
  CC      drivers/usb/dwc3/dwc3-generic-plat.o
  CC      net/devlink/trap.o
  CC [M]  net/vmw_vsock/virtio_transport.o
  CC      drivers/usb/host/xhci-dbgtty.o
  CC      drivers/usb/host/xhci-debugfs.o
  AR      drivers/usb/dwc3/built-in.a
  CC      net/devlink/rate.o
  CC      net/devlink/linecard.o
  CC      drivers/usb/host/xhci-sideband.o
  AR      net/vmw_vsock/built-in.a
  CC      drivers/usb/host/xhci-pci.o
  LD [M]  net/vmw_vsock/vmw_vsock_virtio_transport.o
  CC      drivers/usb/host/xhci-plat.o
  CC      net/xdp/xsk.o
  CC [M]  net/can/af_can.o
  CC [M]  net/bluetooth/rfcomm/core.o
  AR      net/devlink/built-in.a
  CC [M]  net/l2tp/l2tp_core.o
  CC [M]  net/tipc/addr.o
  AR      drivers/usb/host/built-in.a
  CC      drivers/usb/storage/uas.o
  CC [M]  net/can/proc.o
  CC      net/xdp/xdp_umem.o
  CC [M]  net/tipc/bcast.o
  CC      drivers/usb/storage/scsiglue.o
  CC [M]  net/bluetooth/rfcomm/sock.o
  CC [M]  net/can/raw.o
  CC [M]  net/l2tp/l2tp_ppp.o
  CC      net/xdp/xsk_queue.o
  CC      drivers/usb/storage/protocol.o
  CC [M]  net/tipc/bearer.o
  CC [M]  net/bluetooth/rfcomm/tty.o
  CC [M]  net/can/bcm.o
  CC [M]  net/rfkill/core.o
  CC      drivers/usb/storage/transport.o
  CC      net/xdp/xskmap.o
  CC [M]  net/tipc/core.o
  LD [M]  net/rfkill/rfkill.o
  CC [M]  net/tipc/link.o
  LD [M]  net/bluetooth/rfcomm/rfcomm.o
  CC [M]  net/bluetooth/hidp/core.o
  CC [M]  net/can/gw.o
  CC      drivers/usb/storage/usb.o
  CC      net/xdp/xsk_buff_pool.o
  CC [M]  net/bluetooth/hidp/sock.o
  CC      drivers/usb/storage/initializers.o
  CC      drivers/usb/storage/sierra_ms.o
  LD [M]  net/can/can.o
  CC [M]  net/tipc/discover.o
  LD [M]  net/can/can-raw.o
  LD [M]  net/can/can-bcm.o
  LD [M]  net/can/can-gw.o
  AR      net/xdp/built-in.a
  CC [M]  net/9p/mod.o
  LD [M]  net/bluetooth/hidp/hidp.o
  CC [M]  net/9p/client.o
  CC [M]  net/bluetooth/af_bluetooth.o
  CC      drivers/usb/storage/option_ms.o
  CC      drivers/usb/storage/usual-tables.o
  CC [M]  net/9p/error.o
  CC [M]  net/tipc/msg.o
  CC [M]  net/tipc/name_distr.o
  AR      drivers/usb/storage/built-in.a
  CC [M]  net/9p/protocol.o
  AR      drivers/usb/misc/built-in.a
  CC      drivers/usb/gadget/udc/core.o
  CC [M]  net/bluetooth/hci_core.o
  CC      drivers/usb/gadget/function/f_acm.o
  CC [M]  net/9p/trans_common.o
  CC [M]  net/bluetooth/hci_conn.o
  CC [M]  net/tipc/subscr.o
  CC      drivers/usb/gadget/function/u_serial.o
  CC      drivers/usb/gadget/udc/trace.o
  CC [M]  net/9p/trans_fd.o
  CC [M]  net/tipc/monitor.o
  CC      drivers/usb/gadget/function/f_serial.o
  AR      drivers/usb/gadget/udc/built-in.a
  AR      drivers/usb/gadget/legacy/built-in.a
  CC      drivers/usb/gadget/usbstring.o
  CC [M]  net/bluetooth/hci_event.o
  CC [M]  net/bluetooth/mgmt.o
  LD [M]  net/9p/9pnet.o
  LD [M]  net/9p/9pnet_fd.o
  CC      drivers/usb/gadget/config.o
  CC      drivers/usb/gadget/function/u_ether.o
  CC [M]  net/tipc/name_table.o
  CC [M]  net/tipc/net.o
  CC      drivers/usb/gadget/epautoconf.o
  CC [M]  net/tipc/netlink.o
  CC      drivers/usb/gadget/function/f_ncm.o
  CC [M]  net/tipc/netlink_compat.o
  CC      drivers/usb/gadget/composite.o
  CC [M]  net/bluetooth/hci_sock.o
  CC [M]  net/tipc/node.o
  CC      drivers/usb/gadget/function/f_ecm.o
  CC [M]  net/tipc/socket.o
  CC [M]  net/bluetooth/hci_sysfs.o
  CC      drivers/usb/gadget/functions.o
  CC      drivers/usb/gadget/configfs.o
  CC      drivers/usb/gadget/function/f_eem.o
  CC      drivers/usb/gadget/u_f.o
  CC [M]  net/bluetooth/l2cap_core.o
  CC [M]  net/tipc/eth_media.o
  CC [M]  net/tipc/topsrv.o
  CC      drivers/usb/gadget/function/f_mass_storage.o
  CC      drivers/usb/gadget/function/storage_common.o
  CC      drivers/usb/gadget/function/f_fs.o
  CC [M]  net/tipc/group.o
  CC      drivers/usb/gadget/android_configfs_uevent.o
  CC [M]  net/tipc/trace.o
  CC [M]  net/tipc/udp_media.o
  CC [M]  net/tipc/sysctl.o
  CC [M]  net/tipc/crypto.o
  CC      drivers/usb/gadget/function/u_audio.o
  CC [M]  net/bluetooth/l2cap_sock.o
  CC [M]  net/bluetooth/smp.o
  CC [M]  net/tipc/diag.o
  CC [M]  net/bluetooth/lib.o
  LD [M]  net/tipc/tipc.o
  CC      drivers/usb/gadget/function/f_uac2.o
  CC      drivers/usb/gadget/function/f_uvc.o
  LD [M]  net/tipc/tipc_diag.o
  CC [M]  net/6lowpan/core.o
  CC [M]  net/ieee802154/6lowpan/core.o
  CC [M]  net/bluetooth/ecdh_helper.o
  CC      drivers/usb/gadget/function/uvc_queue.o
  CC [M]  net/bluetooth/mgmt_util.o
  CC [M]  net/bluetooth/mgmt_config.o
  CC      drivers/usb/gadget/function/uvc_v4l2.o
  CC [M]  net/6lowpan/iphc.o
  CC [M]  net/ieee802154/6lowpan/rx.o
  CC      drivers/usb/gadget/function/uvc_video.o
  CC [M]  net/bluetooth/hci_codec.o
  CC [M]  net/ieee802154/6lowpan/reassembly.o
  CC      drivers/usb/gadget/function/uvc_configfs.o
  CC [M]  net/ieee802154/6lowpan/tx.o
  CC [M]  net/6lowpan/nhc.o
  CC      drivers/usb/gadget/function/uvc_trace.o
  CC [M]  net/bluetooth/eir.o
  CC [M]  net/bluetooth/hci_sync.o
  CC      drivers/usb/gadget/function/f_midi.o
  CC      drivers/usb/gadget/function/f_hid.o
  LD [M]  net/ieee802154/6lowpan/ieee802154_6lowpan.o
  CC [M]  net/ieee802154/netlink.o
  CC [M]  net/6lowpan/ndisc.o
  CC [M]  net/bluetooth/hci_drv.o
  CC      drivers/usb/gadget/function/android_f_accessory.o
  CC [M]  net/ieee802154/nl-mac.o
  CC [M]  net/ieee802154/nl-phy.o
  CC [M]  net/6lowpan/nhc_dest.o
  CC [M]  net/6lowpan/nhc_fragment.o
  AR      drivers/usb/gadget/function/built-in.a
  AR      drivers/usb/gadget/built-in.a
  CC      drivers/usb/typec/altmodes/displayport.o
  CC      drivers/usb/typec/altmodes/thunderbolt.o
  CC [M]  net/bluetooth/coredump.o
  CC [M]  net/ieee802154/nl_policy.o
  CC [M]  net/bluetooth/sco.o
  CC [M]  net/bluetooth/iso.o
  CC [M]  net/6lowpan/nhc_hop.o
  AR      drivers/usb/typec/altmodes/built-in.a
  CC [M]  net/ieee802154/core.o
  CC      drivers/usb/typec/tcpm/tcpm.o
  CC      drivers/usb/typec/ucsi/ucsi.o
  CC [M]  net/bluetooth/hci_debugfs.o
  CC [M]  net/6lowpan/nhc_ipv6.o
  CC [M]  net/ieee802154/header_ops.o
  CC [M]  net/ieee802154/sysfs.o
  CC      drivers/usb/typec/ucsi/debugfs.o
  LD [M]  net/bluetooth/bluetooth.o
  CC [M]  net/6lowpan/nhc_mobility.o
  CC      drivers/usb/typec/tcpm/tcpci.o
  CC [M]  net/ieee802154/nl802154.o
  CC [M]  net/ieee802154/trace.o
  CC      drivers/usb/typec/ucsi/trace.o
  CC [M]  net/mac802154/main.o
  CC [M]  net/6lowpan/nhc_routing.o
  CC      drivers/usb/typec/ucsi/psy.o
  AR      drivers/usb/typec/tcpm/built-in.a
  AR      drivers/usb/typec/mux/built-in.a
  CC      drivers/usb/typec/class.o
  CC [M]  net/mac802154/rx.o
  CC [M]  net/ieee802154/pan.o
  CC      drivers/usb/typec/mux.o
  CC      drivers/usb/typec/ucsi/displayport.o
  CC [M]  net/6lowpan/nhc_udp.o
  CC      drivers/usb/typec/ucsi/thunderbolt.o
  CC      drivers/usb/typec/bus.o
  CC [M]  net/mac802154/tx.o
  CC      drivers/usb/typec/pd.o
  CC [M]  net/ieee802154/socket.o
  AR      drivers/usb/typec/ucsi/built-in.a
  CC      drivers/usb/typec/retimer.o
  LD [M]  net/ieee802154/ieee802154.o
  CC      drivers/usb/typec/mode_selection.o
  LD [M]  net/6lowpan/6lowpan.o
  CC [M]  net/nfc/core.o
  CC      net/devres.o
  CC      net/socket.o
  CC [M]  net/mac802154/mac_cmd.o
  AR      drivers/usb/typec/built-in.a
  CC      drivers/usb/roles/class.o
  LD [M]  net/ieee802154/ieee802154_socket.o
  CC      net/compat.o
  AR      drivers/i3c/master/built-in.a
  CC      drivers/i3c/device.o
  AR      drivers/usb/roles/built-in.a
  CC [M]  drivers/usb/mon/mon_main.o
  CC [M]  net/nfc/netlink.o
  CC [M]  net/mac802154/mib.o
  CC      drivers/i3c/master.o
  CC [M]  drivers/usb/mon/mon_stat.o
  CC      net/sysctl_net.o
  CC [M]  net/mac802154/iface.o
  CC [M]  drivers/usb/mon/mon_text.o
  CC [M]  net/nfc/af_nfc.o
  CC [M]  drivers/usb/mon/mon_bin.o
  CC [M]  net/nfc/rawsock.o
  AR      net/built-in.a
  CC [M]  net/nfc/llcp_core.o
  AR      drivers/i3c/built-in.a
  CC      drivers/media/i2c/ir-kbd-i2c.o
  CC [M]  net/mac802154/llsec.o
  AR      drivers/media/tuners/built-in.a
  CC [M]  net/nfc/llcp_commands.o
  LD [M]  drivers/usb/mon/usbmon.o
  CC [M]  drivers/usb/class/cdc-acm.o
  CC [M]  net/nfc/llcp_sock.o
  AR      drivers/media/i2c/built-in.a
  CC      drivers/media/mc/mc-device.o
  CC [M]  net/mac802154/util.o
  CC      drivers/media/mc/mc-devnode.o
  CC [M]  drivers/usb/serial/usb-serial.o
  CC [M]  drivers/usb/serial/generic.o
  LD [M]  net/nfc/nfc.o
  CC      drivers/media/mc/mc-entity.o
  CC      drivers/media/mc/mc-request.o
  CC      drivers/media/mc/mc-dev-allocator.o
  CC [M]  drivers/usb/serial/bus.o
  CC [M]  net/mac802154/cfg.o
  CC [M]  drivers/usb/serial/ftdi_sio.o
  CC [M]  net/mac802154/scan.o
  LD [M]  drivers/usb/serial/usbserial.o
  CC [M]  net/mac802154/trace.o
  AR      drivers/usb/built-in.a
  CC      drivers/media/v4l2-core/v4l2-async.o
  AR      drivers/media/mc/built-in.a
  AR      drivers/media/rc/keymaps/built-in.a
  CC      drivers/media/rc/rc-main.o
  CC      drivers/media/v4l2-core/v4l2-fwnode.o
  AR      drivers/ptp/built-in.a
  CC [M]  drivers/ptp/ptp_clock.o
  CC [M]  drivers/ptp/ptp_chardev.o
  CC      drivers/media/rc/rc-ir-raw.o
  CC      drivers/media/v4l2-core/v4l2-mem2mem.o
  LD [M]  net/mac802154/mac802154.o
  CC      drivers/media/v4l2-core/v4l2-dv-timings.o
  CC      drivers/media/v4l2-core/v4l2-dev.o
  CC [M]  drivers/ptp/ptp_sysfs.o
  CC      drivers/media/rc/lirc_dev.o
  CC [M]  drivers/ptp/ptp_vclock.o
  CC      drivers/media/v4l2-core/v4l2-ioctl.o
  CC      drivers/media/v4l2-core/v4l2-device.o
  CC      drivers/media/v4l2-core/v4l2-fh.o
  CC      drivers/media/rc/keymaps/rc-cec.o
  CC      drivers/media/v4l2-core/v4l2-event.o
  LD [M]  drivers/ptp/ptp.o
  CC      drivers/power/reset/hisi-reboot.o
  CC      drivers/media/rc/bpf-lirc.o
  CC      drivers/power/supply/power_supply_core.o
  CC      drivers/media/v4l2-core/v4l2-subdev.o
  CC      drivers/media/v4l2-core/v4l2-common.o
  CC      drivers/media/v4l2-core/v4l2-ctrls-core.o
  CC      drivers/power/reset/syscon-reboot.o
  AR      drivers/media/rc/built-in.a
  CC      drivers/power/supply/power_supply_sysfs.o
  CC      drivers/media/cec/core/cec-core.o
  AR      drivers/power/reset/built-in.a
  CC      drivers/power/supply/power_supply_leds.o
  CC      drivers/media/v4l2-core/v4l2-ctrls-api.o
  CC      drivers/media/v4l2-core/v4l2-ctrls-request.o
  CC      drivers/media/v4l2-core/v4l2-ctrls-defs.o
  AR      drivers/power/supply/built-in.a
  CC      drivers/media/v4l2-core/v4l2-compat-ioctl32.o
  CC [M]  drivers/power/sequencing/core.o
  CC      drivers/media/cec/core/cec-adap.o
  CC      drivers/media/v4l2-core/v4l2-mc.o
  CC      drivers/media/v4l2-core/v4l2-spi.o
  LD [M]  drivers/power/sequencing/pwrseq-core.o
  AR      drivers/power/built-in.a
  AR      drivers/thermal/broadcom/built-in.a
  AR      drivers/thermal/renesas/built-in.a
  CC      drivers/media/v4l2-core/v4l2-trace.o
  AR      drivers/thermal/samsung/built-in.a
  AR      drivers/thermal/intel/built-in.a
  CC      drivers/media/v4l2-core/v4l2-i2c.o
  AR      drivers/thermal/st/built-in.a
  CC      drivers/thermal/qcom/qcom-spmi-adc-tm5.o
  CC      drivers/media/cec/core/cec-api.o
  CC      drivers/media/cec/core/cec-notifier.o
  CC      drivers/media/cec/core/cec-pin.o
  CC      drivers/watchdog/watchdog_core.o
  AR      drivers/media/v4l2-core/built-in.a
  AR      drivers/thermal/qcom/built-in.a
  AR      drivers/media/common/b2c2/built-in.a
  AR      drivers/thermal/tegra/built-in.a
  AR      drivers/media/common/saa7146/built-in.a
  AR      drivers/thermal/mediatek/built-in.a
  AR      drivers/media/common/siano/built-in.a
  CC      drivers/thermal/thermal_core.o
  AR      drivers/media/common/v4l2-tpg/built-in.a
  CC      drivers/media/common/videobuf2/videobuf2-core.o
  AR      drivers/media/platform/allegro-dvt/built-in.a
  AR      drivers/media/platform/amlogic/c3/isp/built-in.a
  AR      drivers/media/platform/amlogic/c3/mipi-adapter/built-in.a
  AR      drivers/media/platform/amlogic/c3/mipi-csi2/built-in.a
  AR      drivers/media/platform/amlogic/c3/built-in.a
  AR      drivers/media/platform/amlogic/meson-ge2d/built-in.a
  CC      drivers/media/common/uvc.o
  AR      drivers/media/platform/amlogic/built-in.a
  AR      drivers/media/platform/amphion/built-in.a
  AR      drivers/media/platform/aspeed/built-in.a
  AR      drivers/media/platform/atmel/built-in.a
  AR      drivers/media/cec/core/built-in.a
  AR      drivers/media/platform/broadcom/built-in.a
  AR      drivers/media/platform/cadence/built-in.a
  AR      drivers/media/cec/i2c/built-in.a
  AR      drivers/media/platform/chips-media/coda/built-in.a
  AR      drivers/media/cec/platform/meson/built-in.a
  AR      drivers/media/cec/platform/built-in.a
  AR      drivers/media/platform/chips-media/wave5/built-in.a
  AR      drivers/media/platform/chips-media/built-in.a
  AR      drivers/media/cec/usb/built-in.a
  AR      drivers/media/cec/built-in.a
  AR      drivers/media/platform/imagination/built-in.a
  AR      drivers/media/platform/intel/built-in.a
  AR      drivers/media/platform/marvell/built-in.a
  AR      drivers/media/pci/ttpci/built-in.a
  AR      drivers/media/platform/mediatek/jpeg/built-in.a
  AR      drivers/media/pci/b2c2/built-in.a
  AR      drivers/media/platform/mediatek/mdp/built-in.a
  AR      drivers/media/pci/pluto2/built-in.a
  CC      drivers/watchdog/watchdog_dev.o
  AR      drivers/media/pci/dm1105/built-in.a
  AR      drivers/media/platform/mediatek/vcodec/common/built-in.a
  AR      drivers/media/platform/mediatek/vcodec/encoder/built-in.a
  AR      drivers/media/platform/mediatek/vcodec/decoder/built-in.a
  AR      drivers/media/pci/pt1/built-in.a
  AR      drivers/media/platform/mediatek/vcodec/built-in.a
  AR      drivers/media/pci/pt3/built-in.a
  AR      drivers/media/pci/mantis/built-in.a
  AR      drivers/media/platform/mediatek/vpu/built-in.a
  AR      drivers/media/pci/ngene/built-in.a
  AR      drivers/media/platform/mediatek/mdp3/built-in.a
  AR      drivers/media/pci/ddbridge/built-in.a
  AR      drivers/media/platform/mediatek/built-in.a
  AR      drivers/media/pci/saa7146/built-in.a
  AR      drivers/media/usb/b2c2/built-in.a
  AR      drivers/media/pci/smipcie/built-in.a
  AR      drivers/media/usb/dvb-usb/built-in.a
  AR      drivers/media/platform/microchip/built-in.a
  AR      drivers/media/pci/netup_unidvb/built-in.a
  AR      drivers/media/usb/dvb-usb-v2/built-in.a
  AR      drivers/media/platform/nuvoton/built-in.a
  AR      drivers/media/usb/s2255/built-in.a
  AR      drivers/media/pci/intel/ipu3/built-in.a
  AR      drivers/media/usb/siano/built-in.a
  AR      drivers/media/pci/intel/ivsc/built-in.a
  AR      drivers/media/platform/nvidia/tegra-vde/built-in.a
  AR      drivers/media/usb/ttusb-budget/built-in.a
  AR      drivers/media/pci/intel/built-in.a
  AR      drivers/media/platform/nvidia/built-in.a
  AR      drivers/media/usb/ttusb-dec/built-in.a
  AR      drivers/media/platform/nxp/dw100/built-in.a
  AR      drivers/media/pci/built-in.a
  CC      drivers/media/usb/gspca/gspca.o
  AR      drivers/media/platform/nxp/imx-jpeg/built-in.a
  AR      drivers/media/mmc/siano/built-in.a
  AR      drivers/media/platform/nxp/imx8-isi/built-in.a
  AR      drivers/media/mmc/built-in.a
  AR      drivers/media/platform/nxp/built-in.a
  AR      drivers/media/firewire/built-in.a
  AR      drivers/media/platform/qcom/camss/built-in.a
  AR      drivers/media/spi/built-in.a
  AR      drivers/media/platform/qcom/iris/built-in.a
  AR      drivers/media/test-drivers/built-in.a
  AR      drivers/media/platform/qcom/venus/built-in.a
  AR      drivers/media/platform/qcom/built-in.a
  CC      drivers/media/usb/uvc/uvc_driver.o
  AR      drivers/media/platform/raspberrypi/pisp_be/built-in.a
  AR      drivers/media/platform/raspberrypi/rp1-cfe/built-in.a
  AR      drivers/media/platform/raspberrypi/built-in.a
  AR      drivers/media/platform/renesas/rcar-isp/built-in.a
  CC      drivers/thermal/thermal_sysfs.o
  AR      drivers/media/platform/renesas/rcar-vin/built-in.a
  AR      drivers/watchdog/built-in.a
  AR      drivers/media/platform/renesas/rzg2l-cru/built-in.a
  AR      drivers/media/platform/renesas/vsp1/built-in.a
  CC      drivers/md/dm-uevent.o
  AR      drivers/media/platform/renesas/built-in.a
  CC      drivers/media/common/videobuf2/frame_vector.o
  AR      drivers/media/platform/rockchip/rga/built-in.a
  AR      drivers/media/platform/rockchip/rkisp1/built-in.a
  AR      drivers/media/platform/rockchip/rkvdec/built-in.a
  AR      drivers/media/platform/rockchip/built-in.a
  AR      drivers/media/platform/samsung/exynos-gsc/built-in.a
  AR      drivers/media/platform/samsung/exynos4-is/built-in.a
  AR      drivers/media/platform/samsung/s3c-camif/built-in.a
  CC      drivers/thermal/thermal_trip.o
  AR      drivers/media/platform/samsung/s5p-g2d/built-in.a
  AR      drivers/media/platform/samsung/s5p-jpeg/built-in.a
  AR      drivers/media/platform/samsung/s5p-mfc/built-in.a
  CC      drivers/media/usb/gspca/autogain_functions.o
  AR      drivers/media/platform/samsung/built-in.a
  AR      drivers/media/platform/st/sti/bdisp/built-in.a
  CC      drivers/media/common/videobuf2/vb2-trace.o
  AR      drivers/media/platform/st/sti/c8sectpfe/built-in.a
  AR      drivers/media/platform/st/sti/delta/built-in.a
  AR      drivers/media/platform/st/sti/hva/built-in.a
  CC      drivers/md/dm-zone.o
  AR      drivers/media/platform/st/stm32/built-in.a
  AR      drivers/media/platform/st/built-in.a
  AR      drivers/media/platform/sunxi/sun4i-csi/built-in.a
  CC      drivers/thermal/thermal_helpers.o
  AR      drivers/media/platform/sunxi/sun6i-csi/built-in.a
  AR      drivers/media/platform/sunxi/sun6i-mipi-csi2/built-in.a
  CC      drivers/media/usb/uvc/uvc_queue.o
  AR      drivers/media/platform/sunxi/sun8i-a83t-mipi-csi2/built-in.a
  AR      drivers/media/platform/sunxi/sun8i-di/built-in.a
  AR      drivers/media/platform/sunxi/sun8i-rotate/built-in.a
  AR      drivers/media/platform/sunxi/built-in.a
  AR      drivers/media/platform/synopsys/hdmirx/built-in.a
  AR      drivers/media/platform/synopsys/built-in.a
  AR      drivers/media/platform/ti/am437x/built-in.a
  AR      drivers/media/platform/ti/cal/built-in.a
  AR      drivers/media/platform/ti/vpe/built-in.a
  CC      drivers/thermal/thermal_thresholds.o
  AR      drivers/media/usb/gspca/built-in.a
  CC      drivers/media/common/videobuf2/videobuf2-dma-contig.o
  AR      drivers/media/platform/ti/davinci/built-in.a
  CC      drivers/media/common/videobuf2/videobuf2-dma-sg.o
  AR      drivers/media/platform/ti/j721e-csi2rx/built-in.a
  AR      drivers/media/platform/ti/omap/built-in.a
  AR      drivers/media/platform/ti/omap3isp/built-in.a
  CC      drivers/md/dm.o
  AR      drivers/media/platform/ti/built-in.a
  AR      drivers/media/platform/verisilicon/built-in.a
  AR      drivers/media/platform/via/built-in.a
  AR      drivers/media/platform/xilinx/built-in.a
  CC      drivers/media/usb/uvc/uvc_v4l2.o
  AR      drivers/media/platform/built-in.a
  CC      drivers/thermal/thermal_netlink.o
  CC      drivers/media/usb/uvc/uvc_video.o
  CC      drivers/md/dm-table.o
  CC      drivers/media/common/videobuf2/videobuf2-memops.o
  CC      drivers/media/usb/uvc/uvc_ctrl.o
  CC      drivers/media/common/videobuf2/videobuf2-v4l2.o
  CC      drivers/thermal/thermal_of.o
  CC      drivers/md/dm-target.o
  CC      drivers/media/usb/uvc/uvc_status.o
  CC      drivers/md/dm-linear.o
  CC      drivers/thermal/gov_bang_bang.o
  CC      drivers/media/common/videobuf2/videobuf2-vmalloc.o
  CC      drivers/thermal/gov_step_wise.o
  CC      drivers/thermal/gov_user_space.o
  CC      drivers/md/dm-stripe.o
  CC      drivers/md/dm-ioctl.o
  CC      drivers/media/usb/uvc/uvc_isight.o
  CC      drivers/thermal/gov_power_allocator.o
  CC      drivers/md/dm-io.o
  CC      drivers/md/dm-kcopyd.o
  AR      drivers/media/common/videobuf2/built-in.a
  AR      drivers/media/common/built-in.a
  AR      drivers/media/radio/built-in.a
  CC      drivers/md/dm-sysfs.o
  CC      drivers/media/usb/uvc/uvc_debugfs.o
  CC      drivers/thermal/cpufreq_cooling.o
  CC      drivers/thermal/cpuidle_cooling.o
  CC      drivers/md/dm-stats.o
  CC      drivers/media/usb/uvc/uvc_metadata.o
  CC      drivers/md/dm-rq.o
  CC      drivers/media/usb/uvc/uvc_entity.o
  CC      drivers/thermal/devfreq_cooling.o
  CC      drivers/thermal/hisi_thermal.o
  CC      drivers/edac/edac_mc.o
  CC      drivers/opp/core.o
  CC      drivers/cpufreq/cpufreq.o
  AR      drivers/media/usb/uvc/built-in.a
  CC      drivers/md/dm-io-rewind.o
  AR      drivers/media/usb/built-in.a
  AR      drivers/media/built-in.a
  CC      drivers/cpufreq/freq_table.o
  AR      drivers/thermal/built-in.a
  CC      drivers/cpufreq/cpufreq_stats.o
  CC      drivers/cpufreq/cpufreq_times.o
  CC      drivers/edac/edac_device.o
  CC      drivers/md/dm-builtin.o
  CC      drivers/md/dm-bufio.o
  CC      drivers/opp/cpu.o
  CC      drivers/cpufreq/cpufreq_performance.o
  CC      drivers/cpufreq/cpufreq_powersave.o
  CC      drivers/cpufreq/cpufreq_conservative.o
  CC      drivers/edac/edac_mc_sysfs.o
  CC      drivers/opp/of.o
  CC      drivers/cpufreq/cpufreq_governor.o
  CC      drivers/cpufreq/cpufreq_governor_attr_set.o
  CC      drivers/md/dm-crypt.o
  CC      drivers/opp/debugfs.o
  CC      drivers/edac/edac_module.o
  CC      drivers/cpufreq/scmi-cpufreq.o
  CC      drivers/cpufreq/scpi-cpufreq.o
  CC      drivers/edac/edac_device_sysfs.o
  AR      drivers/opp/built-in.a
  CC      drivers/cpuidle/governors/menu.o
  CC      drivers/cpuidle/cpuidle.o
  CC      drivers/edac/wq.o
  AR      drivers/cpufreq/built-in.a
  CC      drivers/mmc/core/core.o
  CC      drivers/cpuidle/governors/teo.o
  CC      drivers/mmc/core/bus.o
  CC      drivers/md/dm-default-key.o
  CC      drivers/edac/edac_pci.o
  AR      drivers/cpuidle/governors/built-in.a
  CC      drivers/cpuidle/driver.o
  CC      drivers/cpuidle/governor.o
  CC      drivers/mmc/core/host.o
  CC      drivers/md/dm-snap.o
  CC      drivers/md/dm-exception-store.o
  CC      drivers/edac/edac_pci_sysfs.o
  CC      drivers/md/dm-snap-transient.o
  CC      drivers/cpuidle/sysfs.o
  CC      drivers/mmc/core/mmc.o
  CC      drivers/cpuidle/dt_idle_states.o
  CC      drivers/md/dm-verity-fec.o
  CC      drivers/md/dm-snap-persistent.o
  AR      drivers/edac/built-in.a
  CC      drivers/ufs/core/ufshcd.o
  CC      drivers/md/dm-verity-target.o
  CC      drivers/cpuidle/dt_idle_genpd.o
  CC      drivers/mmc/core/mmc_ops.o
  CC      drivers/md/dm-bow.o
  CC      drivers/md/dm-user.o
  CC      drivers/cpuidle/cpuidle-psci.o
  CC      drivers/cpuidle/cpuidle-psci-domain.o
  CC      drivers/mmc/core/sd.o
  CC      drivers/mmc/core/sd_ops.o
  AR      drivers/md/built-in.a
  AR      drivers/firmware/arm_ffa/built-in.a
  CC      drivers/firmware/arm_scmi/transports/smc.o
  CC      drivers/mmc/core/sdio.o
  AR      drivers/cpuidle/built-in.a
  AR      drivers/crypto/allwinner/built-in.a
  AR      drivers/crypto/stm32/built-in.a
  AR      drivers/crypto/inside-secure/eip93/built-in.a
  AR      drivers/crypto/inside-secure/built-in.a
  AR      drivers/crypto/xilinx/built-in.a
  AR      drivers/crypto/hisilicon/built-in.a
  AR      drivers/crypto/loongson/built-in.a
  AR      drivers/crypto/intel/keembay/built-in.a
  AR      drivers/crypto/intel/ixp4xx/built-in.a
  AR      drivers/crypto/intel/built-in.a
  AR      drivers/crypto/starfive/built-in.a
  AR      drivers/crypto/cavium/built-in.a
  CC      drivers/mmc/core/sdio_ops.o
  AR      drivers/crypto/ti/built-in.a
  AR      drivers/crypto/built-in.a
  CC      drivers/firmware/arm_scmi/transports/mailbox.o
  CC      drivers/clocksource/timer-of.o
  CC      drivers/hid/usbhid/hid-core.o
  CC      drivers/ufs/core/ufs-sysfs.o
  CC      drivers/clocksource/timer-probe.o
  CC      drivers/mmc/core/sdio_bus.o
  AR      drivers/firmware/arm_scmi/transports/built-in.a
  AR      drivers/firmware/arm_scmi/vendors/imx/built-in.a
  CC      drivers/firmware/arm_scmi/bus.o
  CC      drivers/mmc/core/sdio_cis.o
  CC      drivers/clocksource/mmio.o
  CC      drivers/hid/usbhid/hiddev.o
  CC      drivers/ufs/core/ufs-mcq.o
  CC      drivers/firmware/arm_scmi/driver.o
  CC      drivers/clocksource/timer-sun4i.o
  CC      drivers/mmc/core/sdio_io.o
  CC      drivers/clocksource/timer-mediatek.o
  CC      drivers/clocksource/arm_arch_timer.o
  AR      drivers/hid/usbhid/built-in.a
  CC      drivers/hid/hid-core.o
  CC      drivers/ufs/core/ufs-txeq.o
  CC      drivers/clocksource/arm_arch_timer_mmio.o
  CC      drivers/mmc/core/sdio_irq.o
  CC      drivers/clocksource/timer-sp804.o
  CC      drivers/firmware/arm_scmi/notify.o
  CC      drivers/clocksource/dummy_timer.o
  CC      drivers/ufs/core/ufs-debugfs.o
  CC      drivers/mmc/core/sd_uhs2.o
  CC      drivers/mmc/core/slot-gpio.o
  CC      drivers/hid/hid-input.o
  AR      drivers/clocksource/built-in.a
  CC      drivers/of/base.o
  CC      drivers/firmware/arm_scmi/quirks.o
  CC      drivers/ufs/core/ufs_bsg.o
  CC      drivers/of/cpu.o
  CC      drivers/mmc/core/regulator.o
  CC      drivers/firmware/arm_scmi/base.o
  CC      drivers/mmc/core/pwrseq.o
  CC      drivers/of/device.o
  CC      drivers/hid/hid-quirks.o
  CC      drivers/ufs/core/ufshcd-crypto.o
  CC      drivers/firmware/arm_scmi/clock.o
  CC      drivers/firmware/arm_scmi/perf.o
  CC      drivers/mmc/core/debugfs.o
  CC      drivers/of/module.o
  CC      drivers/firmware/arm_scmi/power.o
  CC      drivers/hid/hid-debug.o
  AR      drivers/ufs/core/built-in.a
  CC      drivers/ufs/host/tc-dwc-g210-pltfrm.o
  CC      drivers/of/platform.o
  CC      drivers/firmware/arm_scmi/reset.o
  CC      drivers/mmc/core/crypto.o
  CC      drivers/firmware/arm_scmi/sensors.o
  CC      drivers/ufs/host/ufshcd-dwc.o
  CC      drivers/firmware/arm_scmi/system.o
  CC      drivers/hid/hidraw.o
  CC      drivers/mmc/core/block.o
  CC      drivers/mmc/core/queue.o
  CC      drivers/of/property.o
  CC      drivers/firmware/arm_scmi/voltage.o
  CC      drivers/ufs/host/tc-dwc-g210.o
  CC      drivers/hid/uhid.o
  CC      drivers/firmware/arm_scmi/powercap.o
  CC      drivers/vhost/vsock.o
  CC      drivers/of/kobj.o
  AR      drivers/mmc/core/built-in.a
  CC      drivers/mmc/host/sdhci.o
  CC      drivers/ufs/host/ufs-qcom.o
  CC      drivers/of/dynamic.o
  CC      drivers/firmware/arm_scmi/pinctrl.o
  CC      drivers/hid/hid-generic.o
  CC      drivers/vhost/vhost.o
  CC      drivers/firmware/arm_scmi/shmem.o
  CC      drivers/of/fdt.o
  CC      drivers/ufs/host/ufshcd-pci.o
  CC      drivers/hid/hid-apple.o
  CC      drivers/mmc/host/sdhci-pltfm.o
  DTC     drivers/of/empty_root.dtb
  CC      drivers/of/fdt_address.o
  CC      drivers/ufs/host/ufshcd-pltfrm.o
  CC      drivers/hid/hid-elecom.o
  AR      drivers/firmware/arm_scmi/built-in.a
  AR      drivers/firmware/broadcom/built-in.a
  CC      drivers/of/address.o
  AR      drivers/firmware/cirrus/test/built-in.a
  CC      drivers/vhost/iotlb.o
  AR      drivers/firmware/cirrus/built-in.a
  AR      drivers/firmware/meson/built-in.a
  AR      drivers/firmware/microchip/built-in.a
  AR      drivers/mmc/host/built-in.a
  AR      drivers/mmc/built-in.a
  CC      drivers/of/irq.o
  CC      drivers/firmware/efi/libstub/alignedmem.o
  CC      drivers/ufs/host/ufs-hisi.o
  AR      drivers/vhost/built-in.a
  CC      drivers/of/of_reserved_mem.o
  CC      drivers/hid/hid-lg.o
  CC      drivers/of/resolver.o
  CC      drivers/of/overlay.o
  CC      drivers/firmware/efi/libstub/arm64-stub.o
  AR      drivers/ufs/host/built-in.a
  AR      drivers/ufs/built-in.a
  AR      drivers/staging/media/built-in.a
  CC [M]  drivers/of/of_kunit_helpers.o
  AR      drivers/staging/iio/accel/built-in.a
  AR      drivers/staging/iio/adc/built-in.a
  AR      drivers/staging/iio/addac/built-in.a
  AR      drivers/staging/iio/frequency/built-in.a
  WRAP    drivers/of/empty_root.dtb.S
  AS      drivers/of/empty_root.dtb.o
  AR      drivers/staging/iio/impedance-analyzer/built-in.a
  AR      drivers/staging/iio/built-in.a
  CC      drivers/hid/hid-lg-g15.o
  AR      drivers/staging/built-in.a
  CC      drivers/hid/hid-logitech-dj.o
  AR      drivers/of/built-in.a
  AR      drivers/platform/surface/built-in.a
  AR      drivers/platform/arm64/built-in.a
  CC      drivers/mailbox/mailbox.o
  AR      drivers/platform/built-in.a
  CC      drivers/firmware/efi/libstub/arm64.o
  CC      drivers/firmware/efi/libstub/efi-stub-entry.o
  AR      drivers/firmware/imx/built-in.a
  CC      drivers/firmware/psci/psci.o
  CC      drivers/firmware/efi/libstub/efi-stub-helper.o
  CC      drivers/hid/hid-logitech-hidpp.o
  CC      drivers/mailbox/hi3660-mailbox.o
  CC      drivers/hid/hid-magicmouse.o
  CC      drivers/firmware/efi/libstub/efi-stub.o
  AR      drivers/firmware/psci/built-in.a
  CC      drivers/firmware/qcom/qcom_scm.o
  CC      drivers/firmware/efi/libstub/fdt.o
  CC      drivers/mailbox/hi6220-mailbox.o
  CC      drivers/firmware/efi/libstub/file.o
  CC      drivers/hid/hid-microsoft.o
  CC      drivers/firmware/efi/libstub/gop.o
  CC      drivers/hid/hid-multitouch.o
  CC      drivers/mailbox/tegra-hsp.o
  CC      drivers/firmware/qcom/qcom_scm-smc.o
  CC      drivers/firmware/efi/libstub/intrinsics.o
  CC      drivers/firmware/efi/libstub/kaslr.o
  CC      drivers/hid/hid-nintendo.o
  CC      drivers/mailbox/sun6i-msgbox.o
  CC      drivers/firmware/qcom/qcom_scm-legacy.o
  CC      drivers/mailbox/qcom-ipcc.o
  CC      drivers/hid/hid-prodikeys.o
  CC      drivers/firmware/efi/libstub/lib-cmdline.o
  CC      drivers/firmware/efi/libstub/lib-ctype.o
  CC      drivers/firmware/efi/libstub/lib-fdt.o
  CC      drivers/firmware/efi/libstub/lib-fdt_empty_tree.o
  CC      drivers/firmware/efi/libstub/lib-fdt_ro.o
  CC      drivers/firmware/efi/libstub/lib-fdt_rw.o
  CC      drivers/firmware/qcom/qcom_tzmem.o
  CC      drivers/firmware/efi/libstub/lib-fdt_sw.o
  CC      drivers/hwspinlock/hwspinlock_core.o
  CC      drivers/firmware/efi/libstub/lib-fdt_wip.o
  CC      drivers/firmware/efi/libstub/mem.o
  AR      drivers/mailbox/built-in.a
  CC      drivers/firmware/efi/libstub/pci.o
  AR      drivers/firmware/samsung/built-in.a
  CC      drivers/firmware/efi/libstub/printk.o
  CC      drivers/hid/hid-picolcd_core.o
  CC      drivers/hwspinlock/qcom_hwspinlock.o
  CC      drivers/firmware/efi/libstub/random.o
  AR      drivers/firmware/qcom/built-in.a
  CC      drivers/firmware/efi/libstub/randomalloc.o
  CC      drivers/firmware/smccc/smccc.o
  CC      drivers/firmware/efi/libstub/relocate.o
  AR      drivers/hwspinlock/built-in.a
  CC      drivers/remoteproc/remoteproc_core.o
  CC      drivers/firmware/efi/libstub/screen_info.o
  CC      drivers/firmware/smccc/kvm_guest.o
  CC      drivers/hid/hid-picolcd_debugfs.o
  CC      drivers/firmware/smccc/soc_id.o
  CC      drivers/firmware/efi/libstub/secureboot.o
  CC      drivers/firmware/efi/libstub/skip_spaces.o
  CC      drivers/firmware/efi/libstub/smbios.o
  CC      drivers/firmware/efi/libstub/string.o
  AR      drivers/firmware/smccc/built-in.a
  CC      drivers/firmware/tegra/bpmp.o
  CC      drivers/firmware/efi/libstub/systable.o
  CC      drivers/firmware/tegra/bpmp-tegra186.o
  CC      drivers/hid/hid-plantronics.o
  CC      drivers/remoteproc/remoteproc_coredump.o
  CC      drivers/firmware/efi/libstub/tpm.o
  CC      drivers/firmware/efi/libstub/vsprintf.o
  CC      drivers/firmware/tegra/bpmp-debugfs.o
  CC      drivers/firmware/tegra/ivc.o
  STUBCPY drivers/firmware/efi/libstub/alignedmem.stub.o
  STUBCPY drivers/firmware/efi/libstub/arm64-stub.stub.o
  STUBCPY drivers/firmware/efi/libstub/arm64.stub.o
  AR      drivers/firmware/xilinx/built-in.a
  CC      drivers/firmware/arm_scpi.o
  CC      drivers/hid/hid-playstation.o
  CC      drivers/remoteproc/remoteproc_debugfs.o
  STUBCPY drivers/firmware/efi/libstub/efi-stub-entry.stub.o
  STUBCPY drivers/firmware/efi/libstub/efi-stub-helper.stub.o
  STUBCPY drivers/firmware/efi/libstub/efi-stub.stub.o
  STUBCPY drivers/firmware/efi/libstub/fdt.stub.o
  STUBCPY drivers/firmware/efi/libstub/file.stub.o
  STUBCPY drivers/firmware/efi/libstub/gop.stub.o
  STUBCPY drivers/firmware/efi/libstub/intrinsics.stub.o
  STUBCPY drivers/firmware/efi/libstub/kaslr.stub.o
  STUBCPY drivers/firmware/efi/libstub/lib-cmdline.stub.o
  CC      drivers/firmware/efi/efi.o
  STUBCPY drivers/firmware/efi/libstub/lib-ctype.stub.o
  AR      drivers/firmware/tegra/built-in.a
  STUBCPY drivers/firmware/efi/libstub/lib-fdt.stub.o
  STUBCPY drivers/firmware/efi/libstub/lib-fdt_empty_tree.stub.o
  CC      drivers/firmware/efi/vars.o
  STUBCPY drivers/firmware/efi/libstub/lib-fdt_ro.stub.o
  STUBCPY drivers/firmware/efi/libstub/lib-fdt_rw.stub.o
  STUBCPY drivers/firmware/efi/libstub/lib-fdt_sw.stub.o
  STUBCPY drivers/firmware/efi/libstub/lib-fdt_wip.stub.o
  STUBCPY drivers/firmware/efi/libstub/mem.stub.o
  STUBCPY drivers/firmware/efi/libstub/pci.stub.o
  CC      drivers/remoteproc/remoteproc_sysfs.o
  STUBCPY drivers/firmware/efi/libstub/printk.stub.o
  STUBCPY drivers/firmware/efi/libstub/random.stub.o
  CC      drivers/firmware/arm_sdei.o
  STUBCPY drivers/firmware/efi/libstub/randomalloc.stub.o
  STUBCPY drivers/firmware/efi/libstub/relocate.stub.o
  STUBCPY drivers/firmware/efi/libstub/screen_info.stub.o
  STUBCPY drivers/firmware/efi/libstub/secureboot.stub.o
  STUBCPY drivers/firmware/efi/libstub/skip_spaces.stub.o
  STUBCPY drivers/firmware/efi/libstub/smbios.stub.o
  STUBCPY drivers/firmware/efi/libstub/string.stub.o
  CC      drivers/hid/hid-roccat.o
  STUBCPY drivers/firmware/efi/libstub/systable.stub.o
  STUBCPY drivers/firmware/efi/libstub/tpm.stub.o
  STUBCPY drivers/firmware/efi/libstub/vsprintf.stub.o
  CC      drivers/firmware/efi/reboot.o
  AR      drivers/firmware/efi/libstub/lib.a
  CC      drivers/firmware/efi/memattr.o
  CC      drivers/firmware/efi/tpm.o
  CC      drivers/remoteproc/remoteproc_virtio.o
  CC      drivers/firmware/efi/memmap.o
  CC      drivers/firmware/efi/fdtparams.o
  CC      drivers/hid/hid-roccat-common.o
  CC      drivers/firmware/efi/esrt.o
  CC      drivers/firmware/efi/efi-pstore.o
  CC      drivers/firmware/efi/runtime-wrappers.o
  CC      drivers/remoteproc/remoteproc_elf_loader.o
  CC      drivers/hid/hid-roccat-arvo.o
  CC      drivers/firmware/efi/efi-init.o
  CC      drivers/hid/hid-roccat-isku.o
  CC      drivers/firmware/efi/arm-runtime.o
  CC      drivers/firmware/efi/earlycon.o
  CC      drivers/remoteproc/remoteproc_cdev.o
  CC      drivers/hid/hid-roccat-kone.o
  CC      drivers/hid/hid-roccat-koneplus.o
  CC      drivers/hid/hid-roccat-konepure.o
  CC      drivers/hid/hid-roccat-kovaplus.o
  AR      drivers/firmware/efi/built-in.a
  AR      drivers/firmware/built-in.a
  CC      drivers/rpmsg/rpmsg_core.o
  CC      drivers/remoteproc/qcom_common.o
  CC      drivers/rpmsg/rpmsg_char.o
  CC      drivers/hid/hid-roccat-lua.o
  AR      drivers/virt/vboxguest/built-in.a
  CC      drivers/virt/coco/pkvm-guest/arm-pkvm-guest.o
  CC      drivers/rpmsg/qcom_glink_native.o
  CC      drivers/hid/hid-roccat-pyra.o
  CC      drivers/remoteproc/qcom_spss.o
  CC      drivers/hid/hid-roccat-ryos.o
  CC      drivers/rpmsg/qcom_glink_ssr.o
  CC      drivers/virt/coco/pkvm-guest/pkvm-device-power.o
  CC      drivers/hid/hid-roccat-savu.o
  AR      drivers/remoteproc/built-in.a
  AR      drivers/devfreq/event/built-in.a
  CC      drivers/devfreq/devfreq.o
  CC      drivers/rpmsg/qcom_glink_spss.o
  AR      drivers/virt/coco/pkvm-guest/built-in.a
  AR      drivers/virt/coco/built-in.a
  CC      drivers/virt/gunyah/gunyah.o
  CC      drivers/hid/hid-sony.o
  CC      drivers/hid/hid-steam.o
  CC      drivers/virt/gunyah/rsc_mgr.o
  CC      drivers/virt/gunyah/rsc_mgr_rpc.o
  AR      drivers/rpmsg/built-in.a
  CC      drivers/extcon/extcon.o
  CC      drivers/devfreq/devfreq-event.o
  CC      drivers/hid/hid-uclogic-core.o
  CC      drivers/virt/gunyah/vm_mgr.o
  CC      drivers/hid/hid-uclogic-rdesc.o
  CC      drivers/virt/gunyah/vm_mgr_mem.o
  CC      drivers/extcon/devres.o
  CC      drivers/devfreq/governor_simpleondemand.o
  CC      drivers/hid/hid-uclogic-params.o
  AR      drivers/extcon/built-in.a
  CC      drivers/devfreq/governor_performance.o
  CC      drivers/devfreq/governor_powersave.o
  CC      drivers/hid/wacom_wac.o
  CC      drivers/virt/gunyah/vm_mgr_cma_mem.o
  CC      drivers/virt/gunyah/gunyah_vcpu.o
  CC      drivers/devfreq/governor_userspace.o
  CC      drivers/devfreq/governor_passive.o
  CC      drivers/virt/gunyah/gunyah_qtvm.o
  CC      drivers/hid/wacom_sys.o
  CC      drivers/hid/hid-wiimote-core.o
  AR      drivers/devfreq/built-in.a
  CC      drivers/memory/tegra/mc.o
  AR      drivers/iio/accel/built-in.a
  CC      drivers/iio/adc/qcom-spmi-adc5.o
  CC      drivers/hid/hid-wiimote-modules.o
  CC      drivers/virt/gunyah/gunyah_platform_hooks.o
  CC      drivers/memory/tegra/tegra186.o
  CC      drivers/iio/adc/qcom-vadc-common.o
  CC      drivers/hid/hid-wiimote-debug.o
  CC [M]  drivers/hid/hid-uclogic-rdesc-test.o
  CC      drivers/virt/gunyah/gunyah_irqfd.o
  CC      drivers/virt/gunyah/gunyah_ioeventfd.o
  CC      drivers/memory/tegra/tegra234.o
  AR      drivers/iio/adc/built-in.a
  AR      drivers/iio/addac/built-in.a
  AR      drivers/iio/afe/built-in.a
  CC      drivers/memory/tegra/tegra186-emc.o
  AR      drivers/iio/amplifiers/built-in.a
  AR      drivers/iio/buffer/built-in.a
  AR      drivers/iio/cdc/built-in.a
  AR      drivers/iio/chemical/built-in.a
  CC      drivers/powercap/powercap_sys.o
  AR      drivers/iio/common/cros_ec_sensors/built-in.a
  AR      drivers/iio/common/hid-sensors/built-in.a
  AR      drivers/iio/common/inv_sensors/built-in.a
  AR      drivers/virt/gunyah/built-in.a
  CC      drivers/virt/vmgenid.o
  LD [M]  drivers/hid/hid-uclogic-test.o
  AR      drivers/iio/common/ms_sensors/built-in.a
  AR      drivers/hid/built-in.a
  AR      drivers/iio/common/scmi_sensors/built-in.a
  CC      drivers/perf/arm_pmu.o
  AR      drivers/iio/common/ssp_sensors/built-in.a
  AR      drivers/iio/common/st_sensors/built-in.a
  AR      drivers/iio/common/built-in.a
  AR      drivers/iio/dac/built-in.a
  AR      drivers/ras/amd/atl/built-in.a
  AR      drivers/iio/dummy/built-in.a
  CC      drivers/ras/ras.o
  AR      drivers/iio/gyro/built-in.a
  AR      drivers/iio/filter/built-in.a
  AR      drivers/iio/frequency/built-in.a
  AR      drivers/memory/tegra/built-in.a
  AR      drivers/iio/health/built-in.a
  AR      drivers/memory/built-in.a
  AR      drivers/iio/humidity/built-in.a
  CC      drivers/ras/debugfs.o
  AR      drivers/iio/imu/bmi160/built-in.a
  CC      drivers/powercap/idle_inject.o
  AR      drivers/iio/imu/bmi270/built-in.a
  AR      drivers/virt/built-in.a
  AR      drivers/iio/imu/bmi323/built-in.a
  AR      drivers/hwtracing/intel_th/built-in.a
  AR      drivers/iio/imu/bno055/built-in.a
  AR      drivers/android/binder/built-in.a
  AR      drivers/iio/imu/inv_icm42600/built-in.a
  AR      drivers/iio/imu/inv_mpu6050/built-in.a
  CC [M]  drivers/android/tests/binder_alloc_kunit.o
  AR      drivers/iio/imu/st_lsm6dsx/built-in.a
  AR      drivers/iio/imu/st_lsm9ds0/built-in.a
  AR      drivers/iio/imu/built-in.a
  AR      drivers/iio/light/built-in.a
  CC      drivers/perf/arm_pmu_platform.o
  AR      drivers/iio/magnetometer/built-in.a
  CC      drivers/perf/arm_pmuv3.o
  AR      drivers/iio/multiplexer/built-in.a
  AR      drivers/iio/orientation/built-in.a
  AR      drivers/powercap/built-in.a
  AR      drivers/iio/position/built-in.a
  AR      drivers/nvmem/layouts/built-in.a
  AR      drivers/iio/potentiometer/built-in.a
  CC      drivers/nvmem/core.o
  AR      drivers/iio/potentiostat/built-in.a
  AR      drivers/iio/pressure/built-in.a
  AR      drivers/iio/proximity/built-in.a
  AR      drivers/iio/resolver/built-in.a
  AR      drivers/ras/built-in.a
  AR      drivers/iio/temperature/built-in.a
  CC      drivers/perf/arm_brbe.o
  AR      drivers/iio/test/built-in.a
  CC [M]  drivers/iio/test/iio-test-format.o
  CC      drivers/android/binderfs.o
  CC      drivers/android/binder.o
  AR      drivers/iio/trigger/built-in.a
  CC      drivers/nvmem/layouts.o
  CC      drivers/iio/industrialio-core.o
  CC [M]  drivers/perf/dwc_pcie_pmu.o
  CC      drivers/android/binder_alloc.o
  AR      drivers/perf/built-in.a
  CC      drivers/android/binder_netlink.o
  AR      drivers/nvmem/built-in.a
  CC      drivers/interconnect/qcom/icc-common.o
  CC      drivers/iio/industrialio-event.o
  AR      drivers/accel/built-in.a
  CC [M]  drivers/pps/pps.o
  AR      drivers/interconnect/qcom/built-in.a
  CC      drivers/interconnect/core.o
  CC      drivers/android/binder_pick.o
  CC      drivers/android/vendor_hooks.o
  CC      drivers/iio/inkern.o
  CC [M]  drivers/pps/kapi.o
  CC      drivers/android/debug_kinfo.o
  CC [M]  drivers/pps/sysfs.o
  CC      drivers/interconnect/bulk.o
  CC      drivers/iio/industrialio-buffer.o
  CC      drivers/iio/industrialio-trigger.o
  LD [M]  drivers/pps/pps_core.o
  CC [M]  drivers/bluetooth/hci_ldisc.o
  CC      drivers/interconnect/debugfs-client.o
  CC [M]  drivers/thunderbolt/nhi.o
  AR      drivers/interconnect/built-in.a
  CC [M]  drivers/gnss/core.o
  CC [M]  drivers/thunderbolt/nhi_ops.o
  AR      drivers/iio/built-in.a
  CC [M]  drivers/thunderbolt/ctl.o
  CC [M]  drivers/thunderbolt/tb.o
  CC [M]  drivers/bluetooth/hci_serdev.o
  LD [M]  drivers/gnss/gnss.o
  CC [M]  drivers/bluetooth/hci_h4.o
  CC [M]  drivers/thunderbolt/switch.o
  CC [M]  drivers/thunderbolt/cap.o
  CC [M]  drivers/bluetooth/hci_ll.o
  CC [M]  drivers/thunderbolt/path.o
  CC [M]  drivers/bluetooth/hci_bcm.o
  CC [M]  drivers/thunderbolt/tunnel.o
  CC [M]  drivers/thunderbolt/eeprom.o
  AR      drivers/android/built-in.a
  CC [M]  drivers/thunderbolt/domain.o
  CC [M]  drivers/thunderbolt/dma_port.o
  CC [M]  drivers/bluetooth/hci_qca.o
  CC [M]  drivers/bluetooth/btsdio.o
  CC [M]  drivers/thunderbolt/icm.o
  CC [M]  drivers/thunderbolt/property.o
  CC [M]  drivers/thunderbolt/xdomain.o
  CC [M]  drivers/thunderbolt/lc.o
  CC [M]  drivers/bluetooth/btbcm.o
  CC [M]  drivers/bluetooth/btqca.o
  CC [M]  drivers/thunderbolt/tmu.o
  CC [M]  drivers/thunderbolt/usb4.o
  CC [M]  drivers/thunderbolt/usb4_port.o
  CC [M]  drivers/thunderbolt/nvm.o
  LD [M]  drivers/bluetooth/hci_uart.o
  CC [M]  drivers/thunderbolt/retimer.o
  AR      drivers/built-in.a
  CC [M]  drivers/thunderbolt/quirks.o
  CC [M]  drivers/thunderbolt/clx.o
  CC [M]  drivers/thunderbolt/debugfs.o
  LD [M]  drivers/thunderbolt/thunderbolt.o
  AR      built-in.a
  AR      vmlinux.a
  LD      vmlinux.o
  GEN     .vmlinux.objs
  MODPOST Module.symvers
  CC      .vmlinux.export.o
  UPD     include/generated/utsversion.h
  CC      init/version-timestamp.o
  KSYMS   .tmp_vmlinux0.kallsyms.S
  AS      .tmp_vmlinux0.kallsyms.o
  LD      .tmp_vmlinux1
  BTF     .tmp_vmlinux1.btf.o
  NM      .tmp_vmlinux1.syms
  KSYMS   .tmp_vmlinux1.kallsyms.S
  AS      .tmp_vmlinux1.kallsyms.o
  LD      .tmp_vmlinux2
  NM      .tmp_vmlinux2.syms
  KSYMS   .tmp_vmlinux2.kallsyms.S
  AS      .tmp_vmlinux2.kallsyms.o
  LD      vmlinux.unstripped
  BTFIDS  vmlinux.unstripped
  NM      System.map
  SORTTAB vmlinux.unstripped
make[4]: Nothing to be done for 'vmlinux.unstripped'.
  OBJCOPY vmlinux
  GEN     modules.builtin.modinfo
  GEN     modules.builtin
  OBJCOPY arch/arm64/boot/Image
  CC [M]  arch/arm64/geniezone/gzvm.mod.o
  CC [M]  .module-common.o
  CC [M]  kernel/time/time_test.mod.o
  CC [M]  mm/zsmalloc.mod.o
  CC [M]  kernel/kheaders.mod.o
  CC [M]  fs/ext4/ext4-inode-test.mod.o
  CC [M]  fs/fat/fat_test.mod.o
  CC [M]  fs/netfs/netfs.mod.o
  CC [M]  lib/kunit/kunit.mod.o
  CC [M]  lib/kunit/kunit-test.mod.o
  CC [M]  lib/kunit/platform-test.mod.o
  CC [M]  lib/kunit/kunit-example-test.mod.o
  CC [M]  lib/crc/crc-ccitt.mod.o
  CC [M]  lib/crypto/libarc4.mod.o
  CC [M]  drivers/clk/clk-test.mod.o
  CC [M]  drivers/clk/clk-gate_test.mod.o
  CC [M]  drivers/clk/clk_kunit_helpers.mod.o
  CC [M]  drivers/virtio/virtio_pci_modern_dev.mod.o
  CC [M]  drivers/virtio/virtio_pci_legacy_dev.mod.o
  CC [M]  drivers/virtio/virtio_pci.mod.o
  CC [M]  drivers/virtio/virtio_balloon.mod.o
  CC [M]  drivers/char/hw_random/cctrng.mod.o
  CC [M]  drivers/char/virtio_console.mod.o
  CC [M]  drivers/base/regmap/regmap-kunit.mod.o
  CC [M]  drivers/base/regmap/regmap-ram.mod.o
  CC [M]  drivers/base/regmap/regmap-raw-ram.mod.o
  CC [M]  drivers/block/virtio_blk.mod.o
  CC [M]  drivers/block/zram/zram.mod.o
  CC [M]  drivers/misc/open-dice.mod.o
  CC [M]  drivers/misc/vcpu_stall_detector.mod.o
  CC [M]  drivers/net/macsec.mod.o
  CC [M]  drivers/net/mii.mod.o
  CC [M]  drivers/net/can/dev/can-dev.mod.o
  CC [M]  drivers/net/can/vcan.mod.o
  CC [M]  drivers/net/can/slcan/slcan.mod.o
  CC [M]  drivers/net/ppp/ppp_generic.mod.o
  CC [M]  drivers/net/ppp/bsd_comp.mod.o
  CC [M]  drivers/net/ppp/ppp_deflate.mod.o
  CC [M]  drivers/net/ppp/ppp_mppe.mod.o
  CC [M]  drivers/net/ppp/pppox.mod.o
  CC [M]  drivers/net/ppp/pptp.mod.o
  CC [M]  drivers/net/slip/slhc.mod.o
  CC [M]  drivers/net/wwan/wwan.mod.o
  CC [M]  drivers/net/usb/rtl8150.mod.o
  CC [M]  drivers/net/usb/r8152.mod.o
  CC [M]  drivers/net/usb/asix.mod.o
  CC [M]  drivers/net/usb/ax88179_178a.mod.o
  CC [M]  drivers/net/usb/cdc_ether.mod.o
  CC [M]  drivers/net/usb/cdc_eem.mod.o
  CC [M]  drivers/net/usb/usbnet.mod.o
  CC [M]  drivers/net/usb/cdc_ncm.mod.o
  CC [M]  drivers/net/usb/aqc111.mod.o
  CC [M]  drivers/net/usb/r8153_ecm.mod.o
  CC [M]  drivers/usb/mon/usbmon.mod.o
  CC [M]  drivers/usb/class/cdc-acm.mod.o
  CC [M]  drivers/usb/serial/usbserial.mod.o
  CC [M]  drivers/usb/serial/ftdi_sio.mod.o
  CC [M]  drivers/input/tests/input_test.mod.o
  CC [M]  drivers/rtc/test_rtc_lib.mod.o
  CC [M]  drivers/ptp/ptp.mod.o
  CC [M]  drivers/power/sequencing/pwrseq-core.mod.o
  CC [M]  drivers/hid/hid-uclogic-test.mod.o
  CC [M]  drivers/of/of_kunit_helpers.mod.o
  CC [M]  drivers/iio/test/iio-test-format.mod.o
  CC [M]  drivers/perf/dwc_pcie_pmu.mod.o
  CC [M]  drivers/android/tests/binder_alloc_kunit.mod.o
  CC [M]  drivers/pps/pps_core.mod.o
  CC [M]  drivers/bluetooth/hci_uart.mod.o
  CC [M]  drivers/bluetooth/btsdio.mod.o
  CC [M]  drivers/bluetooth/btbcm.mod.o
  CC [M]  drivers/bluetooth/btqca.mod.o
  CC [M]  drivers/thunderbolt/thunderbolt.mod.o
  CC [M]  drivers/gnss/gnss.mod.o
  CC [M]  sound/soc/soc-topology-test.mod.o
  CC [M]  sound/soc/soc-utils-test.mod.o
  CC [M]  net/core/dev_addr_lists_test.mod.o
  CC [M]  net/8021q/8021q.mod.o
  CC [M]  net/vmw_vsock/vmw_vsock_virtio_transport.mod.o
  CC [M]  net/can/can.mod.o
  CC [M]  net/can/can-raw.mod.o
  CC [M]  net/can/can-bcm.mod.o
  CC [M]  net/can/can-gw.mod.o
  CC [M]  net/bluetooth/bluetooth.mod.o
  CC [M]  net/bluetooth/rfcomm/rfcomm.mod.o
  CC [M]  net/bluetooth/hidp/hidp.mod.o
  CC [M]  net/l2tp/l2tp_core.mod.o
  CC [M]  net/l2tp/l2tp_ppp.mod.o
  CC [M]  net/tipc/tipc.mod.o
  CC [M]  net/tipc/tipc_diag.mod.o
  CC [M]  net/rfkill/rfkill.mod.o
  CC [M]  net/9p/9pnet.mod.o
  CC [M]  net/9p/9pnet_fd.mod.o
  CC [M]  net/6lowpan/6lowpan.mod.o
  CC [M]  net/6lowpan/nhc_dest.mod.o
  CC [M]  net/6lowpan/nhc_fragment.mod.o
  CC [M]  net/6lowpan/nhc_hop.mod.o
  CC [M]  net/6lowpan/nhc_ipv6.mod.o
  CC [M]  net/6lowpan/nhc_mobility.mod.o
  CC [M]  net/6lowpan/nhc_routing.mod.o
  CC [M]  net/6lowpan/nhc_udp.mod.o
  CC [M]  net/ieee802154/6lowpan/ieee802154_6lowpan.mod.o
  CC [M]  net/ieee802154/ieee802154.mod.o
  CC [M]  net/ieee802154/ieee802154_socket.mod.o
  CC [M]  net/mac802154/mac802154.mod.o
  CC [M]  net/nfc/nfc.mod.o
  LD [M]  arch/arm64/geniezone/gzvm.ko
  LD [M]  kernel/time/time_test.ko
  BTF [M] kernel/time/time_test.ko
  BTF [M] arch/arm64/geniezone/gzvm.ko
  LD [M]  kernel/kheaders.ko
  LD [M]  mm/zsmalloc.ko
  BTF [M] mm/zsmalloc.ko
  BTF [M] kernel/kheaders.ko
  LD [M]  fs/ext4/ext4-inode-test.ko
  LD [M]  fs/fat/fat_test.ko
  BTF [M] fs/ext4/ext4-inode-test.ko
  LD [M]  fs/netfs/netfs.ko
  BTF [M] fs/fat/fat_test.ko
  LD [M]  lib/kunit/kunit.ko
  LD [M]  lib/kunit/kunit-test.ko
  BTF [M] fs/netfs/netfs.ko
  LD [M]  lib/kunit/platform-test.ko
  BTF [M] lib/kunit/kunit-test.ko
  BTF [M] lib/kunit/platform-test.ko
  BTF [M] lib/kunit/kunit.ko
  LD [M]  lib/kunit/kunit-example-test.ko
  LD [M]  lib/crc/crc-ccitt.ko
  BTF [M] lib/kunit/kunit-example-test.ko
  BTF [M] lib/crc/crc-ccitt.ko
  LD [M]  lib/crypto/libarc4.ko
  LD [M]  drivers/clk/clk-test.ko
  LD [M]  drivers/clk/clk-gate_test.ko
  BTF [M] lib/crypto/libarc4.ko
  LD [M]  drivers/clk/clk_kunit_helpers.ko
  BTF [M] drivers/clk/clk-test.ko
  BTF [M] drivers/clk/clk-gate_test.ko
  BTF [M] drivers/clk/clk_kunit_helpers.ko
  LD [M]  drivers/virtio/virtio_pci_modern_dev.ko
  LD [M]  drivers/virtio/virtio_pci_legacy_dev.ko
  BTF [M] drivers/virtio/virtio_pci_modern_dev.ko
  LD [M]  drivers/virtio/virtio_pci.ko
  BTF [M] drivers/virtio/virtio_pci_legacy_dev.ko
  LD [M]  drivers/virtio/virtio_balloon.ko
  BTF [M] drivers/virtio/virtio_pci.ko
  LD [M]  drivers/char/hw_random/cctrng.ko
  LD [M]  drivers/char/virtio_console.ko
  BTF [M] drivers/virtio/virtio_balloon.ko
  BTF [M] drivers/char/hw_random/cctrng.ko
  BTF [M] drivers/char/virtio_console.ko
  LD [M]  drivers/base/regmap/regmap-kunit.ko
  LD [M]  drivers/base/regmap/regmap-ram.ko
  LD [M]  drivers/base/regmap/regmap-raw-ram.ko
  BTF [M] drivers/base/regmap/regmap-kunit.ko
  LD [M]  drivers/block/virtio_blk.ko
  BTF [M] drivers/base/regmap/regmap-raw-ram.ko
  BTF [M] drivers/base/regmap/regmap-ram.ko
  BTF [M] drivers/block/virtio_blk.ko
  LD [M]  drivers/block/zram/zram.ko
  LD [M]  drivers/misc/open-dice.ko
  BTF [M] drivers/misc/open-dice.ko
  LD [M]  drivers/misc/vcpu_stall_detector.ko
  LD [M]  drivers/net/macsec.ko
  BTF [M] drivers/block/zram/zram.ko
  BTF [M] drivers/misc/vcpu_stall_detector.ko
  LD [M]  drivers/net/mii.ko
  BTF [M] drivers/net/macsec.ko
  LD [M]  drivers/net/can/dev/can-dev.ko
  BTF [M] drivers/net/mii.ko
  BTF [M] drivers/net/can/dev/can-dev.ko
  LD [M]  drivers/net/can/vcan.ko
  LD [M]  drivers/net/can/slcan/slcan.ko
  BTF [M] drivers/net/can/vcan.ko
  BTF [M] drivers/net/can/slcan/slcan.ko
  LD [M]  drivers/net/ppp/ppp_generic.ko
  LD [M]  drivers/net/ppp/bsd_comp.ko
  LD [M]  drivers/net/ppp/ppp_deflate.ko
  BTF [M] drivers/net/ppp/ppp_deflate.ko
  BTF [M] drivers/net/ppp/ppp_generic.ko
  BTF [M] drivers/net/ppp/bsd_comp.ko
  LD [M]  drivers/net/ppp/ppp_mppe.ko
  BTF [M] drivers/net/ppp/ppp_mppe.ko
  LD [M]  drivers/net/ppp/pppox.ko
  LD [M]  drivers/net/ppp/pptp.ko
  LD [M]  drivers/net/slip/slhc.ko
  BTF [M] drivers/net/ppp/pppox.ko
  LD [M]  drivers/net/wwan/wwan.ko
  BTF [M] drivers/net/slip/slhc.ko
  BTF [M] drivers/net/ppp/pptp.ko
  LD [M]  drivers/net/usb/rtl8150.ko
  BTF [M] drivers/net/wwan/wwan.ko
  BTF [M] drivers/net/usb/rtl8150.ko
  LD [M]  drivers/net/usb/r8152.ko
  LD [M]  drivers/net/usb/asix.ko
  LD [M]  drivers/net/usb/ax88179_178a.ko
  LD [M]  drivers/net/usb/cdc_ether.ko
  BTF [M] drivers/net/usb/r8152.ko
  LD [M]  drivers/net/usb/cdc_eem.ko
  BTF [M] drivers/net/usb/ax88179_178a.ko
  BTF [M] drivers/net/usb/cdc_ether.ko
  BTF [M] drivers/net/usb/asix.ko
  LD [M]  drivers/net/usb/usbnet.ko
  BTF [M] drivers/net/usb/cdc_eem.ko
  BTF [M] drivers/net/usb/usbnet.ko
  LD [M]  drivers/net/usb/cdc_ncm.ko
  LD [M]  drivers/net/usb/aqc111.ko
  LD [M]  drivers/net/usb/r8153_ecm.ko
  LD [M]  drivers/usb/mon/usbmon.ko
  BTF [M] drivers/net/usb/aqc111.ko
  BTF [M] drivers/net/usb/cdc_ncm.ko
  LD [M]  drivers/usb/class/cdc-acm.ko
  BTF [M] drivers/net/usb/r8153_ecm.ko
  BTF [M] drivers/usb/mon/usbmon.ko
  BTF [M] drivers/usb/class/cdc-acm.ko
  LD [M]  drivers/usb/serial/usbserial.ko
  BTF [M] drivers/usb/serial/usbserial.ko
  LD [M]  drivers/usb/serial/ftdi_sio.ko
  LD [M]  drivers/input/tests/input_test.ko
  LD [M]  drivers/rtc/test_rtc_lib.ko
  LD [M]  drivers/ptp/ptp.ko
  BTF [M] drivers/usb/serial/ftdi_sio.ko
  BTF [M] drivers/input/tests/input_test.ko
  LD [M]  drivers/power/sequencing/pwrseq-core.ko
  BTF [M] drivers/rtc/test_rtc_lib.ko
  BTF [M] drivers/ptp/ptp.ko
  BTF [M] drivers/power/sequencing/pwrseq-core.ko
  LD [M]  drivers/hid/hid-uclogic-test.ko
  BTF [M] drivers/hid/hid-uclogic-test.ko
  LD [M]  drivers/of/of_kunit_helpers.ko
  LD [M]  drivers/iio/test/iio-test-format.ko
  LD [M]  drivers/perf/dwc_pcie_pmu.ko
  BTF [M] drivers/of/of_kunit_helpers.ko
  BTF [M] drivers/iio/test/iio-test-format.ko
  BTF [M] drivers/perf/dwc_pcie_pmu.ko
  LD [M]  drivers/android/tests/binder_alloc_kunit.ko
  BTF [M] drivers/android/tests/binder_alloc_kunit.ko
  LD [M]  drivers/pps/pps_core.ko
  LD [M]  drivers/bluetooth/hci_uart.ko
  BTF [M] drivers/pps/pps_core.ko
  LD [M]  drivers/bluetooth/btsdio.ko
  LD [M]  drivers/bluetooth/btbcm.ko
  LD [M]  drivers/bluetooth/btqca.ko
  BTF [M] drivers/bluetooth/hci_uart.ko
  BTF [M] drivers/bluetooth/btsdio.ko
  LD [M]  drivers/thunderbolt/thunderbolt.ko
  BTF [M] drivers/bluetooth/btqca.ko
  BTF [M] drivers/bluetooth/btbcm.ko
  LD [M]  drivers/gnss/gnss.ko
  BTF [M] drivers/thunderbolt/thunderbolt.ko
  BTF [M] drivers/gnss/gnss.ko
  LD [M]  sound/soc/soc-topology-test.ko
  LD [M]  sound/soc/soc-utils-test.ko
  LD [M]  net/core/dev_addr_lists_test.ko
  LD [M]  net/8021q/8021q.ko
  BTF [M] sound/soc/soc-utils-test.ko
  BTF [M] sound/soc/soc-topology-test.ko
  BTF [M] net/core/dev_addr_lists_test.ko
  BTF [M] net/8021q/8021q.ko
  LD [M]  net/vmw_vsock/vmw_vsock_virtio_transport.ko
  LD [M]  net/can/can.ko
  LD [M]  net/can/can-raw.ko
  LD [M]  net/can/can-bcm.ko
  BTF [M] net/vmw_vsock/vmw_vsock_virtio_transport.ko
  BTF [M] net/can/can.ko
  BTF [M] net/can/can-bcm.ko
  BTF [M] net/can/can-raw.ko
  LD [M]  net/can/can-gw.ko
  BTF [M] net/can/can-gw.ko
  LD [M]  net/bluetooth/bluetooth.ko
  LD [M]  net/bluetooth/rfcomm/rfcomm.ko
  LD [M]  net/bluetooth/hidp/hidp.ko
  LD [M]  net/l2tp/l2tp_core.ko
  BTF [M] net/bluetooth/rfcomm/rfcomm.ko
  BTF [M] net/bluetooth/bluetooth.ko
  LD [M]  net/l2tp/l2tp_ppp.ko
  LD [M]  net/tipc/tipc.ko
  BTF [M] net/bluetooth/hidp/hidp.ko
  BTF [M] net/l2tp/l2tp_ppp.ko
  BTF [M] net/l2tp/l2tp_core.ko
  LD [M]  net/tipc/tipc_diag.ko
  BTF [M] net/tipc/tipc.ko
  BTF [M] net/tipc/tipc_diag.ko
  LD [M]  net/rfkill/rfkill.ko
  BTF [M] net/rfkill/rfkill.ko
  LD [M]  net/9p/9pnet.ko
  LD [M]  net/9p/9pnet_fd.ko
  BTF [M] net/9p/9pnet_fd.ko
  LD [M]  net/6lowpan/6lowpan.ko
  BTF [M] net/9p/9pnet.ko
  LD [M]  net/6lowpan/nhc_dest.ko
  BTF [M] net/6lowpan/6lowpan.ko
  LD [M]  net/6lowpan/nhc_fragment.ko
  BTF [M] net/6lowpan/nhc_dest.ko
  BTF [M] net/6lowpan/nhc_fragment.ko
  LD [M]  net/6lowpan/nhc_hop.ko
  LD [M]  net/6lowpan/nhc_ipv6.ko
  BTF [M] net/6lowpan/nhc_ipv6.ko
  BTF [M] net/6lowpan/nhc_hop.ko
  LD [M]  net/6lowpan/nhc_mobility.ko
  LD [M]  net/6lowpan/nhc_routing.ko
  BTF [M] net/6lowpan/nhc_mobility.ko
  LD [M]  net/6lowpan/nhc_udp.ko
  BTF [M] net/6lowpan/nhc_routing.ko
  LD [M]  net/ieee802154/6lowpan/ieee802154_6lowpan.ko
  BTF [M] net/6lowpan/nhc_udp.ko
  LD [M]  net/ieee802154/ieee802154.ko
  BTF [M] net/ieee802154/6lowpan/ieee802154_6lowpan.ko
  LD [M]  net/ieee802154/ieee802154_socket.ko
  BTF [M] net/ieee802154/ieee802154_socket.ko
  LD [M]  net/mac802154/mac802154.ko
  BTF [M] net/ieee802154/ieee802154.ko
  LD [M]  net/nfc/nfc.ko
  BTF [M] net/mac802154/mac802154.ko
  BTF [M] net/nfc/nfc.ko
make[1]: Leaving directory '/home/ubuntu/work/Kernel-6.18-LTS/out/marble-aosp-spss-port'
make: Leaving directory '/home/ubuntu/work/Kernel-6.18-LTS'
make: Entering directory '/home/ubuntu/work/Kernel-6.18-LTS'
make[1]: Entering directory '/home/ubuntu/work/Kernel-6.18-LTS/out/marble-aosp-spss-port'
  UPD     include/config/kernel.release
  DTC     arch/arm64/boot/dts/qcom/ukee.dtb
  DTC     arch/arm64/boot/dts/qcom/marble-sm7475-pm8008-overlay.dtbo
/home/ubuntu/work/Kernel-6.18-LTS/arch/arm64/boot/dts/qcom/pmk8350.dtsi:60.20-64.6: Warning (unit_address_vs_reg): /fragment@1/__overlay__/qcom,pmk8350@0/vadc@3100/pmk8350_ref_gnd: node has a reg or ranges property, but no unit name
/home/ubuntu/work/Kernel-6.18-LTS/arch/arm64/boot/dts/qcom/pmk8350.dtsi:66.22-70.6: Warning (unit_address_vs_reg): /fragment@1/__overlay__/qcom,pmk8350@0/vadc@3100/pmk8350_vref_1p25: node has a reg or ranges property, but no unit name
/home/ubuntu/work/Kernel-6.18-LTS/arch/arm64/boot/dts/qcom/pmk8350.dtsi:72.21-76.6: Warning (unit_address_vs_reg): /fragment@1/__overlay__/qcom,pmk8350@0/vadc@3100/pmk8350_die_temp: node has a reg or ranges property, but no unit name
/home/ubuntu/work/Kernel-6.18-LTS/arch/arm64/boot/dts/qcom/pmk8350.dtsi:79.19-83.6: Warning (unit_address_vs_reg): /fragment@1/__overlay__/qcom,pmk8350@0/vadc@3100/pm8350_ref_gnd: node has a reg or ranges property, but no unit name
/home/ubuntu/work/Kernel-6.18-LTS/arch/arm64/boot/dts/qcom/pmk8350.dtsi:85.21-89.6: Warning (unit_address_vs_reg): /fragment@1/__overlay__/qcom,pmk8350@0/vadc@3100/pm8350_vref_1p25: node has a reg or ranges property, but no unit name
/home/ubuntu/work/Kernel-6.18-LTS/arch/arm64/boot/dts/qcom/pmk8350.dtsi:91.20-95.6: Warning (unit_address_vs_reg): /fragment@1/__overlay__/qcom,pmk8350@0/vadc@3100/pm8350_die_temp: node has a reg or ranges property, but no unit name
/home/ubuntu/work/Kernel-6.18-LTS/arch/arm64/boot/dts/qcom/pmk8350.dtsi:97.19-101.6: Warning (unit_address_vs_reg): /fragment@1/__overlay__/qcom,pmk8350@0/vadc@3100/pm8350_vph_pwr: node has a reg or ranges property, but no unit name
/home/ubuntu/work/Kernel-6.18-LTS/arch/arm64/boot/dts/qcom/pmk8350.dtsi:104.20-108.6: Warning (unit_address_vs_reg): /fragment@1/__overlay__/qcom,pmk8350@0/vadc@3100/pm8350b_ref_gnd: node has a reg or ranges property, but no unit name
/home/ubuntu/work/Kernel-6.18-LTS/arch/arm64/boot/dts/qcom/pmk8350.dtsi:110.22-114.6: Warning (unit_address_vs_reg): /fragment@1/__overlay__/qcom,pmk8350@0/vadc@3100/pm8350b_vref_1p25: node has a reg or ranges property, but no unit name
/home/ubuntu/work/Kernel-6.18-LTS/arch/arm64/boot/dts/qcom/pmk8350.dtsi:116.21-120.6: Warning (unit_address_vs_reg): /fragment@1/__overlay__/qcom,pmk8350@0/vadc@3100/pm8350b_die_temp: node has a reg or ranges property, but no unit name
/home/ubuntu/work/Kernel-6.18-LTS/arch/arm64/boot/dts/qcom/pmk8350.dtsi:122.20-126.6: Warning (unit_address_vs_reg): /fragment@1/__overlay__/qcom,pmk8350@0/vadc@3100/pm8350b_vph_pwr: node has a reg or ranges property, but no unit name
/home/ubuntu/work/Kernel-6.18-LTS/arch/arm64/boot/dts/qcom/pmk8350.dtsi:128.21-132.6: Warning (unit_address_vs_reg): /fragment@1/__overlay__/qcom,pmk8350@0/vadc@3100/pm8350b_vbat_sns: node has a reg or ranges property, but no unit name
/home/ubuntu/work/Kernel-6.18-LTS/arch/arm64/boot/dts/qcom/pmk8350.dtsi:135.20-139.6: Warning (unit_address_vs_reg): /fragment@1/__overlay__/qcom,pmk8350@0/vadc@3100/pmr735a_ref_gnd: node has a reg or ranges property, but no unit name
/home/ubuntu/work/Kernel-6.18-LTS/arch/arm64/boot/dts/qcom/pmk8350.dtsi:141.22-145.6: Warning (unit_address_vs_reg): /fragment@1/__overlay__/qcom,pmk8350@0/vadc@3100/pmr735a_vref_1p25: node has a reg or ranges property, but no unit name
/home/ubuntu/work/Kernel-6.18-LTS/arch/arm64/boot/dts/qcom/pmk8350.dtsi:147.21-151.6: Warning (unit_address_vs_reg): /fragment@1/__overlay__/qcom,pmk8350@0/vadc@3100/pmr735a_die_temp: node has a reg or ranges property, but no unit name
/home/ubuntu/work/Kernel-6.18-LTS/arch/arm64/boot/dts/qcom/pmk8350.dtsi:154.20-158.6: Warning (unit_address_vs_reg): /fragment@1/__overlay__/qcom,pmk8350@0/vadc@3100/pmr735b_ref_gnd: node has a reg or ranges property, but no unit name
/home/ubuntu/work/Kernel-6.18-LTS/arch/arm64/boot/dts/qcom/pmk8350.dtsi:160.22-164.6: Warning (unit_address_vs_reg): /fragment@1/__overlay__/qcom,pmk8350@0/vadc@3100/pmr735b_vref_1p25: node has a reg or ranges property, but no unit name
/home/ubuntu/work/Kernel-6.18-LTS/arch/arm64/boot/dts/qcom/pmk8350.dtsi:166.21-170.6: Warning (unit_address_vs_reg): /fragment@1/__overlay__/qcom,pmk8350@0/vadc@3100/pmr735b_die_temp: node has a reg or ranges property, but no unit name
/home/ubuntu/work/Kernel-6.18-LTS/arch/arm64/boot/dts/qcom/cape-pmic-overlay.dtsi:142.19-146.4: Warning (unit_address_vs_reg): /fragment@1/__overlay__/qcom,pmk8350@0/vadc@3100/pm8350b_chg_temp: node has a reg or ranges property, but no unit name
/home/ubuntu/work/Kernel-6.18-LTS/arch/arm64/boot/dts/qcom/cape-pmic-overlay.dtsi:148.17-152.4: Warning (unit_address_vs_reg): /fragment@1/__overlay__/qcom,pmk8350@0/vadc@3100/pm8350b_iin_fb: node has a reg or ranges property, but no unit name
/home/ubuntu/work/Kernel-6.18-LTS/arch/arm64/boot/dts/qcom/cape-pmic-overlay.dtsi:154.18-158.4: Warning (unit_address_vs_reg): /fragment@1/__overlay__/qcom,pmk8350@0/vadc@3100/pm8350b_ichg_fb: node has a reg or ranges property, but no unit name
/home/ubuntu/work/Kernel-6.18-LTS/arch/arm64/boot/dts/qcom/cape-pmic-overlay.dtsi:160.21-165.4: Warning (unit_address_vs_reg): /fragment@1/__overlay__/qcom,pmk8350@0/vadc@3100/pm8350b_ichg_fb_2x: node has a reg or ranges property, but no unit name
/home/ubuntu/work/Kernel-6.18-LTS/arch/arm64/boot/dts/qcom/cape-pmic-overlay.dtsi:167.23-172.4: Warning (unit_address_vs_reg): /fragment@1/__overlay__/qcom,pmk8350@0/vadc@3100/pm8350b_ichg_fb_2p5x: node has a reg or ranges property, but no unit name
/home/ubuntu/work/Kernel-6.18-LTS/arch/arm64/boot/dts/qcom/cape-pmic-overlay.dtsi:174.26-178.4: Warning (unit_address_vs_reg): /fragment@1/__overlay__/qcom,pmk8350@0/vadc@3100/pm8350b_usb_in_v_div_16: node has a reg or ranges property, but no unit name
/home/ubuntu/work/Kernel-6.18-LTS/arch/arm64/boot/dts/qcom/cape-pmic-overlay.dtsi:180.21-184.4: Warning (unit_address_vs_reg): /fragment@1/__overlay__/qcom,pmk8350@0/vadc@3100/smb139x_1_smb_temp: node has a reg or ranges property, but no unit name
/home/ubuntu/work/Kernel-6.18-LTS/arch/arm64/boot/dts/qcom/cape-pmic-overlay.dtsi:186.21-190.4: Warning (unit_address_vs_reg): /fragment@1/__overlay__/qcom,pmk8350@0/vadc@3100/smb139x_1_ichg_smb: node has a reg or ranges property, but no unit name
/home/ubuntu/work/Kernel-6.18-LTS/arch/arm64/boot/dts/qcom/cape-pmic-overlay.dtsi:192.20-196.4: Warning (unit_address_vs_reg): /fragment@1/__overlay__/qcom,pmk8350@0/vadc@3100/smb139x_1_iin_smb: node has a reg or ranges property, but no unit name
/home/ubuntu/work/Kernel-6.18-LTS/arch/arm64/boot/dts/qcom/cape-pmic-overlay.dtsi:198.21-202.4: Warning (unit_address_vs_reg): /fragment@1/__overlay__/qcom,pmk8350@0/vadc@3100/smb139x_2_smb_temp: node has a reg or ranges property, but no unit name
/home/ubuntu/work/Kernel-6.18-LTS/arch/arm64/boot/dts/qcom/cape-pmic-overlay.dtsi:204.21-208.4: Warning (unit_address_vs_reg): /fragment@1/__overlay__/qcom,pmk8350@0/vadc@3100/smb139x_2_ichg_smb: node has a reg or ranges property, but no unit name
/home/ubuntu/work/Kernel-6.18-LTS/arch/arm64/boot/dts/qcom/cape-pmic-overlay.dtsi:210.20-214.4: Warning (unit_address_vs_reg): /fragment@1/__overlay__/qcom,pmk8350@0/vadc@3100/smb139x_2_iin_smb: node has a reg or ranges property, but no unit name
/home/ubuntu/work/Kernel-6.18-LTS/arch/arm64/boot/dts/qcom/marble-sm7475.dtsi:298.19-304.4: Warning (unit_address_vs_reg): /fragment@1/__overlay__/qcom,pmk8350@0/vadc@3100/pm8350_msm_therm: node has a reg or ranges property, but no unit name
/home/ubuntu/work/Kernel-6.18-LTS/arch/arm64/boot/dts/qcom/marble-sm7475.dtsi:306.25-312.4: Warning (unit_address_vs_reg): /fragment@1/__overlay__/qcom,pmk8350@0/vadc@3100/pm8350_cam_flash_therm: node has a reg or ranges property, but no unit name
/home/ubuntu/work/Kernel-6.18-LTS/arch/arm64/boot/dts/qcom/marble-sm7475.dtsi:314.26-320.4: Warning (unit_address_vs_reg): /fragment@1/__overlay__/qcom,pmk8350@0/vadc@3100/pm8350_hot_pocket_therm: node has a reg or ranges property, but no unit name
/home/ubuntu/work/Kernel-6.18-LTS/arch/arm64/boot/dts/qcom/marble-sm7475.dtsi:322.24-328.4: Warning (unit_address_vs_reg): /fragment@1/__overlay__/qcom,pmk8350@0/vadc@3100/pm8350_wide_rfc_therm: node has a reg or ranges property, but no unit name
/home/ubuntu/work/Kernel-6.18-LTS/arch/arm64/boot/dts/qcom/marble-sm7475.dtsi:330.25-336.4: Warning (unit_address_vs_reg): /fragment@1/__overlay__/qcom,pmk8350@0/vadc@3100/pm8350b_rear_tof_therm: node has a reg or ranges property, but no unit name
/home/ubuntu/work/Kernel-6.18-LTS/arch/arm64/boot/dts/qcom/marble-sm7475.dtsi:338.25-344.4: Warning (unit_address_vs_reg): /fragment@1/__overlay__/qcom,pmk8350@0/vadc@3100/pm8350b_usb_conn_therm: node has a reg or ranges property, but no unit name
/home/ubuntu/work/Kernel-6.18-LTS/arch/arm64/boot/dts/qcom/marble-sm7475.dtsi:346.23-352.4: Warning (unit_address_vs_reg): /fragment@1/__overlay__/qcom,pmk8350@0/vadc@3100/pm8350b_wl_chg_therm: node has a reg or ranges property, but no unit name
/home/ubuntu/work/Kernel-6.18-LTS/arch/arm64/boot/dts/qcom/marble-sm7475.dtsi:354.19-360.4: Warning (unit_address_vs_reg): /fragment@1/__overlay__/qcom,pmk8350@0/vadc@3100/pmk8350_xo_therm: node has a reg or ranges property, but no unit name
/home/ubuntu/work/Kernel-6.18-LTS/arch/arm64/boot/dts/qcom/marble-sm7475.dtsi:373.19-377.4: Warning (unit_address_vs_reg): /fragment@1/__overlay__/qcom,pmk8350@0/adc_tm@3400/pm8350_msm_therm: node has a reg or ranges property, but no unit name
/home/ubuntu/work/Kernel-6.18-LTS/arch/arm64/boot/dts/qcom/marble-sm7475.dtsi:379.25-383.4: Warning (unit_address_vs_reg): /fragment@1/__overlay__/qcom,pmk8350@0/adc_tm@3400/pm8350_cam_flash_therm: node has a reg or ranges property, but no unit name
/home/ubuntu/work/Kernel-6.18-LTS/arch/arm64/boot/dts/qcom/marble-sm7475.dtsi:385.26-389.4: Warning (unit_address_vs_reg): /fragment@1/__overlay__/qcom,pmk8350@0/adc_tm@3400/pm8350_hot_pocket_therm: node has a reg or ranges property, but no unit name
/home/ubuntu/work/Kernel-6.18-LTS/arch/arm64/boot/dts/qcom/marble-sm7475.dtsi:391.24-395.4: Warning (unit_address_vs_reg): /fragment@1/__overlay__/qcom,pmk8350@0/adc_tm@3400/pm8350_wide_rfc_therm: node has a reg or ranges property, but no unit name
/home/ubuntu/work/Kernel-6.18-LTS/arch/arm64/boot/dts/qcom/marble-sm7475.dtsi:397.25-401.4: Warning (unit_address_vs_reg): /fragment@1/__overlay__/qcom,pmk8350@0/adc_tm@3400/pm8350b_rear_tof_therm: node has a reg or ranges property, but no unit name
/home/ubuntu/work/Kernel-6.18-LTS/arch/arm64/boot/dts/qcom/marble-sm7475.dtsi:403.25-407.4: Warning (unit_address_vs_reg): /fragment@1/__overlay__/qcom,pmk8350@0/adc_tm@3400/pm8350b_usb_conn_therm: node has a reg or ranges property, but no unit name
/home/ubuntu/work/Kernel-6.18-LTS/arch/arm64/boot/dts/qcom/marble-sm7475.dtsi:409.23-413.4: Warning (unit_address_vs_reg): /fragment@1/__overlay__/qcom,pmk8350@0/adc_tm@3400/pm8350b_wl_chg_therm: node has a reg or ranges property, but no unit name
/home/ubuntu/work/Kernel-6.18-LTS/arch/arm64/boot/dts/qcom/marble-sm7475.dtsi:415.19-419.4: Warning (unit_address_vs_reg): /fragment@1/__overlay__/qcom,pmk8350@0/adc_tm@3400/pmk8350_xo_therm: node has a reg or ranges property, but no unit name
/home/ubuntu/work/Kernel-6.18-LTS/arch/arm64/boot/dts/qcom/pm8350c.dtsi:45.10-52.6: Warning (unit_address_vs_reg): /fragment@4/__overlay__/qcom,pm8350c@2/pwms@e800/lpg@1: node has a unit name, but no reg or ranges property
/home/ubuntu/work/Kernel-6.18-LTS/arch/arm64/boot/dts/qcom/pm8350c.dtsi:54.10-61.6: Warning (unit_address_vs_reg): /fragment@4/__overlay__/qcom,pm8350c@2/pwms@e800/lpg@2: node has a unit name, but no reg or ranges property
/home/ubuntu/work/Kernel-6.18-LTS/arch/arm64/boot/dts/qcom/pm8350c.dtsi:63.10-70.6: Warning (unit_address_vs_reg): /fragment@4/__overlay__/qcom,pm8350c@2/pwms@e800/lpg@3: node has a unit name, but no reg or ranges property
/home/ubuntu/work/Kernel-6.18-LTS/arch/arm64/boot/dts/qcom/waipio-pm8008.dtsi:45.12-126.4: Warning (avoid_unnecessary_addr_size): /fragment@43/__overlay__/pm8008i@9: unnecessary #address-cells/#size-cells without "ranges", "dma-ranges" or child "reg" or "ranges" property
/home/ubuntu/work/Kernel-6.18-LTS/arch/arm64/boot/dts/qcom/waipio-pm8008.dtsi:152.12-233.4: Warning (avoid_unnecessary_addr_size): /fragment@43/__overlay__/pm8008j@d: unnecessary #address-cells/#size-cells without "ranges", "dma-ranges" or child "reg" or "ranges" property
/home/ubuntu/work/Kernel-6.18-LTS/arch/arm64/boot/dts/qcom/cape.dtsi:1751.4-1752.26: Warning (reg_format): /soc/remoteproc-spss@1880000/glink-edge:reg: property has invalid length (16 bytes) (#address-cells == 2, #size-cells == 1)
/home/ubuntu/work/Kernel-6.18-LTS/arch/arm64/boot/dts/qcom/cape.dtsi:1715.3-10: Warning (ranges_format): /soc/remoteproc-spss@1880000:ranges: empty "ranges" property but its #address-cells (2) differs from /soc (1)
/home/ubuntu/work/Kernel-6.18-LTS/arch/arm64/boot/dts/qcom/cape.dtsi:25.9-54: Warning (unit_address_vs_reg): /memory: node has a reg or ranges property, but no unit name
/home/ubuntu/work/Kernel-6.18-LTS/arch/arm64/boot/dts/qcom/cape-reserved-memory.dtsi:163.47-166.4: Warning (unit_address_vs_reg): /reserved-memory/trust_ui_vm_region@e0b00000: node has a unit name, but no reg or ranges property
/home/ubuntu/work/Kernel-6.18-LTS/arch/arm64/boot/dts/qcom/cape.dtsi:299.11-15: Warning (unit_address_vs_reg): /soc: node has a reg or ranges property, but no unit name
  also defined at /home/ubuntu/work/Kernel-6.18-LTS/arch/arm64/boot/dts/qcom/waipio-clock.dtsi:8.6-451.3
  also defined at /home/ubuntu/work/Kernel-6.18-LTS/arch/arm64/boot/dts/qcom/cape.dtsi:450.6-3129.3
  also defined at /home/ubuntu/work/Kernel-6.18-LTS/arch/arm64/boot/dts/qcom/waipio-qupv3.dtsi:3.6-1137.3
  also defined at /home/ubuntu/work/Kernel-6.18-LTS/arch/arm64/boot/dts/qcom/waipio-coresight.dtsi:1.6-4264.3
  also defined at /home/ubuntu/work/Kernel-6.18-LTS/arch/arm64/boot/dts/qcom/cape-debug.dtsi:17.6-2698.3
  also defined at /home/ubuntu/work/Kernel-6.18-LTS/arch/arm64/boot/dts/qcom/msm-arm-smmu-waipio.dtsi:3.6-409.3
  also defined at /home/ubuntu/work/Kernel-6.18-LTS/arch/arm64/boot/dts/qcom/cape-dma-heaps.dtsi:3.6-78.3
  also defined at /home/ubuntu/work/Kernel-6.18-LTS/arch/arm64/boot/dts/qcom/cape-gpu.dtsi:4.6-354.3
  also defined at /home/ubuntu/work/Kernel-6.18-LTS/arch/arm64/boot/dts/qcom/cape-thermal.dtsi:7.6-242.3
  also defined at /home/ubuntu/work/Kernel-6.18-LTS/arch/arm64/boot/dts/qcom/waipio-thermal-modem.dtsi:3.6-224.3
  also defined at /home/ubuntu/work/Kernel-6.18-LTS/arch/arm64/boot/dts/qcom/cape-thermal.dtsi:246.6-251.3
  also defined at /home/ubuntu/work/Kernel-6.18-LTS/arch/arm64/boot/dts/qcom/cape-usb.dtsi:4.6-333.3
  also defined at /home/ubuntu/work/Kernel-6.18-LTS/arch/arm64/boot/dts/qcom/cape-pcie.dtsi:3.6-566.3
  also defined at /home/ubuntu/work/Kernel-6.18-LTS/arch/arm64/boot/dts/qcom/msm-rdbg.dtsi:1.6-26.3
  also defined at /home/ubuntu/work/Kernel-6.18-LTS/arch/arm64/boot/dts/qcom/waipio-eva.dtsi:6.6-110.3
  also defined at /home/ubuntu/work/Kernel-6.18-LTS/arch/arm64/boot/dts/qcom/ipcc-test.dtsi:3.6-31.3
  also defined at /home/ubuntu/work/Kernel-6.18-LTS/arch/arm64/boot/dts/qcom/ukee.dtsi:267.6-300.3
/home/ubuntu/work/Kernel-6.18-LTS/arch/arm64/boot/dts/qcom/waipio-clock.dtsi:116.36-138.4: Warning (unit_address_vs_reg): /soc/clock-controller@0: node has a unit name, but no reg or ranges property
/home/ubuntu/work/Kernel-6.18-LTS/arch/arm64/boot/dts/qcom/waipio-clock.dtsi:140.30-166.4: Warning (unit_address_vs_reg): /soc/qcom,cpufreq-hw: node has a reg or ranges property, but no unit name
/home/ubuntu/work/Kernel-6.18-LTS/arch/arm64/boot/dts/qcom/cape.dtsi:536.29-539.6: Warning (unit_address_vs_reg): /soc/slim@3340000/ngd@1/btfmslim-driver: node has a reg or ranges property, but no unit name
/home/ubuntu/work/Kernel-6.18-LTS/arch/arm64/boot/dts/qcom/cape.dtsi:738.23-750.5: Warning (unit_address_vs_reg): /soc/qcom,dcvs/l3: node has a reg or ranges property, but no unit name
/home/ubuntu/work/Kernel-6.18-LTS/arch/arm64/boot/dts/qcom/cape.dtsi:1042.24-1046.4: Warning (unit_address_vs_reg): /soc/qcom,virtio_backend@0: node has a unit name, but no reg or ranges property
/home/ubuntu/work/Kernel-6.18-LTS/arch/arm64/boot/dts/qcom/cape.dtsi:1126.33-1140.4: Warning (unit_address_vs_reg): /soc/qseecom@c1700000: node has a unit name, but no reg or ranges property
/home/ubuntu/work/Kernel-6.18-LTS/arch/arm64/boot/dts/qcom/cape.dtsi:1741.14-1758.5: Warning (unit_address_vs_reg): /soc/remoteproc-spss@1880000/glink-edge: node has a reg or ranges property, but no unit name
/home/ubuntu/work/Kernel-6.18-LTS/arch/arm64/boot/dts/qcom/cape.dtsi:2046.27-2051.4: Warning (unit_address_vs_reg): /soc/interconnect@0: node has a unit name, but no reg or ranges property
/home/ubuntu/work/Kernel-6.18-LTS/arch/arm64/boot/dts/qcom/cape.dtsi:2053.26-2058.4: Warning (unit_address_vs_reg): /soc/interconnect@1: node has a unit name, but no reg or ranges property
/home/ubuntu/work/Kernel-6.18-LTS/arch/arm64/boot/dts/qcom/cape.dtsi:2741.33-2747.4: Warning (unit_address_vs_reg): /soc/qcom,gh_vm_loader_sec@e0b00000: node has a unit name, but no reg or ranges property
/home/ubuntu/work/Kernel-6.18-LTS/arch/arm64/boot/dts/qcom/cape.dtsi:2749.33-2756.4: Warning (unit_address_vs_reg): /soc/qcom,gh_vm_loader_sec@e0600000: node has a unit name, but no reg or ranges property
/home/ubuntu/work/Kernel-6.18-LTS/arch/arm64/boot/dts/qcom/cape.dtsi:2764.31-2773.4: Warning (unit_address_vs_reg): /soc/qcom,guestvm_loader@e0b00000: node has a unit name, but no reg or ranges property
/home/ubuntu/work/Kernel-6.18-LTS/arch/arm64/boot/dts/qcom/cape.dtsi:2775.31-2781.4: Warning (unit_address_vs_reg): /soc/qcom,guestvm_loader@e0600000: node has a unit name, but no reg or ranges property
/home/ubuntu/work/Kernel-6.18-LTS/arch/arm64/boot/dts/qcom/waipio-coresight.dtsi:1184.30-1218.4: Warning (unit_address_vs_reg): /soc/funnel@10b24000: node has a unit name, but no reg or ranges property
/home/ubuntu/work/Kernel-6.18-LTS/arch/arm64/boot/dts/qcom/waipio-coresight.dtsi:1220.36-1263.4: Warning (unit_address_vs_reg): /soc/funnel@10b44000: node has a unit name, but no reg or ranges property
/home/ubuntu/work/Kernel-6.18-LTS/arch/arm64/boot/dts/qcom/waipio-coresight.dtsi:3184.11-3189.6: Warning (unit_address_vs_reg): /soc/replicator@10b06000/out-ports/port@0: node has a unit name, but no reg or ranges property
/home/ubuntu/work/Kernel-6.18-LTS/arch/arm64/boot/dts/qcom/waipio-coresight.dtsi:3225.11-3230.6: Warning (unit_address_vs_reg): /soc/replicator@10046000/out-ports/port@0: node has a unit name, but no reg or ranges property
/home/ubuntu/work/Kernel-6.18-LTS/arch/arm64/boot/dts/qcom/msm-arm-smmu-waipio.dtsi:360.14-363.4: Warning (unit_address_vs_reg): /soc/dma_dev@0x0: node has a unit name, but no reg or ranges property
/home/ubuntu/work/Kernel-6.18-LTS/arch/arm64/boot/dts/qcom/cape-pcie.dtsi:229.22-231.5: Warning (unit_address_vs_reg): /soc/qcom,pcie@1c00000/pcie0_rp: node has a reg or ranges property, but no unit name
  also defined at /home/ubuntu/work/Kernel-6.18-LTS/arch/arm64/boot/dts/qcom/cape.dtsi:3182.11-3203.3
/home/ubuntu/work/Kernel-6.18-LTS/arch/arm64/boot/dts/qcom/cape.dtsi:3186.21-3202.4: Warning (unit_address_vs_reg): /soc/qcom,pcie@1c00000/pcie0_rp/cnss_pci: node has a reg or ranges property, but no unit name
/home/ubuntu/work/Kernel-6.18-LTS/arch/arm64/boot/dts/qcom/cape-pcie.dtsi:522.22-524.5: Warning (unit_address_vs_reg): /soc/qcom,pcie@1c08000/pcie1_rp: node has a reg or ranges property, but no unit name
/home/ubuntu/work/Kernel-6.18-LTS/arch/arm64/boot/dts/qcom/ukee.dtsi:297.23-299.4: Warning (unit_address_vs_reg): /soc/qfprom@0: node has a unit name, but no reg or ranges property
arch/arm64/boot/dts/qcom/ukee.dtb: Warning (pci_device_reg): Failed prerequisite 'reg_format'
arch/arm64/boot/dts/qcom/ukee.dtb: Warning (pci_device_bus_num): Failed prerequisite 'reg_format'
arch/arm64/boot/dts/qcom/ukee.dtb: Warning (simple_bus_reg): Failed prerequisite 'reg_format'
arch/arm64/boot/dts/qcom/ukee.dtb: Warning (i2c_bus_reg): Failed prerequisite 'reg_format'
arch/arm64/boot/dts/qcom/ukee.dtb: Warning (spi_bus_reg): Failed prerequisite 'reg_format'
/home/ubuntu/work/Kernel-6.18-LTS/arch/arm64/boot/dts/qcom/cape.dtsi:1741.14-1758.5: Warning (avoid_default_addr_size): /soc/remoteproc-spss@1880000/glink-edge: Relying on default #address-cells value
/home/ubuntu/work/Kernel-6.18-LTS/arch/arm64/boot/dts/qcom/cape.dtsi:1741.14-1758.5: Warning (avoid_default_addr_size): /soc/remoteproc-spss@1880000/glink-edge: Relying on default #size-cells value
arch/arm64/boot/dts/qcom/ukee.dtb: Warning (avoid_unnecessary_addr_size): Failed prerequisite 'avoid_default_addr_size'
arch/arm64/boot/dts/qcom/ukee.dtb: Warning (unique_unit_address): Failed prerequisite 'avoid_default_addr_size'
make[1]: Leaving directory '/home/ubuntu/work/Kernel-6.18-LTS/out/marble-aosp-spss-port'
make: Leaving directory '/home/ubuntu/work/Kernel-6.18-LTS'
8a853a3be16cb777749e067d4ed890cb86944c5ac2c15207100cd5ee0c68aa47  /home/ubuntu/work/Kernel-6.18-LTS/out/marble-aosp-spss-port/arch/arm64/boot/Image
1577e93bbae7e1e954305ec5d2d6479b4353585b3e8cdb60563482e763eb64f0  /home/ubuntu/work/Kernel-6.18-LTS/out/marble-aosp-spss-port/arch/arm64/boot/dts/qcom/ukee.dtb
1121e209271bf822597413508b4de8d1d050a75e2c946cff3634a1fc36ac8dba  /home/ubuntu/work/Kernel-6.18-LTS/out/marble-aosp-spss-port/arch/arm64/boot/dts/qcom/marble-sm7475-pm8008-overlay.dtbo
modules=104
[?2004hubuntu@sandbox:~$