module	first_stage_gap	vendor_load_gap	family	input_disposition	xiaomi_candidate_makefiles	ack_candidate_makefiles	ack_kconfig_candidates	ack_kconfig_present	likely_dt_firmware_contract	ledger_disposition	confidence	evidence	b0_effect
adsp_loader_dlkm.ko	no	yes	qcom_vendor	unmapped	-	-	-	no	Review SMEM, mailbox, interrupt, remoteproc and reserved-memory DT contracts; firmware plus userspace ABI is normally required.	proprietary-blocked	none	No verified public source candidate was recorded by the existing contract; this is an unresolved blocker, not proof that the artifact is proprietary.	BLOCKED: vendor-load filename gap requires disposition, native build/configuration evidence, and dependency review.
adsp_sleepmon.ko	no	yes	qcom_vendor	reference_source_only	drivers/soc/qcom/Makefile	-	-	no	Review SMEM, mailbox, interrupt, remoteproc and reserved-memory DT contracts; firmware plus userspace ABI is normally required.	defer/disable	low	A public candidate is incomplete for a 6.18 vendor-load plan; do not stage a 5.10 binary or silently omit a required early-load item.	BLOCKED: vendor-load filename gap requires disposition, native build/configuration evidence, and dependency review.
altmode-glink.ko	no	yes	qcom_vendor	reference_source_only	drivers/soc/qcom/Makefile	-	-	no	Review SMEM, mailbox, interrupt, remoteproc and reserved-memory DT contracts; firmware plus userspace ABI is normally required.	defer/disable	low	A public candidate is incomplete for a 6.18 vendor-load plan; do not stage a 5.10 binary or silently omit a required early-load item.	BLOCKED: vendor-load filename gap requires disposition, native build/configuration evidence, and dependency review.
arm_smmu.ko	yes	no	other	ack_source_candidate	drivers/iommu/arm/arm-smmu-v3/Makefile;drivers/iommu/arm/arm-smmu/Makefile;drivers/perf/Makefile	drivers/iommu/arm/arm-smmu-v3/Makefile;drivers/iommu/arm/arm-smmu/Makefile	drivers/iommu/arm/Kconfig	yes	No generic dependency conclusion is safe; inspect the candidate source, Kconfig, DTS references, firmware request paths and userspace ABI.	upstream	medium	Existing contract identifies an ACK candidate; native configuration, module form, KMI and load-order validation still required.	BLOCKED: first-stage filename gap requires a reviewed native 6.18 replacement and load-order evidence.
atmel_mxt_ts.ko	no	yes	other	ack_source_candidate	drivers/input/touchscreen/Makefile	drivers/input/touchscreen/Makefile	drivers/input/touchscreen/Kconfig	yes	No generic dependency conclusion is safe; inspect the candidate source, Kconfig, DTS references, firmware request paths and userspace ABI.	upstream	medium	Existing contract identifies an ACK candidate; native configuration, module form, KMI and load-order validation still required.	BLOCKED: vendor-load filename gap requires disposition, native build/configuration evidence, and dependency review.
audio_pkt_dlkm.ko	no	yes	other	unmapped	-	-	-	no	No generic dependency conclusion is safe; inspect the candidate source, Kconfig, DTS references, firmware request paths and userspace ABI.	proprietary-blocked	none	No verified public source candidate was recorded by the existing contract; this is an unresolved blocker, not proof that the artifact is proprietary.	BLOCKED: vendor-load filename gap requires disposition, native build/configuration evidence, and dependency review.
audio_prm_dlkm.ko	no	yes	other	unmapped	-	-	-	no	No generic dependency conclusion is safe; inspect the candidate source, Kconfig, DTS references, firmware request paths and userspace ABI.	proprietary-blocked	none	No verified public source candidate was recorded by the existing contract; this is an unresolved blocker, not proof that the artifact is proprietary.	BLOCKED: vendor-load filename gap requires disposition, native build/configuration evidence, and dependency review.
audpkt_ion_dlkm.ko	no	yes	other	unmapped	-	-	-	no	No generic dependency conclusion is safe; inspect the candidate source, Kconfig, DTS references, firmware request paths and userspace ABI.	proprietary-blocked	none	No verified public source candidate was recorded by the existing contract; this is an unresolved blocker, not proof that the artifact is proprietary.	BLOCKED: vendor-load filename gap requires disposition, native build/configuration evidence, and dependency review.
aw862xx_haptic.ko	no	yes	touch_biometrics	reference_source_only	drivers/input/misc/aw8622x_haptic/Makefile	-	-	no	Review input/bus/IRQ/regulator DT contracts and proprietary HAL/TEE implications; defer unless an early-boot dependency is evidenced.	defer/disable	low	A public candidate is incomplete for a 6.18 vendor-load plan; do not stage a 5.10 binary or silently omit a required early-load item.	BLOCKED: vendor-load filename gap requires disposition, native build/configuration evidence, and dependency review.
aw8697-haptic.ko	no	yes	touch_biometrics	reference_source_only	drivers/input/misc/aw86927_haptic/Makefile	-	-	no	Review input/bus/IRQ/regulator DT contracts and proprietary HAL/TEE implications; defer unless an early-boot dependency is evidenced.	defer/disable	low	A public candidate is incomplete for a 6.18 vendor-load plan; do not stage a 5.10 binary or silently omit a required early-load item.	BLOCKED: vendor-load filename gap requires disposition, native build/configuration evidence, and dependency review.
aw882xx_dlkm.ko	no	yes	other	unmapped	-	-	-	no	No generic dependency conclusion is safe; inspect the candidate source, Kconfig, DTS references, firmware request paths and userspace ABI.	proprietary-blocked	none	No verified public source candidate was recorded by the existing contract; this is an unresolved blocker, not proof that the artifact is proprietary.	BLOCKED: vendor-load filename gap requires disposition, native build/configuration evidence, and dependency review.
bam_dma.ko	no	yes	other	ack_source_candidate	drivers/dma/qcom/Makefile	drivers/dma/qcom/Makefile	drivers/dma/qcom/Kconfig	yes	No generic dependency conclusion is safe; inspect the candidate source, Kconfig, DTS references, firmware request paths and userspace ABI.	upstream	medium	Existing contract identifies an ACK candidate; native configuration, module form, KMI and load-order validation still required.	BLOCKED: vendor-load filename gap requires disposition, native build/configuration evidence, and dependency review.
bcl_pmic5.ko	yes	no	power_clock_interconnect	reference_source_only	drivers/thermal/qcom/Makefile	-	-	no	Review PMIC/RPMh/AOP, regulator, clock, interconnect and thermal DT nodes; verify firmware ownership and sequencing where applicable.	defer/disable	low	A public candidate is incomplete for a 6.18 vendor-load plan; do not stage a 5.10 binary or silently omit a required early-load item.	BLOCKED: first-stage filename gap requires a reviewed native 6.18 replacement and load-order evidence.
bcl_soc.ko	no	yes	power_clock_interconnect	reference_source_only	drivers/thermal/qcom/Makefile	-	-	no	Review PMIC/RPMh/AOP, regulator, clock, interconnect and thermal DT nodes; verify firmware ownership and sequencing where applicable.	defer/disable	low	A public candidate is incomplete for a 6.18 vendor-load plan; do not stage a 5.10 binary or silently omit a required early-load item.	BLOCKED: vendor-load filename gap requires disposition, native build/configuration evidence, and dependency review.
block2mtd.ko	no	yes	other	ack_source_candidate	drivers/mtd/devices/Makefile	drivers/mtd/devices/Makefile	drivers/mtd/devices/Kconfig	yes	No generic dependency conclusion is safe; inspect the candidate source, Kconfig, DTS references, firmware request paths and userspace ABI.	upstream	medium	Existing contract identifies an ACK candidate; native configuration, module form, KMI and load-order validation still required.	BLOCKED: vendor-load filename gap requires disposition, native build/configuration evidence, and dependency review.
boot_stats.ko	no	yes	other	reference_source_only	drivers/soc/qcom/Makefile	-	-	no	No generic dependency conclusion is safe; inspect the candidate source, Kconfig, DTS references, firmware request paths and userspace ABI.	defer/disable	low	A public candidate is incomplete for a 6.18 vendor-load plan; do not stage a 5.10 binary or silently omit a required early-load item.	BLOCKED: vendor-load filename gap requires disposition, native build/configuration evidence, and dependency review.
bt_fm_slim.ko	no	yes	other	reference_source_only	drivers/bluetooth/Makefile	-	-	no	No generic dependency conclusion is safe; inspect the candidate source, Kconfig, DTS references, firmware request paths and userspace ABI.	defer/disable	low	A public candidate is incomplete for a 6.18 vendor-load plan; do not stage a 5.10 binary or silently omit a required early-load item.	BLOCKED: vendor-load filename gap requires disposition, native build/configuration evidence, and dependency review.
btpower.ko	no	yes	other	reference_source_only	drivers/bluetooth/Makefile	-	-	no	No generic dependency conclusion is safe; inspect the candidate source, Kconfig, DTS references, firmware request paths and userspace ABI.	defer/disable	low	A public candidate is incomplete for a 6.18 vendor-load plan; do not stage a 5.10 binary or silently omit a required early-load item.	BLOCKED: vendor-load filename gap requires disposition, native build/configuration evidence, and dependency review.
bwmon.ko	yes	no	power_clock_interconnect	reference_source_only	drivers/soc/qcom/dcvs/Makefile	-	-	no	Review PMIC/RPMh/AOP, regulator, clock, interconnect and thermal DT nodes; verify firmware ownership and sequencing where applicable.	defer/disable	low	A public candidate is incomplete for a 6.18 vendor-load plan; do not stage a 5.10 binary or silently omit a required early-load item.	BLOCKED: first-stage filename gap requires a reviewed native 6.18 replacement and load-order evidence.
c1dcvs_scmi.ko	yes	no	power_clock_interconnect	reference_source_only	drivers/soc/qcom/dcvs/Makefile	-	-	no	Review PMIC/RPMh/AOP, regulator, clock, interconnect and thermal DT nodes; verify firmware ownership and sequencing where applicable.	defer/disable	low	A public candidate is incomplete for a 6.18 vendor-load plan; do not stage a 5.10 binary or silently omit a required early-load item.	BLOCKED: first-stage filename gap requires a reviewed native 6.18 replacement and load-order evidence.
c1dcvs_vendor.ko	yes	no	power_clock_interconnect	reference_source_only	drivers/firmware/arm_scmi/Makefile	-	-	no	Review PMIC/RPMh/AOP, regulator, clock, interconnect and thermal DT nodes; verify firmware ownership and sequencing where applicable.	defer/disable	low	A public candidate is incomplete for a 6.18 vendor-load plan; do not stage a 5.10 binary or silently omit a required early-load item.	BLOCKED: first-stage filename gap requires a reviewed native 6.18 replacement and load-order evidence.
camcc-diwali.ko	no	yes	camera	reference_source_only	drivers/clk/qcom/Makefile	-	-	no	Review camera DT, regulators, clocks, IOMMU, sensor EEPROM/calibration and proprietary camera-userspace contracts; defer from boot-critical scope.	defer/disable	low	A public candidate is incomplete for a 6.18 vendor-load plan; do not stage a 5.10 binary or silently omit a required early-load item.	BLOCKED: vendor-load filename gap requires disposition, native build/configuration evidence, and dependency review.
camcc-waipio.ko	no	yes	camera	reference_source_only	drivers/clk/qcom/Makefile	-	-	no	Review camera DT, regulators, clocks, IOMMU, sensor EEPROM/calibration and proprietary camera-userspace contracts; defer from boot-critical scope.	defer/disable	low	A public candidate is incomplete for a 6.18 vendor-load plan; do not stage a 5.10 binary or silently omit a required early-load item.	BLOCKED: vendor-load filename gap requires disposition, native build/configuration evidence, and dependency review.
camera.ko	no	yes	camera	ack_source_candidate	drivers/staging/greybus/Makefile;drivers/staging/media/atomisp/Makefile	drivers/staging/greybus/Makefile;drivers/staging/media/atomisp/Makefile	drivers/staging/greybus/Kconfig;drivers/staging/media/atomisp/Kconfig	yes	Review camera DT, regulators, clocks, IOMMU, sensor EEPROM/calibration and proprietary camera-userspace contracts; defer from boot-critical scope.	upstream	medium	Existing contract identifies an ACK candidate; native configuration, module form, KMI and load-order validation still required.	BLOCKED: vendor-load filename gap requires disposition, native build/configuration evidence, and dependency review.
cdsp-loader.ko	no	yes	qcom_vendor	reference_source_only	drivers/soc/qcom/qdsp6v2/Makefile	-	-	no	Review SMEM, mailbox, interrupt, remoteproc and reserved-memory DT contracts; firmware plus userspace ABI is normally required.	defer/disable	low	A public candidate is incomplete for a 6.18 vendor-load plan; do not stage a 5.10 binary or silently omit a required early-load item.	BLOCKED: vendor-load filename gap requires disposition, native build/configuration evidence, and dependency review.
cdsprm.ko	no	yes	qcom_vendor	reference_source_only	drivers/soc/qcom/Makefile	-	-	no	Review SMEM, mailbox, interrupt, remoteproc and reserved-memory DT contracts; firmware plus userspace ABI is normally required.	defer/disable	low	A public candidate is incomplete for a 6.18 vendor-load plan; do not stage a 5.10 binary or silently omit a required early-load item.	BLOCKED: vendor-load filename gap requires disposition, native build/configuration evidence, and dependency review.
cfg80211.ko	yes	no	other	ack_source_candidate	drivers/net/wireless/ath/ath6kl/Makefile;drivers/net/wireless/ath/wil6210/Makefile;drivers/net/wireless/broadcom/brcm80211/brcmfmac/Makefile;drivers/net/wireless/marvell/mwifiex/Makefile;drivers/net/wireless/microchip/wilc1000/Makefile;drivers/net/wireless/quantenna/qtnfmac/Makefile;net/wireless/Makefile	drivers/net/wireless/ath/ath6kl/Makefile;drivers/net/wireless/ath/wil6210/Makefile;drivers/net/wireless/broadcom/brcm80211/brcmfmac/Makefile;drivers/net/wireless/marvell/mwifiex/Makefile;drivers/net/wireless/microchip/wilc1000/Makefile;drivers/net/wireless/quantenna/qtnfmac/Makefile;net/wireless/Makefile;net/wireless/tests/Makefile	drivers/net/wireless/ath/ath6kl/Kconfig;drivers/net/wireless/ath/wil6210/Kconfig;drivers/net/wireless/broadcom/brcm80211/brcmfmac/Kconfig;drivers/net/wireless/marvell/mwifiex/Kconfig;drivers/net/wireless/microchip/wilc1000/Kconfig;drivers/net/wireless/quantenna/qtnfmac/Kconfig;net/wireless/Kconfig	yes	No generic dependency conclusion is safe; inspect the candidate source, Kconfig, DTS references, firmware request paths and userspace ABI.	upstream	medium	Existing contract identifies an ACK candidate; native configuration, module form, KMI and load-order validation still required.	BLOCKED: first-stage filename gap requires a reviewed native 6.18 replacement and load-order evidence.
chipreg.ko	no	yes	other	ack_source_candidate	drivers/mtd/chips/Makefile	drivers/mtd/chips/Makefile	drivers/mtd/chips/Kconfig	yes	No generic dependency conclusion is safe; inspect the candidate source, Kconfig, DTS references, firmware request paths and userspace ABI.	upstream	medium	Existing contract identifies an ACK candidate; native configuration, module form, KMI and load-order validation still required.	BLOCKED: vendor-load filename gap requires disposition, native build/configuration evidence, and dependency review.
clk-dummy.ko	yes	no	power_clock_interconnect	reference_source_only	drivers/clk/qcom/Makefile	-	-	no	Review PMIC/RPMh/AOP, regulator, clock, interconnect and thermal DT nodes; verify firmware ownership and sequencing where applicable.	defer/disable	low	A public candidate is incomplete for a 6.18 vendor-load plan; do not stage a 5.10 binary or silently omit a required early-load item.	BLOCKED: first-stage filename gap requires a reviewed native 6.18 replacement and load-order evidence.
clk-qcom.ko	yes	no	power_clock_interconnect	ack_source_candidate	drivers/clk/qcom/Makefile	drivers/clk/qcom/Makefile	drivers/clk/qcom/Kconfig	yes	Review PMIC/RPMh/AOP, regulator, clock, interconnect and thermal DT nodes; verify firmware ownership and sequencing where applicable.	upstream	medium	Existing contract identifies an ACK candidate; native configuration, module form, KMI and load-order validation still required.	BLOCKED: first-stage filename gap requires a reviewed native 6.18 replacement and load-order evidence.
clk-rpmh.ko	yes	no	power_clock_interconnect	ack_source_candidate	drivers/clk/qcom/Makefile	drivers/clk/qcom/Makefile	drivers/clk/qcom/Kconfig	yes	Review PMIC/RPMh/AOP, regulator, clock, interconnect and thermal DT nodes; verify firmware ownership and sequencing where applicable.	upstream	medium	Existing contract identifies an ACK candidate; native configuration, module form, KMI and load-order validation still required.	BLOCKED: first-stage filename gap requires a reviewed native 6.18 replacement and load-order evidence.
cmd-db.ko	yes	no	other	built_6_18_builtin	drivers/soc/qcom/Makefile	drivers/soc/qcom/Makefile	drivers/soc/qcom/Kconfig	yes	No generic dependency conclusion is safe; inspect the candidate source, Kconfig, DTS references, firmware request paths and userspace ABI.	defer/disable	low	A public candidate is incomplete for a 6.18 vendor-load plan; do not stage a 5.10 binary or silently omit a required early-load item.	BLOCKED: first-stage filename gap requires a reviewed native 6.18 replacement and load-order evidence.
cnss2.ko	no	yes	qcom_vendor	reference_source_only	drivers/net/wireless/Makefile;drivers/net/wireless/cnss2/Makefile	-	-	no	Review SMEM, mailbox, interrupt, remoteproc and reserved-memory DT contracts; firmware plus userspace ABI is normally required.	defer/disable	low	A public candidate is incomplete for a 6.18 vendor-load plan; do not stage a 5.10 binary or silently omit a required early-load item.	BLOCKED: vendor-load filename gap requires disposition, native build/configuration evidence, and dependency review.
cnss_nl.ko	no	yes	qcom_vendor	reference_source_only	drivers/net/wireless/cnss_genl/Makefile	-	-	no	Review SMEM, mailbox, interrupt, remoteproc and reserved-memory DT contracts; firmware plus userspace ABI is normally required.	defer/disable	low	A public candidate is incomplete for a 6.18 vendor-load plan; do not stage a 5.10 binary or silently omit a required early-load item.	BLOCKED: vendor-load filename gap requires disposition, native build/configuration evidence, and dependency review.
cnss_plat_ipc_qmi_svc.ko	no	yes	qcom_vendor	reference_source_only	drivers/net/wireless/cnss_utils/Makefile	-	-	no	Review SMEM, mailbox, interrupt, remoteproc and reserved-memory DT contracts; firmware plus userspace ABI is normally required.	defer/disable	low	A public candidate is incomplete for a 6.18 vendor-load plan; do not stage a 5.10 binary or silently omit a required early-load item.	BLOCKED: vendor-load filename gap requires disposition, native build/configuration evidence, and dependency review.
cnss_prealloc.ko	no	yes	qcom_vendor	reference_source_only	drivers/net/wireless/Makefile;drivers/net/wireless/cnss_prealloc/Makefile	-	-	no	Review SMEM, mailbox, interrupt, remoteproc and reserved-memory DT contracts; firmware plus userspace ABI is normally required.	defer/disable	low	A public candidate is incomplete for a 6.18 vendor-load plan; do not stage a 5.10 binary or silently omit a required early-load item.	BLOCKED: vendor-load filename gap requires disposition, native build/configuration evidence, and dependency review.
cnss_utils.ko	no	yes	qcom_vendor	reference_source_only	drivers/net/wireless/Makefile;drivers/net/wireless/cnss2/Makefile;drivers/net/wireless/cnss_utils/Makefile;drivers/soc/qcom/icnss2/Makefile	-	-	no	Review SMEM, mailbox, interrupt, remoteproc and reserved-memory DT contracts; firmware plus userspace ABI is normally required.	defer/disable	low	A public candidate is incomplete for a 6.18 vendor-load plan; do not stage a 5.10 binary or silently omit a required early-load item.	BLOCKED: vendor-load filename gap requires disposition, native build/configuration evidence, and dependency review.
core_hang_detect.ko	no	yes	other	reference_source_only	drivers/soc/qcom/Makefile	-	-	no	No generic dependency conclusion is safe; inspect the candidate source, Kconfig, DTS references, firmware request paths and userspace ABI.	defer/disable	low	A public candidate is incomplete for a 6.18 vendor-load plan; do not stage a 5.10 binary or silently omit a required early-load item.	BLOCKED: vendor-load filename gap requires disposition, native build/configuration evidence, and dependency review.
coresight-csr.ko	no	yes	other	reference_source_only	drivers/hwtracing/coresight/Makefile	-	-	no	No generic dependency conclusion is safe; inspect the candidate source, Kconfig, DTS references, firmware request paths and userspace ABI.	defer/disable	low	A public candidate is incomplete for a 6.18 vendor-load plan; do not stage a 5.10 binary or silently omit a required early-load item.	BLOCKED: vendor-load filename gap requires disposition, native build/configuration evidence, and dependency review.
coresight-cti.ko	no	yes	other	ack_source_candidate	drivers/hwtracing/coresight/Makefile	drivers/hwtracing/coresight/Makefile	drivers/hwtracing/coresight/Kconfig	yes	No generic dependency conclusion is safe; inspect the candidate source, Kconfig, DTS references, firmware request paths and userspace ABI.	upstream	medium	Existing contract identifies an ACK candidate; native configuration, module form, KMI and load-order validation still required.	BLOCKED: vendor-load filename gap requires disposition, native build/configuration evidence, and dependency review.
coresight-dummy.ko	no	yes	other	ack_source_candidate	drivers/hwtracing/coresight/Makefile	drivers/hwtracing/coresight/Makefile	drivers/hwtracing/coresight/Kconfig	yes	No generic dependency conclusion is safe; inspect the candidate source, Kconfig, DTS references, firmware request paths and userspace ABI.	upstream	medium	Existing contract identifies an ACK candidate; native configuration, module form, KMI and load-order validation still required.	BLOCKED: vendor-load filename gap requires disposition, native build/configuration evidence, and dependency review.
coresight-funnel.ko	no	yes	other	ack_source_candidate	drivers/hwtracing/coresight/Makefile	drivers/hwtracing/coresight/Makefile	drivers/hwtracing/coresight/Kconfig	yes	No generic dependency conclusion is safe; inspect the candidate source, Kconfig, DTS references, firmware request paths and userspace ABI.	upstream	medium	Existing contract identifies an ACK candidate; native configuration, module form, KMI and load-order validation still required.	BLOCKED: vendor-load filename gap requires disposition, native build/configuration evidence, and dependency review.
coresight-hwevent.ko	no	yes	other	reference_source_only	drivers/hwtracing/coresight/Makefile	-	-	no	No generic dependency conclusion is safe; inspect the candidate source, Kconfig, DTS references, firmware request paths and userspace ABI.	defer/disable	low	A public candidate is incomplete for a 6.18 vendor-load plan; do not stage a 5.10 binary or silently omit a required early-load item.	BLOCKED: vendor-load filename gap requires disposition, native build/configuration evidence, and dependency review.
coresight-remote-etm.ko	no	yes	other	reference_source_only	drivers/hwtracing/coresight/Makefile	-	-	no	No generic dependency conclusion is safe; inspect the candidate source, Kconfig, DTS references, firmware request paths and userspace ABI.	defer/disable	low	A public candidate is incomplete for a 6.18 vendor-load plan; do not stage a 5.10 binary or silently omit a required early-load item.	BLOCKED: vendor-load filename gap requires disposition, native build/configuration evidence, and dependency review.
coresight-replicator.ko	no	yes	other	ack_source_candidate	drivers/hwtracing/coresight/Makefile	drivers/hwtracing/coresight/Makefile	drivers/hwtracing/coresight/Kconfig	yes	No generic dependency conclusion is safe; inspect the candidate source, Kconfig, DTS references, firmware request paths and userspace ABI.	upstream	medium	Existing contract identifies an ACK candidate; native configuration, module form, KMI and load-order validation still required.	BLOCKED: vendor-load filename gap requires disposition, native build/configuration evidence, and dependency review.
coresight-stm.ko	no	yes	other	ack_source_candidate	drivers/hwtracing/coresight/Makefile	drivers/hwtracing/coresight/Makefile	drivers/hwtracing/coresight/Kconfig	yes	No generic dependency conclusion is safe; inspect the candidate source, Kconfig, DTS references, firmware request paths and userspace ABI.	upstream	medium	Existing contract identifies an ACK candidate; native configuration, module form, KMI and load-order validation still required.	BLOCKED: vendor-load filename gap requires disposition, native build/configuration evidence, and dependency review.
coresight-tgu.ko	no	yes	other	reference_source_only	drivers/hwtracing/coresight/Makefile	-	-	no	No generic dependency conclusion is safe; inspect the candidate source, Kconfig, DTS references, firmware request paths and userspace ABI.	defer/disable	low	A public candidate is incomplete for a 6.18 vendor-load plan; do not stage a 5.10 binary or silently omit a required early-load item.	BLOCKED: vendor-load filename gap requires disposition, native build/configuration evidence, and dependency review.
coresight-tmc.ko	no	yes	other	ack_source_candidate	drivers/hwtracing/coresight/Makefile	drivers/hwtracing/coresight/Makefile	drivers/hwtracing/coresight/Kconfig	yes	No generic dependency conclusion is safe; inspect the candidate source, Kconfig, DTS references, firmware request paths and userspace ABI.	upstream	medium	Existing contract identifies an ACK candidate; native configuration, module form, KMI and load-order validation still required.	BLOCKED: vendor-load filename gap requires disposition, native build/configuration evidence, and dependency review.
coresight-tpda.ko	no	yes	other	ack_source_candidate	drivers/hwtracing/coresight/Makefile	drivers/hwtracing/coresight/Makefile	drivers/hwtracing/coresight/Kconfig	yes	No generic dependency conclusion is safe; inspect the candidate source, Kconfig, DTS references, firmware request paths and userspace ABI.	upstream	medium	Existing contract identifies an ACK candidate; native configuration, module form, KMI and load-order validation still required.	BLOCKED: vendor-load filename gap requires disposition, native build/configuration evidence, and dependency review.
coresight-tpdm.ko	no	yes	other	ack_source_candidate	drivers/hwtracing/coresight/Makefile	drivers/hwtracing/coresight/Makefile	drivers/hwtracing/coresight/Kconfig	yes	No generic dependency conclusion is safe; inspect the candidate source, Kconfig, DTS references, firmware request paths and userspace ABI.	upstream	medium	Existing contract identifies an ACK candidate; native configuration, module form, KMI and load-order validation still required.	BLOCKED: vendor-load filename gap requires disposition, native build/configuration evidence, and dependency review.
coresight.ko	no	yes	other	ack_source_candidate	drivers/Makefile;drivers/hwtracing/coresight/Makefile	drivers/Makefile;drivers/hwtracing/coresight/Makefile;samples/Makefile;samples/coresight/Makefile	drivers/Kconfig;drivers/hwtracing/coresight/Kconfig;samples/Kconfig	yes	No generic dependency conclusion is safe; inspect the candidate source, Kconfig, DTS references, firmware request paths and userspace ABI.	upstream	medium	Existing contract identifies an ACK candidate; native configuration, module form, KMI and load-order validation still required.	BLOCKED: vendor-load filename gap requires disposition, native build/configuration evidence, and dependency review.
cpu_hotplug.ko	yes	no	other	ack_source_candidate	drivers/thermal/qcom/Makefile;drivers/xen/Makefile	drivers/xen/Makefile	drivers/xen/Kconfig	yes	No generic dependency conclusion is safe; inspect the candidate source, Kconfig, DTS references, firmware request paths and userspace ABI.	upstream	medium	Existing contract identifies an ACK candidate; native configuration, module form, KMI and load-order validation still required.	BLOCKED: first-stage filename gap requires a reviewed native 6.18 replacement and load-order evidence.
cpu_voltage_cooling.ko	no	yes	other	reference_source_only	drivers/thermal/qcom/Makefile	-	-	no	No generic dependency conclusion is safe; inspect the candidate source, Kconfig, DTS references, firmware request paths and userspace ABI.	defer/disable	low	A public candidate is incomplete for a 6.18 vendor-load plan; do not stage a 5.10 binary or silently omit a required early-load item.	BLOCKED: vendor-load filename gap requires disposition, native build/configuration evidence, and dependency review.
cqhci.ko	yes	no	other	ack_source_candidate	drivers/mmc/host/Makefile	drivers/mmc/host/Makefile	drivers/mmc/host/Kconfig	yes	No generic dependency conclusion is safe; inspect the candidate source, Kconfig, DTS references, firmware request paths and userspace ABI.	upstream	medium	Existing contract identifies an ACK candidate; native configuration, module form, KMI and load-order validation still required.	BLOCKED: first-stage filename gap requires a reviewed native 6.18 replacement and load-order evidence.
crypto-qti-common.ko	yes	no	other	reference_source_only	drivers/soc/qcom/Makefile	-	-	no	No generic dependency conclusion is safe; inspect the candidate source, Kconfig, DTS references, firmware request paths and userspace ABI.	defer/disable	low	A public candidate is incomplete for a 6.18 vendor-load plan; do not stage a 5.10 binary or silently omit a required early-load item.	BLOCKED: first-stage filename gap requires a reviewed native 6.18 replacement and load-order evidence.
crypto-qti-hwkm.ko	yes	no	other	reference_source_only	drivers/soc/qcom/Makefile	-	-	no	No generic dependency conclusion is safe; inspect the candidate source, Kconfig, DTS references, firmware request paths and userspace ABI.	defer/disable	low	A public candidate is incomplete for a 6.18 vendor-load plan; do not stage a 5.10 binary or silently omit a required early-load item.	BLOCKED: first-stage filename gap requires a reviewed native 6.18 replacement and load-order evidence.
cs35l41_dlkm.ko	no	yes	other	unmapped	-	-	-	no	No generic dependency conclusion is safe; inspect the candidate source, Kconfig, DTS references, firmware request paths and userspace ABI.	proprietary-blocked	none	No verified public source candidate was recorded by the existing contract; this is an unresolved blocker, not proof that the artifact is proprietary.	BLOCKED: vendor-load filename gap requires disposition, native build/configuration evidence, and dependency review.
cs35l43_dlkm.ko	no	yes	other	unmapped	-	-	-	no	No generic dependency conclusion is safe; inspect the candidate source, Kconfig, DTS references, firmware request paths and userspace ABI.	proprietary-blocked	none	No verified public source candidate was recorded by the existing contract; this is an unresolved blocker, not proof that the artifact is proprietary.	BLOCKED: vendor-load filename gap requires disposition, native build/configuration evidence, and dependency review.
dcc_v2.ko	no	yes	other	reference_source_only	drivers/soc/qcom/Makefile	-	-	no	No generic dependency conclusion is safe; inspect the candidate source, Kconfig, DTS references, firmware request paths and userspace ABI.	defer/disable	low	A public candidate is incomplete for a 6.18 vendor-load plan; do not stage a 5.10 binary or silently omit a required early-load item.	BLOCKED: vendor-load filename gap requires disposition, native build/configuration evidence, and dependency review.
dcvs_fp.ko	yes	no	power_clock_interconnect	reference_source_only	drivers/soc/qcom/dcvs/Makefile	-	-	no	Review PMIC/RPMh/AOP, regulator, clock, interconnect and thermal DT nodes; verify firmware ownership and sequencing where applicable.	defer/disable	low	A public candidate is incomplete for a 6.18 vendor-load plan; do not stage a 5.10 binary or silently omit a required early-load item.	BLOCKED: first-stage filename gap requires a reviewed native 6.18 replacement and load-order evidence.
ddr_cdev.ko	no	yes	other	reference_source_only	drivers/thermal/qcom/Makefile	-	-	no	No generic dependency conclusion is safe; inspect the candidate source, Kconfig, DTS references, firmware request paths and userspace ABI.	defer/disable	low	A public candidate is incomplete for a 6.18 vendor-load plan; do not stage a 5.10 binary or silently omit a required early-load item.	BLOCKED: vendor-load filename gap requires disposition, native build/configuration evidence, and dependency review.
debugcc-diwali.ko	no	yes	other	reference_source_only	drivers/clk/qcom/Makefile	-	-	no	No generic dependency conclusion is safe; inspect the candidate source, Kconfig, DTS references, firmware request paths and userspace ABI.	defer/disable	low	A public candidate is incomplete for a 6.18 vendor-load plan; do not stage a 5.10 binary or silently omit a required early-load item.	BLOCKED: vendor-load filename gap requires disposition, native build/configuration evidence, and dependency review.
debugcc-waipio.ko	no	yes	other	reference_source_only	drivers/clk/qcom/Makefile	-	-	no	No generic dependency conclusion is safe; inspect the candidate source, Kconfig, DTS references, firmware request paths and userspace ABI.	defer/disable	low	A public candidate is incomplete for a 6.18 vendor-load plan; do not stage a 5.10 binary or silently omit a required early-load item.	BLOCKED: vendor-load filename gap requires disposition, native build/configuration evidence, and dependency review.
dispcc-diwali.ko	yes	no	camera	reference_source_only	drivers/clk/qcom/Makefile	-	-	no	Review camera DT, regulators, clocks, IOMMU, sensor EEPROM/calibration and proprietary camera-userspace contracts; defer from boot-critical scope.	defer/disable	low	A public candidate is incomplete for a 6.18 vendor-load plan; do not stage a 5.10 binary or silently omit a required early-load item.	BLOCKED: first-stage filename gap requires a reviewed native 6.18 replacement and load-order evidence.
dispcc-waipio.ko	yes	no	camera	reference_source_only	drivers/clk/qcom/Makefile	-	-	no	Review camera DT, regulators, clocks, IOMMU, sensor EEPROM/calibration and proprietary camera-userspace contracts; defer from boot-critical scope.	defer/disable	low	A public candidate is incomplete for a 6.18 vendor-load plan; do not stage a 5.10 binary or silently omit a required early-load item.	BLOCKED: first-stage filename gap requires a reviewed native 6.18 replacement and load-order evidence.
dwc3-msm.ko	no	yes	storage_usb	reference_source_only	drivers/usb/dwc3/Makefile	-	-	no	Review UFS/PHY/USB/PCIe DT nodes, regulators, clocks, resets, interconnects, IOMMU and any controller/PHY firmware contract.	defer/disable	low	A public candidate is incomplete for a 6.18 vendor-load plan; do not stage a 5.10 binary or silently omit a required early-load item.	BLOCKED: vendor-load filename gap requires disposition, native build/configuration evidence, and dependency review.
ehset.ko	no	yes	other	ack_source_candidate	drivers/usb/misc/Makefile	drivers/usb/misc/Makefile	drivers/usb/misc/Kconfig	yes	No generic dependency conclusion is safe; inspect the candidate source, Kconfig, DTS references, firmware request paths and userspace ABI.	upstream	medium	Existing contract identifies an ACK candidate; native configuration, module form, KMI and load-order validation still required.	BLOCKED: vendor-load filename gap requires disposition, native build/configuration evidence, and dependency review.
ep_pcie_drv.ko	no	yes	storage_usb	reference_source_only	drivers/platform/msm/ep_pcie/Makefile	-	-	no	Review UFS/PHY/USB/PCIe DT nodes, regulators, clocks, resets, interconnects, IOMMU and any controller/PHY firmware contract.	defer/disable	low	A public candidate is incomplete for a 6.18 vendor-load plan; do not stage a 5.10 binary or silently omit a required early-load item.	BLOCKED: vendor-load filename gap requires disposition, native build/configuration evidence, and dependency review.
eud.ko	no	yes	other	reference_source_only	drivers/soc/qcom/Makefile	-	-	no	No generic dependency conclusion is safe; inspect the candidate source, Kconfig, DTS references, firmware request paths and userspace ABI.	defer/disable	low	A public candidate is incomplete for a 6.18 vendor-load plan; do not stage a 5.10 binary or silently omit a required early-load item.	BLOCKED: vendor-load filename gap requires disposition, native build/configuration evidence, and dependency review.
fan53555.ko	no	yes	other	ack_source_candidate	drivers/regulator/Makefile	drivers/regulator/Makefile	drivers/regulator/Kconfig	yes	No generic dependency conclusion is safe; inspect the candidate source, Kconfig, DTS references, firmware request paths and userspace ABI.	upstream	medium	Existing contract identifies an ACK candidate; native configuration, module form, KMI and load-order validation still required.	BLOCKED: vendor-load filename gap requires disposition, native build/configuration evidence, and dependency review.
focaltech_fts.ko	no	yes	touch_biometrics	reference_source_only	drivers/input/touchscreen/focaltech_touch/Makefile	-	-	no	Review input/bus/IRQ/regulator DT contracts and proprietary HAL/TEE implications; defer unless an early-boot dependency is evidenced.	defer/disable	low	A public candidate is incomplete for a 6.18 vendor-load plan; do not stage a 5.10 binary or silently omit a required early-load item.	BLOCKED: vendor-load filename gap requires disposition, native build/configuration evidence, and dependency review.
fpc1540.ko	no	yes	touch_biometrics	reference_source_only	drivers/input/fingerprint/fpc_1540/Makefile	-	-	no	Review input/bus/IRQ/regulator DT contracts and proprietary HAL/TEE implications; defer unless an early-boot dependency is evidenced.	defer/disable	low	A public candidate is incomplete for a 6.18 vendor-load plan; do not stage a 5.10 binary or silently omit a required early-load item.	BLOCKED: vendor-load filename gap requires disposition, native build/configuration evidence, and dependency review.
frpc-adsprpc.ko	no	yes	qcom_vendor	reference_source_only	drivers/char/Makefile	-	-	no	Review SMEM, mailbox, interrupt, remoteproc and reserved-memory DT contracts; firmware plus userspace ABI is normally required.	defer/disable	low	A public candidate is incomplete for a 6.18 vendor-load plan; do not stage a 5.10 binary or silently omit a required early-load item.	BLOCKED: vendor-load filename gap requires disposition, native build/configuration evidence, and dependency review.
fsa4480-i2c.ko	no	yes	other	reference_source_only	drivers/soc/qcom/Makefile	-	-	no	No generic dependency conclusion is safe; inspect the candidate source, Kconfig, DTS references, firmware request paths and userspace ABI.	defer/disable	low	A public candidate is incomplete for a 6.18 vendor-load plan; do not stage a 5.10 binary or silently omit a required early-load item.	BLOCKED: vendor-load filename gap requires disposition, native build/configuration evidence, and dependency review.
fts_touch_spi.ko	no	yes	touch_biometrics	reference_source_only	-	-	-	no	Review input/bus/IRQ/regulator DT contracts and proprietary HAL/TEE implications; defer unless an early-boot dependency is evidenced.	defer/disable	none	A public candidate is incomplete for a 6.18 vendor-load plan; do not stage a 5.10 binary or silently omit a required early-load item.	BLOCKED: vendor-load filename gap requires disposition, native build/configuration evidence, and dependency review.
gcc-diwali.ko	yes	no	other	reference_source_only	drivers/clk/qcom/Makefile	-	-	no	No generic dependency conclusion is safe; inspect the candidate source, Kconfig, DTS references, firmware request paths and userspace ABI.	defer/disable	low	A public candidate is incomplete for a 6.18 vendor-load plan; do not stage a 5.10 binary or silently omit a required early-load item.	BLOCKED: first-stage filename gap requires a reviewed native 6.18 replacement and load-order evidence.
gcc-waipio.ko	yes	no	other	reference_source_only	drivers/clk/qcom/Makefile	-	-	no	No generic dependency conclusion is safe; inspect the candidate source, Kconfig, DTS references, firmware request paths and userspace ABI.	defer/disable	low	A public candidate is incomplete for a 6.18 vendor-load plan; do not stage a 5.10 binary or silently omit a required early-load item.	BLOCKED: first-stage filename gap requires a reviewed native 6.18 replacement and load-order evidence.
gdsc-regulator.ko	yes	no	power_clock_interconnect	reference_source_only	drivers/clk/qcom/Makefile	-	-	no	Review PMIC/RPMh/AOP, regulator, clock, interconnect and thermal DT nodes; verify firmware ownership and sequencing where applicable.	defer/disable	low	A public candidate is incomplete for a 6.18 vendor-load plan; do not stage a 5.10 binary or silently omit a required early-load item.	BLOCKED: first-stage filename gap requires a reviewed native 6.18 replacement and load-order evidence.
gh_arm_drv.ko	yes	no	qcom_vendor	reference_source_only	arch/arm64/gunyah/Makefile	-	-	no	Review SMEM, mailbox, interrupt, remoteproc and reserved-memory DT contracts; firmware plus userspace ABI is normally required.	defer/disable	low	A public candidate is incomplete for a 6.18 vendor-load plan; do not stage a 5.10 binary or silently omit a required early-load item.	BLOCKED: first-stage filename gap requires a reviewed native 6.18 replacement and load-order evidence.
gh_ctrl.ko	yes	no	qcom_vendor	reference_source_only	drivers/virt/gunyah/Makefile	-	-	no	Review SMEM, mailbox, interrupt, remoteproc and reserved-memory DT contracts; firmware plus userspace ABI is normally required.	defer/disable	low	A public candidate is incomplete for a 6.18 vendor-load plan; do not stage a 5.10 binary or silently omit a required early-load item.	BLOCKED: first-stage filename gap requires a reviewed native 6.18 replacement and load-order evidence.
gh_dbl.ko	yes	no	qcom_vendor	reference_source_only	drivers/virt/gunyah/Makefile	-	-	no	Review SMEM, mailbox, interrupt, remoteproc and reserved-memory DT contracts; firmware plus userspace ABI is normally required.	defer/disable	low	A public candidate is incomplete for a 6.18 vendor-load plan; do not stage a 5.10 binary or silently omit a required early-load item.	BLOCKED: first-stage filename gap requires a reviewed native 6.18 replacement and load-order evidence.
gh_irq_lend.ko	no	yes	qcom_vendor	reference_source_only	drivers/virt/gunyah/Makefile	-	-	no	Review SMEM, mailbox, interrupt, remoteproc and reserved-memory DT contracts; firmware plus userspace ABI is normally required.	defer/disable	low	A public candidate is incomplete for a 6.18 vendor-load plan; do not stage a 5.10 binary or silently omit a required early-load item.	BLOCKED: vendor-load filename gap requires disposition, native build/configuration evidence, and dependency review.
gh_mem_notifier.ko	no	yes	qcom_vendor	reference_source_only	drivers/virt/gunyah/Makefile	-	-	no	Review SMEM, mailbox, interrupt, remoteproc and reserved-memory DT contracts; firmware plus userspace ABI is normally required.	defer/disable	low	A public candidate is incomplete for a 6.18 vendor-load plan; do not stage a 5.10 binary or silently omit a required early-load item.	BLOCKED: vendor-load filename gap requires disposition, native build/configuration evidence, and dependency review.
gh_msgq.ko	yes	no	qcom_vendor	reference_source_only	drivers/virt/gunyah/Makefile	-	-	no	Review SMEM, mailbox, interrupt, remoteproc and reserved-memory DT contracts; firmware plus userspace ABI is normally required.	defer/disable	low	A public candidate is incomplete for a 6.18 vendor-load plan; do not stage a 5.10 binary or silently omit a required early-load item.	BLOCKED: first-stage filename gap requires a reviewed native 6.18 replacement and load-order evidence.
gh_rm_drv.ko	yes	no	qcom_vendor	reference_source_only	drivers/virt/gunyah/Makefile	-	-	no	Review SMEM, mailbox, interrupt, remoteproc and reserved-memory DT contracts; firmware plus userspace ABI is normally required.	defer/disable	low	A public candidate is incomplete for a 6.18 vendor-load plan; do not stage a 5.10 binary or silently omit a required early-load item.	BLOCKED: first-stage filename gap requires a reviewed native 6.18 replacement and load-order evidence.
gh_virt_wdt.ko	yes	no	qcom_vendor	reference_source_only	drivers/virt/gunyah/Makefile	-	-	no	Review SMEM, mailbox, interrupt, remoteproc and reserved-memory DT contracts; firmware plus userspace ABI is normally required.	defer/disable	low	A public candidate is incomplete for a 6.18 vendor-load plan; do not stage a 5.10 binary or silently omit a required early-load item.	BLOCKED: first-stage filename gap requires a reviewed native 6.18 replacement and load-order evidence.
gh_virtio_backend.ko	no	yes	qcom_vendor	reference_source_only	drivers/virt/gunyah/Makefile	-	-	no	Review SMEM, mailbox, interrupt, remoteproc and reserved-memory DT contracts; firmware plus userspace ABI is normally required.	defer/disable	low	A public candidate is incomplete for a 6.18 vendor-load plan; do not stage a 5.10 binary or silently omit a required early-load item.	BLOCKED: vendor-load filename gap requires disposition, native build/configuration evidence, and dependency review.
glink_pkt.ko	no	yes	qcom_vendor	reference_source_only	drivers/soc/qcom/Makefile	-	-	no	Review SMEM, mailbox, interrupt, remoteproc and reserved-memory DT contracts; firmware plus userspace ABI is normally required.	defer/disable	low	A public candidate is incomplete for a 6.18 vendor-load plan; do not stage a 5.10 binary or silently omit a required early-load item.	BLOCKED: vendor-load filename gap requires disposition, native build/configuration evidence, and dependency review.
glink_probe.ko	no	yes	qcom_vendor	reference_source_only	drivers/soc/qcom/Makefile	-	-	no	Review SMEM, mailbox, interrupt, remoteproc and reserved-memory DT contracts; firmware plus userspace ABI is normally required.	defer/disable	low	A public candidate is incomplete for a 6.18 vendor-load plan; do not stage a 5.10 binary or silently omit a required early-load item.	BLOCKED: vendor-load filename gap requires disposition, native build/configuration evidence, and dependency review.
goodix_core.ko	no	yes	touch_biometrics	reference_source_only	drivers/input/touchscreen/goodix_berlin_driver/Makefile	-	-	no	Review input/bus/IRQ/regulator DT contracts and proprietary HAL/TEE implications; defer unless an early-boot dependency is evidenced.	defer/disable	low	A public candidate is incomplete for a 6.18 vendor-load plan; do not stage a 5.10 binary or silently omit a required early-load item.	BLOCKED: vendor-load filename gap requires disposition, native build/configuration evidence, and dependency review.
goodix_tee.ko	no	yes	touch_biometrics	reference_source_only	drivers/input/fingerprint/Makefile;!missing:drivers/input/fingerprint/goodix_tee/Makefile	-	-	no	Review input/bus/IRQ/regulator DT contracts and proprietary HAL/TEE implications; defer unless an early-boot dependency is evidenced.	defer/disable	low	A public candidate is incomplete for a 6.18 vendor-load plan; do not stage a 5.10 binary or silently omit a required early-load item.	BLOCKED: vendor-load filename gap requires disposition, native build/configuration evidence, and dependency review.
gpi.ko	no	yes	other	ack_source_candidate	drivers/dma/qcom/Makefile	drivers/dma/qcom/Makefile	drivers/dma/qcom/Kconfig	yes	No generic dependency conclusion is safe; inspect the candidate source, Kconfig, DTS references, firmware request paths and userspace ABI.	upstream	medium	Existing contract identifies an ACK candidate; native configuration, module form, KMI and load-order validation still required.	BLOCKED: vendor-load filename gap requires disposition, native build/configuration evidence, and dependency review.
gplaf_scmi.ko	no	yes	other	reference_source_only	drivers/soc/qcom/Makefile	-	-	no	No generic dependency conclusion is safe; inspect the candidate source, Kconfig, DTS references, firmware request paths and userspace ABI.	defer/disable	low	A public candidate is incomplete for a 6.18 vendor-load plan; do not stage a 5.10 binary or silently omit a required early-load item.	BLOCKED: vendor-load filename gap requires disposition, native build/configuration evidence, and dependency review.
gplaf_vendor.ko	no	yes	other	reference_source_only	drivers/firmware/arm_scmi/Makefile	-	-	no	No generic dependency conclusion is safe; inspect the candidate source, Kconfig, DTS references, firmware request paths and userspace ABI.	defer/disable	low	A public candidate is incomplete for a 6.18 vendor-load plan; do not stage a 5.10 binary or silently omit a required early-load item.	BLOCKED: vendor-load filename gap requires disposition, native build/configuration evidence, and dependency review.
gpr_dlkm.ko	no	yes	other	unmapped	-	-	-	no	No generic dependency conclusion is safe; inspect the candidate source, Kconfig, DTS references, firmware request paths and userspace ABI.	proprietary-blocked	none	No verified public source candidate was recorded by the existing contract; this is an unresolved blocker, not proof that the artifact is proprietary.	BLOCKED: vendor-load filename gap requires disposition, native build/configuration evidence, and dependency review.
gpucc-diwali.ko	no	yes	display_gpu	reference_source_only	drivers/clk/qcom/Makefile	-	-	no	Review display/GPU DT, regulators, clocks, IOMMU, panel and firmware/userspace ABI contracts; defer from boot-critical scope.	defer/disable	low	A public candidate is incomplete for a 6.18 vendor-load plan; do not stage a 5.10 binary or silently omit a required early-load item.	BLOCKED: vendor-load filename gap requires disposition, native build/configuration evidence, and dependency review.
gpucc-waipio.ko	no	yes	display_gpu	reference_source_only	drivers/clk/qcom/Makefile	-	-	no	Review display/GPU DT, regulators, clocks, IOMMU, panel and firmware/userspace ABI contracts; defer from boot-critical scope.	defer/disable	low	A public candidate is incomplete for a 6.18 vendor-load plan; do not stage a 5.10 binary or silently omit a required early-load item.	BLOCKED: vendor-load filename gap requires disposition, native build/configuration evidence, and dependency review.
gsim.ko	no	yes	other	unmapped	-	-	-	no	No generic dependency conclusion is safe; inspect the candidate source, Kconfig, DTS references, firmware request paths and userspace ABI.	proprietary-blocked	none	No verified public source candidate was recorded by the existing contract; this is an unresolved blocker, not proof that the artifact is proprietary.	BLOCKED: vendor-load filename gap requires disposition, native build/configuration evidence, and dependency review.
guestvm_loader.ko	no	yes	other	reference_source_only	drivers/soc/qcom/Makefile	-	-	no	No generic dependency conclusion is safe; inspect the candidate source, Kconfig, DTS references, firmware request paths and userspace ABI.	defer/disable	low	A public candidate is incomplete for a 6.18 vendor-load plan; do not stage a 5.10 binary or silently omit a required early-load item.	BLOCKED: vendor-load filename gap requires disposition, native build/configuration evidence, and dependency review.
hdcp.ko	no	yes	other	ack_source_candidate	drivers/gpu/drm/amd/display/Makefile;drivers/gpu/drm/amd/display/dc/Makefile;drivers/gpu/drm/amd/display/dc/hdcp/Makefile;drivers/gpu/drm/amd/display/modules/hdcp/Makefile;drivers/misc/Makefile;!missing:drivers/misc/hdcp/Makefile;drivers/misc/mei/Makefile	drivers/gpu/drm/amd/display/Makefile;drivers/gpu/drm/amd/display/dc/Makefile;drivers/gpu/drm/amd/display/dc/hdcp/Makefile;drivers/gpu/drm/amd/display/modules/hdcp/Makefile;drivers/misc/mei/Makefile	drivers/gpu/drm/amd/display/Kconfig;drivers/misc/mei/Kconfig	yes	No generic dependency conclusion is safe; inspect the candidate source, Kconfig, DTS references, firmware request paths and userspace ABI.	upstream	medium	Existing contract identifies an ACK candidate; native configuration, module form, KMI and load-order validation still required.	BLOCKED: vendor-load filename gap requires disposition, native build/configuration evidence, and dependency review.
hdmi_dlkm.ko	no	yes	other	unmapped	-	-	-	no	No generic dependency conclusion is safe; inspect the candidate source, Kconfig, DTS references, firmware request paths and userspace ABI.	proprietary-blocked	none	No verified public source candidate was recorded by the existing contract; this is an unresolved blocker, not proof that the artifact is proprietary.	BLOCKED: vendor-load filename gap requires disposition, native build/configuration evidence, and dependency review.
heap_mem_ext_v01.ko	no	yes	other	reference_source_only	drivers/soc/qcom/memshare/Makefile	-	-	no	No generic dependency conclusion is safe; inspect the candidate source, Kconfig, DTS references, firmware request paths and userspace ABI.	defer/disable	low	A public candidate is incomplete for a 6.18 vendor-load plan; do not stage a 5.10 binary or silently omit a required early-load item.	BLOCKED: vendor-load filename gap requires disposition, native build/configuration evidence, and dependency review.
hung_task_enh.ko	no	yes	other	reference_source_only	drivers/soc/qcom/Makefile	-	-	no	No generic dependency conclusion is safe; inspect the candidate source, Kconfig, DTS references, firmware request paths and userspace ABI.	defer/disable	low	A public candidate is incomplete for a 6.18 vendor-load plan; do not stage a 5.10 binary or silently omit a required early-load item.	BLOCKED: vendor-load filename gap requires disposition, native build/configuration evidence, and dependency review.
hvc_gunyah.ko	no	yes	other	reference_source_only	drivers/tty/hvc/Makefile	-	-	no	No generic dependency conclusion is safe; inspect the candidate source, Kconfig, DTS references, firmware request paths and userspace ABI.	defer/disable	low	A public candidate is incomplete for a 6.18 vendor-load plan; do not stage a 5.10 binary or silently omit a required early-load item.	BLOCKED: vendor-load filename gap requires disposition, native build/configuration evidence, and dependency review.
hwid.ko	yes	no	other	reference_source_only	!missing:drivers/input/touchscreen/fts_spi/Makefile;drivers/misc/Makefile;!missing:drivers/misc/hwid/Makefile;drivers/net/wireless/cnss2/Makefile;drivers/soc/qcom/icnss2/Makefile	-	-	no	No generic dependency conclusion is safe; inspect the candidate source, Kconfig, DTS references, firmware request paths and userspace ABI.	defer/disable	low	A public candidate is incomplete for a 6.18 vendor-load plan; do not stage a 5.10 binary or silently omit a required early-load item.	BLOCKED: first-stage filename gap requires a reviewed native 6.18 replacement and load-order evidence.
hwkm.ko	yes	no	other	reference_source_only	drivers/soc/qcom/Makefile	-	-	no	No generic dependency conclusion is safe; inspect the candidate source, Kconfig, DTS references, firmware request paths and userspace ABI.	defer/disable	low	A public candidate is incomplete for a 6.18 vendor-load plan; do not stage a 5.10 binary or silently omit a required early-load item.	BLOCKED: first-stage filename gap requires a reviewed native 6.18 replacement and load-order evidence.
hwmon.ko	no	yes	other	ack_source_candidate	drivers/Makefile;drivers/hwmon/Makefile;drivers/misc/habanalabs/common/Makefile;drivers/nvme/host/Makefile	drivers/Makefile;drivers/accel/habanalabs/common/Makefile;drivers/hwmon/Makefile;drivers/net/ethernet/mellanox/mlx5/core/Makefile;drivers/nvme/host/Makefile;drivers/platform/x86/amd/hsmp/Makefile	drivers/Kconfig;drivers/accel/habanalabs/Kconfig;drivers/hwmon/Kconfig;drivers/net/ethernet/mellanox/mlx5/core/Kconfig;drivers/nvme/host/Kconfig;drivers/platform/x86/amd/hsmp/Kconfig	yes	No generic dependency conclusion is safe; inspect the candidate source, Kconfig, DTS references, firmware request paths and userspace ABI.	upstream	medium	Existing contract identifies an ACK candidate; native configuration, module form, KMI and load-order validation still required.	BLOCKED: vendor-load filename gap requires disposition, native build/configuration evidence, and dependency review.
hyp_core_ctl.ko	no	yes	other	reference_source_only	drivers/soc/qcom/Makefile	-	-	no	No generic dependency conclusion is safe; inspect the candidate source, Kconfig, DTS references, firmware request paths and userspace ABI.	defer/disable	low	A public candidate is incomplete for a 6.18 vendor-load plan; do not stage a 5.10 binary or silently omit a required early-load item.	BLOCKED: vendor-load filename gap requires disposition, native build/configuration evidence, and dependency review.
i2c-msm-geni.ko	no	yes	other	reference_source_only	drivers/i2c/busses/Makefile	-	-	no	No generic dependency conclusion is safe; inspect the candidate source, Kconfig, DTS references, firmware request paths and userspace ABI.	defer/disable	low	A public candidate is incomplete for a 6.18 vendor-load plan; do not stage a 5.10 binary or silently omit a required early-load item.	BLOCKED: vendor-load filename gap requires disposition, native build/configuration evidence, and dependency review.
i3c-master-msm-geni.ko	no	yes	other	reference_source_only	drivers/i3c/master/Makefile	-	-	no	No generic dependency conclusion is safe; inspect the candidate source, Kconfig, DTS references, firmware request paths and userspace ABI.	defer/disable	low	A public candidate is incomplete for a 6.18 vendor-load plan; do not stage a 5.10 binary or silently omit a required early-load item.	BLOCKED: vendor-load filename gap requires disposition, native build/configuration evidence, and dependency review.
icc-bcm-voter.ko	yes	no	power_clock_interconnect	ack_source_candidate	drivers/interconnect/qcom/Makefile	drivers/interconnect/qcom/Makefile	drivers/interconnect/qcom/Kconfig	yes	Review PMIC/RPMh/AOP, regulator, clock, interconnect and thermal DT nodes; verify firmware ownership and sequencing where applicable.	upstream	medium	Existing contract identifies an ACK candidate; native configuration, module form, KMI and load-order validation still required.	BLOCKED: first-stage filename gap requires a reviewed native 6.18 replacement and load-order evidence.
icc-debug.ko	yes	no	power_clock_interconnect	reference_source_only	drivers/interconnect/qcom/Makefile	-	-	no	Review PMIC/RPMh/AOP, regulator, clock, interconnect and thermal DT nodes; verify firmware ownership and sequencing where applicable.	defer/disable	low	A public candidate is incomplete for a 6.18 vendor-load plan; do not stage a 5.10 binary or silently omit a required early-load item.	BLOCKED: first-stage filename gap requires a reviewed native 6.18 replacement and load-order evidence.
icc-rpmh.ko	yes	no	power_clock_interconnect	ack_source_candidate	drivers/interconnect/qcom/Makefile	drivers/interconnect/qcom/Makefile	drivers/interconnect/qcom/Kconfig	yes	Review PMIC/RPMh/AOP, regulator, clock, interconnect and thermal DT nodes; verify firmware ownership and sequencing where applicable.	upstream	medium	Existing contract identifies an ACK candidate; native configuration, module form, KMI and load-order validation still required.	BLOCKED: first-stage filename gap requires a reviewed native 6.18 replacement and load-order evidence.
icnss2.ko	no	yes	qcom_vendor	reference_source_only	drivers/soc/qcom/Makefile;drivers/soc/qcom/icnss2/Makefile	-	-	no	Review SMEM, mailbox, interrupt, remoteproc and reserved-memory DT contracts; firmware plus userspace ABI is normally required.	defer/disable	low	A public candidate is incomplete for a 6.18 vendor-load plan; do not stage a 5.10 binary or silently omit a required early-load item.	BLOCKED: vendor-load filename gap requires disposition, native build/configuration evidence, and dependency review.
iommu-logger.ko	yes	no	other	reference_source_only	drivers/iommu/Makefile	-	-	no	No generic dependency conclusion is safe; inspect the candidate source, Kconfig, DTS references, firmware request paths and userspace ABI.	defer/disable	low	A public candidate is incomplete for a 6.18 vendor-load plan; do not stage a 5.10 binary or silently omit a required early-load item.	BLOCKED: first-stage filename gap requires a reviewed native 6.18 replacement and load-order evidence.
ipa_clientsm.ko	no	yes	qcom_vendor	unmapped	-	-	-	no	Review SMEM, mailbox, interrupt, remoteproc and reserved-memory DT contracts; firmware plus userspace ABI is normally required.	proprietary-blocked	none	No verified public source candidate was recorded by the existing contract; this is an unresolved blocker, not proof that the artifact is proprietary.	BLOCKED: vendor-load filename gap requires disposition, native build/configuration evidence, and dependency review.
ipa_fmwk.ko	no	yes	qcom_vendor	reference_source_only	drivers/platform/msm/Makefile;drivers/platform/msm/ipa_fmwk/Makefile	-	-	no	Review SMEM, mailbox, interrupt, remoteproc and reserved-memory DT contracts; firmware plus userspace ABI is normally required.	defer/disable	low	A public candidate is incomplete for a 6.18 vendor-load plan; do not stage a 5.10 binary or silently omit a required early-load item.	BLOCKED: vendor-load filename gap requires disposition, native build/configuration evidence, and dependency review.
ipam.ko	no	yes	qcom_vendor	unmapped	-	-	-	no	Review SMEM, mailbox, interrupt, remoteproc and reserved-memory DT contracts; firmware plus userspace ABI is normally required.	proprietary-blocked	none	No verified public source candidate was recorded by the existing contract; this is an unresolved blocker, not proof that the artifact is proprietary.	BLOCKED: vendor-load filename gap requires disposition, native build/configuration evidence, and dependency review.
ipanetm.ko	no	yes	qcom_vendor	unmapped	-	-	-	no	Review SMEM, mailbox, interrupt, remoteproc and reserved-memory DT contracts; firmware plus userspace ABI is normally required.	proprietary-blocked	none	No verified public source candidate was recorded by the existing contract; this is an unresolved blocker, not proof that the artifact is proprietary.	BLOCKED: vendor-load filename gap requires disposition, native build/configuration evidence, and dependency review.
ir-spi.ko	no	yes	other	ack_source_candidate	drivers/media/rc/Makefile	drivers/media/rc/Makefile	drivers/media/rc/Kconfig	yes	No generic dependency conclusion is safe; inspect the candidate source, Kconfig, DTS references, firmware request paths and userspace ABI.	upstream	medium	Existing contract identifies an ACK candidate; native configuration, module form, KMI and load-order validation still required.	BLOCKED: vendor-load filename gap requires disposition, native build/configuration evidence, and dependency review.
kryo_arm64_edac.ko	yes	no	other	reference_source_only	drivers/edac/Makefile	-	-	no	No generic dependency conclusion is safe; inspect the candidate source, Kconfig, DTS references, firmware request paths and userspace ABI.	defer/disable	low	A public candidate is incomplete for a 6.18 vendor-load plan; do not stage a 5.10 binary or silently omit a required early-load item.	BLOCKED: first-stage filename gap requires a reviewed native 6.18 replacement and load-order evidence.
leds-qpnp-vibrator-ldo.ko	no	yes	other	reference_source_only	drivers/leds/Makefile	-	-	no	No generic dependency conclusion is safe; inspect the candidate source, Kconfig, DTS references, firmware request paths and userspace ABI.	defer/disable	low	A public candidate is incomplete for a 6.18 vendor-load plan; do not stage a 5.10 binary or silently omit a required early-load item.	BLOCKED: vendor-load filename gap requires disposition, native build/configuration evidence, and dependency review.
leds-qti-flash.ko	no	yes	other	reference_source_only	drivers/leds/Makefile	-	-	no	No generic dependency conclusion is safe; inspect the candidate source, Kconfig, DTS references, firmware request paths and userspace ABI.	defer/disable	low	A public candidate is incomplete for a 6.18 vendor-load plan; do not stage a 5.10 binary or silently omit a required early-load item.	BLOCKED: vendor-load filename gap requires disposition, native build/configuration evidence, and dependency review.
leds-qti-tri-led.ko	no	yes	other	reference_source_only	drivers/leds/Makefile	-	-	no	No generic dependency conclusion is safe; inspect the candidate source, Kconfig, DTS references, firmware request paths and userspace ABI.	defer/disable	low	A public candidate is incomplete for a 6.18 vendor-load plan; do not stage a 5.10 binary or silently omit a required early-load item.	BLOCKED: vendor-load filename gap requires disposition, native build/configuration evidence, and dependency review.
llcc-qcom.ko	yes	no	other	ack_source_candidate	drivers/soc/qcom/Makefile	drivers/soc/qcom/Makefile	drivers/soc/qcom/Kconfig	yes	No generic dependency conclusion is safe; inspect the candidate source, Kconfig, DTS references, firmware request paths and userspace ABI.	upstream	medium	Existing contract identifies an ACK candidate; native configuration, module form, KMI and load-order validation still required.	BLOCKED: first-stage filename gap requires a reviewed native 6.18 replacement and load-order evidence.
llcc_perfmon.ko	no	yes	other	reference_source_only	drivers/soc/qcom/Makefile	-	-	no	No generic dependency conclusion is safe; inspect the candidate source, Kconfig, DTS references, firmware request paths and userspace ABI.	defer/disable	low	A public candidate is incomplete for a 6.18 vendor-load plan; do not stage a 5.10 binary or silently omit a required early-load item.	BLOCKED: vendor-load filename gap requires disposition, native build/configuration evidence, and dependency review.
lpass_cdc_dlkm.ko	no	yes	other	unmapped	-	-	-	no	No generic dependency conclusion is safe; inspect the candidate source, Kconfig, DTS references, firmware request paths and userspace ABI.	proprietary-blocked	none	No verified public source candidate was recorded by the existing contract; this is an unresolved blocker, not proof that the artifact is proprietary.	BLOCKED: vendor-load filename gap requires disposition, native build/configuration evidence, and dependency review.
lpass_cdc_rx_macro_dlkm.ko	no	yes	other	unmapped	-	-	-	no	No generic dependency conclusion is safe; inspect the candidate source, Kconfig, DTS references, firmware request paths and userspace ABI.	proprietary-blocked	none	No verified public source candidate was recorded by the existing contract; this is an unresolved blocker, not proof that the artifact is proprietary.	BLOCKED: vendor-load filename gap requires disposition, native build/configuration evidence, and dependency review.
lpass_cdc_tx_macro_dlkm.ko	no	yes	other	unmapped	-	-	-	no	No generic dependency conclusion is safe; inspect the candidate source, Kconfig, DTS references, firmware request paths and userspace ABI.	proprietary-blocked	none	No verified public source candidate was recorded by the existing contract; this is an unresolved blocker, not proof that the artifact is proprietary.	BLOCKED: vendor-load filename gap requires disposition, native build/configuration evidence, and dependency review.
lpass_cdc_va_macro_dlkm.ko	no	yes	other	unmapped	-	-	-	no	No generic dependency conclusion is safe; inspect the candidate source, Kconfig, DTS references, firmware request paths and userspace ABI.	proprietary-blocked	none	No verified public source candidate was recorded by the existing contract; this is an unresolved blocker, not proof that the artifact is proprietary.	BLOCKED: vendor-load filename gap requires disposition, native build/configuration evidence, and dependency review.
lpass_cdc_wsa2_macro_dlkm.ko	no	yes	other	unmapped	-	-	-	no	No generic dependency conclusion is safe; inspect the candidate source, Kconfig, DTS references, firmware request paths and userspace ABI.	proprietary-blocked	none	No verified public source candidate was recorded by the existing contract; this is an unresolved blocker, not proof that the artifact is proprietary.	BLOCKED: vendor-load filename gap requires disposition, native build/configuration evidence, and dependency review.
lpass_cdc_wsa_macro_dlkm.ko	no	yes	other	unmapped	-	-	-	no	No generic dependency conclusion is safe; inspect the candidate source, Kconfig, DTS references, firmware request paths and userspace ABI.	proprietary-blocked	none	No verified public source candidate was recorded by the existing contract; this is an unresolved blocker, not proof that the artifact is proprietary.	BLOCKED: vendor-load filename gap requires disposition, native build/configuration evidence, and dependency review.
lt9611uxc.ko	no	yes	other	reference_source_only	drivers/gpu/drm/bridge/Makefile	-	-	no	No generic dependency conclusion is safe; inspect the candidate source, Kconfig, DTS references, firmware request paths and userspace ABI.	defer/disable	low	A public candidate is incomplete for a 6.18 vendor-load plan; do not stage a 5.10 binary or silently omit a required early-load item.	BLOCKED: vendor-load filename gap requires disposition, native build/configuration evidence, and dependency review.
lvstest.ko	no	yes	other	ack_source_candidate	drivers/usb/misc/Makefile	drivers/usb/misc/Makefile	drivers/usb/misc/Kconfig	yes	No generic dependency conclusion is safe; inspect the candidate source, Kconfig, DTS references, firmware request paths and userspace ABI.	upstream	medium	Existing contract identifies an ACK candidate; native configuration, module form, KMI and load-order validation still required.	BLOCKED: vendor-load filename gap requires disposition, native build/configuration evidence, and dependency review.
lzo-rle.ko	no	yes	other	built_6_18_builtin	crypto/Makefile	crypto/Makefile	crypto/Kconfig	yes	No generic dependency conclusion is safe; inspect the candidate source, Kconfig, DTS references, firmware request paths and userspace ABI.	defer/disable	low	A public candidate is incomplete for a 6.18 vendor-load plan; do not stage a 5.10 binary or silently omit a required early-load item.	BLOCKED: vendor-load filename gap requires disposition, native build/configuration evidence, and dependency review.
lzo.ko	no	yes	other	built_6_18_builtin	arch/arm64/boot/Makefile;arch/csky/boot/Makefile;arch/h8300/boot/compressed/Makefile;arch/mips/Makefile;arch/mips/boot/Makefile;arch/parisc/boot/compressed/Makefile;arch/powerpc/boot/Makefile;arch/riscv/boot/Makefile;arch/s390/boot/compressed/Makefile;arch/sh/Makefile;arch/sh/boot/Makefile;arch/sh/boot/compressed/Makefile;arch/x86/boot/compressed/Makefile;crypto/Makefile;fs/btrfs/Makefile;fs/squashfs/Makefile;lib/Makefile;lib/lzo/Makefile;usr/Makefile	arch/arm64/boot/Makefile;arch/csky/boot/Makefile;arch/mips/Makefile;arch/mips/boot/Makefile;arch/parisc/boot/compressed/Makefile;arch/powerpc/boot/Makefile;arch/riscv/Makefile;arch/riscv/boot/Makefile;arch/s390/boot/Makefile;arch/sh/Makefile;arch/sh/boot/Makefile;arch/sh/boot/compressed/Makefile;arch/x86/boot/compressed/Makefile;crypto/Makefile;fs/btrfs/Makefile;fs/squashfs/Makefile;lib/Makefile;lib/lzo/Makefile;usr/Makefile	arch/arm64/Kconfig;arch/csky/Kconfig;arch/mips/Kconfig;arch/parisc/Kconfig;arch/powerpc/Kconfig;arch/riscv/Kconfig;arch/s390/Kconfig;arch/sh/Kconfig;arch/x86/Kconfig;crypto/Kconfig;fs/btrfs/Kconfig;fs/squashfs/Kconfig;lib/Kconfig;usr/Kconfig	yes	No generic dependency conclusion is safe; inspect the candidate source, Kconfig, DTS references, firmware request paths and userspace ABI.	defer/disable	low	A public candidate is incomplete for a 6.18 vendor-load plan; do not stage a 5.10 binary or silently omit a required early-load item.	BLOCKED: vendor-load filename gap requires disposition, native build/configuration evidence, and dependency review.
mac80211.ko	yes	no	other	ack_source_candidate	drivers/net/wireless/Makefile;drivers/net/wireless/ath/ath5k/Makefile;drivers/net/wireless/broadcom/brcm80211/brcmsmac/Makefile;drivers/net/wireless/intel/iwlwifi/dvm/Makefile;drivers/net/wireless/intel/iwlwifi/mvm/Makefile;drivers/net/wireless/mediatek/mt76/Makefile;drivers/net/wireless/realtek/rtw88/Makefile;net/Makefile;net/mac80211/Makefile	drivers/net/wireless/ath/ath5k/Makefile;drivers/net/wireless/broadcom/brcm80211/brcmsmac/Makefile;drivers/net/wireless/intel/iwlwifi/dvm/Makefile;drivers/net/wireless/intel/iwlwifi/mld/Makefile;drivers/net/wireless/intel/iwlwifi/mvm/Makefile;drivers/net/wireless/mediatek/mt76/Makefile;drivers/net/wireless/realtek/rtw88/Makefile;drivers/net/wireless/realtek/rtw89/Makefile;drivers/net/wireless/virtual/Makefile;net/Makefile;net/mac80211/Makefile;net/mac80211/tests/Makefile	drivers/net/wireless/ath/ath5k/Kconfig;drivers/net/wireless/broadcom/brcm80211/Kconfig;drivers/net/wireless/intel/iwlwifi/Kconfig;drivers/net/wireless/mediatek/mt76/Kconfig;drivers/net/wireless/realtek/rtw88/Kconfig;drivers/net/wireless/realtek/rtw89/Kconfig;drivers/net/wireless/virtual/Kconfig;net/Kconfig;net/mac80211/Kconfig	yes	No generic dependency conclusion is safe; inspect the candidate source, Kconfig, DTS references, firmware request paths and userspace ABI.	upstream	medium	Existing contract identifies an ACK candidate; native configuration, module form, KMI and load-order validation still required.	BLOCKED: first-stage filename gap requires a reviewed native 6.18 replacement and load-order evidence.
machine_dlkm.ko	no	yes	other	unmapped	-	-	-	no	No generic dependency conclusion is safe; inspect the candidate source, Kconfig, DTS references, firmware request paths and userspace ABI.	proprietary-blocked	none	No verified public source candidate was recorded by the existing contract; this is an unresolved blocker, not proof that the artifact is proprietary.	BLOCKED: vendor-load filename gap requires disposition, native build/configuration evidence, and dependency review.
mbhc_dlkm.ko	no	yes	other	unmapped	-	-	-	no	No generic dependency conclusion is safe; inspect the candidate source, Kconfig, DTS references, firmware request paths and userspace ABI.	proprietary-blocked	none	No verified public source candidate was recorded by the existing contract; this is an unresolved blocker, not proof that the artifact is proprietary.	BLOCKED: vendor-load filename gap requires disposition, native build/configuration evidence, and dependency review.
mdt_loader.ko	no	yes	other	ack_source_candidate	drivers/soc/qcom/Makefile	drivers/soc/qcom/Makefile	drivers/soc/qcom/Kconfig	yes	No generic dependency conclusion is safe; inspect the candidate source, Kconfig, DTS references, firmware request paths and userspace ABI.	upstream	medium	Existing contract identifies an ACK candidate; native configuration, module form, KMI and load-order validation still required.	BLOCKED: vendor-load filename gap requires disposition, native build/configuration evidence, and dependency review.
mem-hooks.ko	yes	no	other	reference_source_only	drivers/soc/qcom/Makefile	-	-	no	No generic dependency conclusion is safe; inspect the candidate source, Kconfig, DTS references, firmware request paths and userspace ABI.	defer/disable	low	A public candidate is incomplete for a 6.18 vendor-load plan; do not stage a 5.10 binary or silently omit a required early-load item.	BLOCKED: first-stage filename gap requires a reviewed native 6.18 replacement and load-order evidence.
mem_buf.ko	yes	no	other	reference_source_only	drivers/soc/qcom/Makefile;drivers/soc/qcom/mem_buf/Makefile	-	-	no	No generic dependency conclusion is safe; inspect the candidate source, Kconfig, DTS references, firmware request paths and userspace ABI.	defer/disable	low	A public candidate is incomplete for a 6.18 vendor-load plan; do not stage a 5.10 binary or silently omit a required early-load item.	BLOCKED: first-stage filename gap requires a reviewed native 6.18 replacement and load-order evidence.
mem_buf_dev.ko	yes	no	other	reference_source_only	drivers/soc/qcom/mem_buf/Makefile	-	-	no	No generic dependency conclusion is safe; inspect the candidate source, Kconfig, DTS references, firmware request paths and userspace ABI.	defer/disable	low	A public candidate is incomplete for a 6.18 vendor-load plan; do not stage a 5.10 binary or silently omit a required early-load item.	BLOCKED: first-stage filename gap requires a reviewed native 6.18 replacement and load-order evidence.
memlat.ko	no	yes	other	reference_source_only	drivers/firmware/arm_scmi/Makefile;drivers/soc/qcom/dcvs/Makefile	-	-	no	No generic dependency conclusion is safe; inspect the candidate source, Kconfig, DTS references, firmware request paths and userspace ABI.	defer/disable	low	A public candidate is incomplete for a 6.18 vendor-load plan; do not stage a 5.10 binary or silently omit a required early-load item.	BLOCKED: vendor-load filename gap requires disposition, native build/configuration evidence, and dependency review.
memory_dump_v2.ko	yes	no	other	reference_source_only	drivers/soc/qcom/Makefile	-	-	no	No generic dependency conclusion is safe; inspect the candidate source, Kconfig, DTS references, firmware request paths and userspace ABI.	defer/disable	low	A public candidate is incomplete for a 6.18 vendor-load plan; do not stage a 5.10 binary or silently omit a required early-load item.	BLOCKED: first-stage filename gap requires a reviewed native 6.18 replacement and load-order evidence.
mhi.ko	no	yes	other	ack_source_candidate	drivers/bus/Makefile;drivers/bus/mhi/controllers/Makefile;drivers/bus/mhi/devices/Makefile;!missing:drivers/bus/mhi/host/Makefile;drivers/net/wireless/ath/ath11k/Makefile;drivers/platform/msm/mhi_dev/Makefile;net/qrtr/Makefile	drivers/accel/qaic/Makefile;drivers/bus/Makefile;drivers/bus/mhi/ep/Makefile;drivers/bus/mhi/host/Makefile;drivers/net/Makefile;drivers/net/wireless/ath/ath11k/Makefile;drivers/net/wireless/ath/ath12k/Makefile;drivers/net/wwan/Makefile;net/qrtr/Makefile	drivers/accel/qaic/Kconfig;drivers/bus/Kconfig;drivers/bus/mhi/ep/Kconfig;drivers/bus/mhi/host/Kconfig;drivers/net/Kconfig;drivers/net/wireless/ath/ath11k/Kconfig;drivers/net/wireless/ath/ath12k/Kconfig;drivers/net/wwan/Kconfig;net/qrtr/Kconfig	yes	No generic dependency conclusion is safe; inspect the candidate source, Kconfig, DTS references, firmware request paths and userspace ABI.	upstream	medium	Existing contract identifies an ACK candidate; native configuration, module form, KMI and load-order validation still required.	BLOCKED: vendor-load filename gap requires disposition, native build/configuration evidence, and dependency review.
mhi_cntrl_qcom.ko	no	yes	other	reference_source_only	drivers/bus/mhi/controllers/Makefile	-	-	no	No generic dependency conclusion is safe; inspect the candidate source, Kconfig, DTS references, firmware request paths and userspace ABI.	defer/disable	low	A public candidate is incomplete for a 6.18 vendor-load plan; do not stage a 5.10 binary or silently omit a required early-load item.	BLOCKED: vendor-load filename gap requires disposition, native build/configuration evidence, and dependency review.
mhi_dev_drv.ko	no	yes	other	reference_source_only	drivers/platform/msm/mhi_dev/Makefile	-	-	no	No generic dependency conclusion is safe; inspect the candidate source, Kconfig, DTS references, firmware request paths and userspace ABI.	defer/disable	low	A public candidate is incomplete for a 6.18 vendor-load plan; do not stage a 5.10 binary or silently omit a required early-load item.	BLOCKED: vendor-load filename gap requires disposition, native build/configuration evidence, and dependency review.
mhi_dev_dtr.ko	no	yes	other	reference_source_only	drivers/bus/mhi/devices/Makefile	-	-	no	No generic dependency conclusion is safe; inspect the candidate source, Kconfig, DTS references, firmware request paths and userspace ABI.	defer/disable	low	A public candidate is incomplete for a 6.18 vendor-load plan; do not stage a 5.10 binary or silently omit a required early-load item.	BLOCKED: vendor-load filename gap requires disposition, native build/configuration evidence, and dependency review.
mhi_dev_net.ko	no	yes	other	reference_source_only	drivers/platform/msm/mhi_dev/Makefile	-	-	no	No generic dependency conclusion is safe; inspect the candidate source, Kconfig, DTS references, firmware request paths and userspace ABI.	defer/disable	low	A public candidate is incomplete for a 6.18 vendor-load plan; do not stage a 5.10 binary or silently omit a required early-load item.	BLOCKED: vendor-load filename gap requires disposition, native build/configuration evidence, and dependency review.
mhi_dev_netdev.ko	no	yes	other	reference_source_only	drivers/bus/mhi/devices/Makefile	-	-	no	No generic dependency conclusion is safe; inspect the candidate source, Kconfig, DTS references, firmware request paths and userspace ABI.	defer/disable	low	A public candidate is incomplete for a 6.18 vendor-load plan; do not stage a 5.10 binary or silently omit a required early-load item.	BLOCKED: vendor-load filename gap requires disposition, native build/configuration evidence, and dependency review.
mhi_dev_uci.ko	no	yes	other	reference_source_only	drivers/bus/mhi/devices/Makefile	-	-	no	No generic dependency conclusion is safe; inspect the candidate source, Kconfig, DTS references, firmware request paths and userspace ABI.	defer/disable	low	A public candidate is incomplete for a 6.18 vendor-load plan; do not stage a 5.10 binary or silently omit a required early-load item.	BLOCKED: vendor-load filename gap requires disposition, native build/configuration evidence, and dependency review.
mi_thermal_interface.ko	no	yes	power_clock_interconnect	reference_source_only	drivers/thermal/Makefile	-	-	no	Review PMIC/RPMh/AOP, regulator, clock, interconnect and thermal DT nodes; verify firmware ownership and sequencing where applicable.	defer/disable	low	A public candidate is incomplete for a 6.18 vendor-load plan; do not stage a 5.10 binary or silently omit a required early-load item.	BLOCKED: vendor-load filename gap requires disposition, native build/configuration evidence, and dependency review.
microdump_collector.ko	no	yes	other	reference_source_only	drivers/soc/qcom/Makefile	-	-	no	No generic dependency conclusion is safe; inspect the candidate source, Kconfig, DTS references, firmware request paths and userspace ABI.	defer/disable	low	A public candidate is incomplete for a 6.18 vendor-load plan; do not stage a 5.10 binary or silently omit a required early-load item.	BLOCKED: vendor-load filename gap requires disposition, native build/configuration evidence, and dependency review.
minidump.ko	yes	no	other	reference_source_only	drivers/soc/qcom/Makefile	-	-	no	No generic dependency conclusion is safe; inspect the candidate source, Kconfig, DTS references, firmware request paths and userspace ABI.	defer/disable	low	A public candidate is incomplete for a 6.18 vendor-load plan; do not stage a 5.10 binary or silently omit a required early-load item.	BLOCKED: first-stage filename gap requires a reviewed native 6.18 replacement and load-order evidence.
msm-cvp.ko	no	yes	other	reference_source_only	drivers/media/platform/msm/cvp/Makefile	-	-	no	No generic dependency conclusion is safe; inspect the candidate source, Kconfig, DTS references, firmware request paths and userspace ABI.	defer/disable	low	A public candidate is incomplete for a 6.18 vendor-load plan; do not stage a 5.10 binary or silently omit a required early-load item.	BLOCKED: vendor-load filename gap requires disposition, native build/configuration evidence, and dependency review.
msm-eva.ko	no	yes	other	unmapped	-	-	-	no	No generic dependency conclusion is safe; inspect the candidate source, Kconfig, DTS references, firmware request paths and userspace ABI.	proprietary-blocked	none	No verified public source candidate was recorded by the existing contract; this is an unresolved blocker, not proof that the artifact is proprietary.	BLOCKED: vendor-load filename gap requires disposition, native build/configuration evidence, and dependency review.
msm-geni-se.ko	yes	no	other	reference_source_only	drivers/platform/msm/Makefile	-	-	no	No generic dependency conclusion is safe; inspect the candidate source, Kconfig, DTS references, firmware request paths and userspace ABI.	defer/disable	low	A public candidate is incomplete for a 6.18 vendor-load plan; do not stage a 5.10 binary or silently omit a required early-load item.	BLOCKED: first-stage filename gap requires a reviewed native 6.18 replacement and load-order evidence.
msm-mmrm.ko	no	yes	other	unmapped	-	-	-	no	No generic dependency conclusion is safe; inspect the candidate source, Kconfig, DTS references, firmware request paths and userspace ABI.	proprietary-blocked	none	No verified public source candidate was recorded by the existing contract; this is an unresolved blocker, not proof that the artifact is proprietary.	BLOCKED: vendor-load filename gap requires disposition, native build/configuration evidence, and dependency review.
msm_dma_iommu_mapping.ko	yes	no	other	reference_source_only	drivers/iommu/Makefile	-	-	no	No generic dependency conclusion is safe; inspect the candidate source, Kconfig, DTS references, firmware request paths and userspace ABI.	defer/disable	low	A public candidate is incomplete for a 6.18 vendor-load plan; do not stage a 5.10 binary or silently omit a required early-load item.	BLOCKED: first-stage filename gap requires a reviewed native 6.18 replacement and load-order evidence.
msm_drm.ko	no	yes	display_gpu	unmapped	-	-	-	no	Review display/GPU DT, regulators, clocks, IOMMU, panel and firmware/userspace ABI contracts; defer from boot-critical scope.	proprietary-blocked	none	No verified public source candidate was recorded by the existing contract; this is an unresolved blocker, not proof that the artifact is proprietary.	BLOCKED: vendor-load filename gap requires disposition, native build/configuration evidence, and dependency review.
msm_ext_display.ko	no	yes	display_gpu	reference_source_only	drivers/soc/qcom/Makefile	-	-	no	Review display/GPU DT, regulators, clocks, IOMMU, panel and firmware/userspace ABI contracts; defer from boot-critical scope.	defer/disable	low	A public candidate is incomplete for a 6.18 vendor-load plan; do not stage a 5.10 binary or silently omit a required early-load item.	BLOCKED: vendor-load filename gap requires disposition, native build/configuration evidence, and dependency review.
msm_geni_serial.ko	yes	no	other	reference_source_only	drivers/tty/serial/Makefile	-	-	no	No generic dependency conclusion is safe; inspect the candidate source, Kconfig, DTS references, firmware request paths and userspace ABI.	defer/disable	low	A public candidate is incomplete for a 6.18 vendor-load plan; do not stage a 5.10 binary or silently omit a required early-load item.	BLOCKED: first-stage filename gap requires a reviewed native 6.18 replacement and load-order evidence.
msm_kgsl.ko	no	yes	other	reference_source_only	drivers/gpu/msm/Makefile	-	-	no	No generic dependency conclusion is safe; inspect the candidate source, Kconfig, DTS references, firmware request paths and userspace ABI.	defer/disable	low	A public candidate is incomplete for a 6.18 vendor-load plan; do not stage a 5.10 binary or silently omit a required early-load item.	BLOCKED: vendor-load filename gap requires disposition, native build/configuration evidence, and dependency review.
msm_lmh_dcvs.ko	no	yes	power_clock_interconnect	reference_source_only	drivers/thermal/qcom/Makefile	-	-	no	Review PMIC/RPMh/AOP, regulator, clock, interconnect and thermal DT nodes; verify firmware ownership and sequencing where applicable.	defer/disable	low	A public candidate is incomplete for a 6.18 vendor-load plan; do not stage a 5.10 binary or silently omit a required early-load item.	BLOCKED: vendor-load filename gap requires disposition, native build/configuration evidence, and dependency review.
msm_memshare.ko	no	yes	other	reference_source_only	drivers/soc/qcom/memshare/Makefile	-	-	no	No generic dependency conclusion is safe; inspect the candidate source, Kconfig, DTS references, firmware request paths and userspace ABI.	defer/disable	low	A public candidate is incomplete for a 6.18 vendor-load plan; do not stage a 5.10 binary or silently omit a required early-load item.	BLOCKED: vendor-load filename gap requires disposition, native build/configuration evidence, and dependency review.
msm_performance.ko	no	yes	other	reference_source_only	drivers/soc/qcom/Makefile	-	-	no	No generic dependency conclusion is safe; inspect the candidate source, Kconfig, DTS references, firmware request paths and userspace ABI.	defer/disable	low	A public candidate is incomplete for a 6.18 vendor-load plan; do not stage a 5.10 binary or silently omit a required early-load item.	BLOCKED: vendor-load filename gap requires disposition, native build/configuration evidence, and dependency review.
msm_qmp.ko	yes	no	other	reference_source_only	drivers/mailbox/Makefile	-	-	no	No generic dependency conclusion is safe; inspect the candidate source, Kconfig, DTS references, firmware request paths and userspace ABI.	defer/disable	low	A public candidate is incomplete for a 6.18 vendor-load plan; do not stage a 5.10 binary or silently omit a required early-load item.	BLOCKED: first-stage filename gap requires a reviewed native 6.18 replacement and load-order evidence.
msm_rng.ko	no	yes	other	reference_source_only	drivers/char/hw_random/Makefile	-	-	no	No generic dependency conclusion is safe; inspect the candidate source, Kconfig, DTS references, firmware request paths and userspace ABI.	defer/disable	low	A public candidate is incomplete for a 6.18 vendor-load plan; do not stage a 5.10 binary or silently omit a required early-load item.	BLOCKED: vendor-load filename gap requires disposition, native build/configuration evidence, and dependency review.
msm_sharedmem.ko	no	yes	other	reference_source_only	drivers/uio/Makefile;drivers/uio/msm_sharedmem/Makefile	-	-	no	No generic dependency conclusion is safe; inspect the candidate source, Kconfig, DTS references, firmware request paths and userspace ABI.	defer/disable	low	A public candidate is incomplete for a 6.18 vendor-load plan; do not stage a 5.10 binary or silently omit a required early-load item.	BLOCKED: vendor-load filename gap requires disposition, native build/configuration evidence, and dependency review.
msm_show_epoch.ko	no	yes	other	reference_source_only	drivers/soc/qcom/Makefile	-	-	no	No generic dependency conclusion is safe; inspect the candidate source, Kconfig, DTS references, firmware request paths and userspace ABI.	defer/disable	low	A public candidate is incomplete for a 6.18 vendor-load plan; do not stage a 5.10 binary or silently omit a required early-load item.	BLOCKED: vendor-load filename gap requires disposition, native build/configuration evidence, and dependency review.
msm_show_resume_irq.ko	no	yes	other	reference_source_only	drivers/irqchip/Makefile	-	-	no	No generic dependency conclusion is safe; inspect the candidate source, Kconfig, DTS references, firmware request paths and userspace ABI.	defer/disable	low	A public candidate is incomplete for a 6.18 vendor-load plan; do not stage a 5.10 binary or silently omit a required early-load item.	BLOCKED: vendor-load filename gap requires disposition, native build/configuration evidence, and dependency review.
msm_sysstats.ko	no	yes	other	reference_source_only	kernel/Makefile	-	-	no	No generic dependency conclusion is safe; inspect the candidate source, Kconfig, DTS references, firmware request paths and userspace ABI.	defer/disable	low	A public candidate is incomplete for a 6.18 vendor-load plan; do not stage a 5.10 binary or silently omit a required early-load item.	BLOCKED: vendor-load filename gap requires disposition, native build/configuration evidence, and dependency review.
msm_video.ko	no	yes	other	unmapped	-	-	-	no	No generic dependency conclusion is safe; inspect the candidate source, Kconfig, DTS references, firmware request paths and userspace ABI.	proprietary-blocked	none	No verified public source candidate was recorded by the existing contract; this is an unresolved blocker, not proof that the artifact is proprietary.	BLOCKED: vendor-load filename gap requires disposition, native build/configuration evidence, and dependency review.
mtd.ko	no	yes	other	ack_source_candidate	arch/mips/cobalt/Makefile;drivers/Makefile;drivers/mtd/Makefile;drivers/mtd/devices/Makefile;drivers/mtd/lpddr/Makefile;drivers/mtd/tests/Makefile;drivers/net/ethernet/sfc/Makefile;drivers/net/ethernet/sfc/falcon/Makefile	arch/mips/cobalt/Makefile;drivers/Makefile;drivers/mtd/Makefile;drivers/mtd/devices/Makefile;drivers/mtd/lpddr/Makefile;drivers/mtd/tests/Makefile;drivers/net/ethernet/sfc/Makefile;drivers/net/ethernet/sfc/falcon/Makefile;drivers/net/ethernet/sfc/siena/Makefile	arch/mips/Kconfig;drivers/Kconfig;drivers/mtd/Kconfig;drivers/mtd/devices/Kconfig;drivers/mtd/lpddr/Kconfig;drivers/net/ethernet/sfc/Kconfig;drivers/net/ethernet/sfc/falcon/Kconfig;drivers/net/ethernet/sfc/siena/Kconfig	yes	No generic dependency conclusion is safe; inspect the candidate source, Kconfig, DTS references, firmware request paths and userspace ABI.	upstream	medium	Existing contract identifies an ACK candidate; native configuration, module form, KMI and load-order validation still required.	BLOCKED: vendor-load filename gap requires disposition, native build/configuration evidence, and dependency review.
mtd_blkdevs.ko	no	yes	other	ack_source_candidate	drivers/mtd/Makefile	drivers/mtd/Makefile	drivers/mtd/Kconfig	yes	No generic dependency conclusion is safe; inspect the candidate source, Kconfig, DTS references, firmware request paths and userspace ABI.	upstream	medium	Existing contract identifies an ACK candidate; native configuration, module form, KMI and load-order validation still required.	BLOCKED: vendor-load filename gap requires disposition, native build/configuration evidence, and dependency review.
mtdblock.ko	no	yes	other	ack_source_candidate	drivers/mtd/Makefile	drivers/mtd/Makefile	drivers/mtd/Kconfig	yes	No generic dependency conclusion is safe; inspect the candidate source, Kconfig, DTS references, firmware request paths and userspace ABI.	upstream	medium	Existing contract identifies an ACK candidate; native configuration, module form, KMI and load-order validation still required.	BLOCKED: vendor-load filename gap requires disposition, native build/configuration evidence, and dependency review.
mtdoops.ko	no	yes	other	ack_source_candidate	drivers/mtd/Makefile	drivers/mtd/Makefile	drivers/mtd/Kconfig	yes	No generic dependency conclusion is safe; inspect the candidate source, Kconfig, DTS references, firmware request paths and userspace ABI.	upstream	medium	Existing contract identifies an ACK candidate; native configuration, module form, KMI and load-order validation still required.	BLOCKED: vendor-load filename gap requires disposition, native build/configuration evidence, and dependency review.
nb7vpq904m.ko	no	yes	other	ack_source_candidate	-	drivers/usb/typec/mux/Makefile	drivers/usb/typec/mux/Kconfig	yes	No generic dependency conclusion is safe; inspect the candidate source, Kconfig, DTS references, firmware request paths and userspace ABI.	upstream	medium	Existing contract identifies an ACK candidate; native configuration, module form, KMI and load-order validation still required.	BLOCKED: vendor-load filename gap requires disposition, native build/configuration evidence, and dependency review.
nfc_i2c.ko	yes	no	other	reference_source_only	drivers/nfc/qti/Makefile	-	-	no	No generic dependency conclusion is safe; inspect the candidate source, Kconfig, DTS references, firmware request paths and userspace ABI.	defer/disable	low	A public candidate is incomplete for a 6.18 vendor-load plan; do not stage a 5.10 binary or silently omit a required early-load item.	BLOCKED: first-stage filename gap requires a reviewed native 6.18 replacement and load-order evidence.
nt36xxx-i2c.ko	no	yes	other	reference_source_only	drivers/input/touchscreen/nt36xxx/Makefile	-	-	no	No generic dependency conclusion is safe; inspect the candidate source, Kconfig, DTS references, firmware request paths and userspace ABI.	defer/disable	low	A public candidate is incomplete for a 6.18 vendor-load plan; do not stage a 5.10 binary or silently omit a required early-load item.	BLOCKED: vendor-load filename gap requires disposition, native build/configuration evidence, and dependency review.
nt36xxx-spi.ko	no	yes	other	reference_source_only	drivers/input/touchscreen/nt36xxx/Makefile	-	-	no	No generic dependency conclusion is safe; inspect the candidate source, Kconfig, DTS references, firmware request paths and userspace ABI.	defer/disable	low	A public candidate is incomplete for a 6.18 vendor-load plan; do not stage a 5.10 binary or silently omit a required early-load item.	BLOCKED: vendor-load filename gap requires disposition, native build/configuration evidence, and dependency review.
nvmem_qcom-spmi-sdam.ko	yes	no	other	ack_source_candidate	drivers/nvmem/Makefile	drivers/nvmem/Makefile	drivers/nvmem/Kconfig	yes	No generic dependency conclusion is safe; inspect the candidate source, Kconfig, DTS references, firmware request paths and userspace ABI.	upstream	medium	Existing contract identifies an ACK candidate; native configuration, module form, KMI and load-order validation still required.	BLOCKED: first-stage filename gap requires a reviewed native 6.18 replacement and load-order evidence.
nvmem_qfprom.ko	no	yes	other	ack_source_candidate	drivers/nvmem/Makefile	drivers/nvmem/Makefile	drivers/nvmem/Kconfig	yes	No generic dependency conclusion is safe; inspect the candidate source, Kconfig, DTS references, firmware request paths and userspace ABI.	upstream	medium	Existing contract identifies an ACK candidate; native configuration, module form, KMI and load-order validation still required.	BLOCKED: vendor-load filename gap requires disposition, native build/configuration evidence, and dependency review.
ofpart.ko	no	yes	other	ack_source_candidate	drivers/mtd/parsers/Makefile	drivers/mtd/parsers/Makefile	drivers/mtd/parsers/Kconfig	yes	No generic dependency conclusion is safe; inspect the candidate source, Kconfig, DTS references, firmware request paths and userspace ABI.	upstream	medium	Existing contract identifies an ACK candidate; native configuration, module form, KMI and load-order validation still required.	BLOCKED: vendor-load filename gap requires disposition, native build/configuration evidence, and dependency review.
panel_event_notifier.ko	no	yes	other	reference_source_only	drivers/soc/qcom/Makefile	-	-	no	No generic dependency conclusion is safe; inspect the candidate source, Kconfig, DTS references, firmware request paths and userspace ABI.	defer/disable	low	A public candidate is incomplete for a 6.18 vendor-load plan; do not stage a 5.10 binary or silently omit a required early-load item.	BLOCKED: vendor-load filename gap requires disposition, native build/configuration evidence, and dependency review.
pci-edma.ko	no	yes	other	reference_source_only	drivers/dma/qcom/Makefile	-	-	no	No generic dependency conclusion is safe; inspect the candidate source, Kconfig, DTS references, firmware request paths and userspace ABI.	defer/disable	low	A public candidate is incomplete for a 6.18 vendor-load plan; do not stage a 5.10 binary or silently omit a required early-load item.	BLOCKED: vendor-load filename gap requires disposition, native build/configuration evidence, and dependency review.
pci-msm-drv.ko	no	yes	other	reference_source_only	drivers/pci/controller/Makefile	-	-	no	No generic dependency conclusion is safe; inspect the candidate source, Kconfig, DTS references, firmware request paths and userspace ABI.	defer/disable	low	A public candidate is incomplete for a 6.18 vendor-load plan; do not stage a 5.10 binary or silently omit a required early-load item.	BLOCKED: vendor-load filename gap requires disposition, native build/configuration evidence, and dependency review.
pdr_interface.ko	no	yes	other	ack_source_candidate	drivers/soc/qcom/Makefile	drivers/soc/qcom/Makefile	drivers/soc/qcom/Kconfig	yes	No generic dependency conclusion is safe; inspect the candidate source, Kconfig, DTS references, firmware request paths and userspace ABI.	upstream	medium	Existing contract identifies an ACK candidate; native configuration, module form, KMI and load-order validation still required.	BLOCKED: vendor-load filename gap requires disposition, native build/configuration evidence, and dependency review.
phy-generic.ko	yes	no	other	ack_source_candidate	drivers/usb/phy/Makefile	drivers/usb/phy/Makefile	drivers/usb/phy/Kconfig	yes	No generic dependency conclusion is safe; inspect the candidate source, Kconfig, DTS references, firmware request paths and userspace ABI.	upstream	medium	Existing contract identifies an ACK candidate; native configuration, module form, KMI and load-order validation still required.	BLOCKED: first-stage filename gap requires a reviewed native 6.18 replacement and load-order evidence.
phy-msm-snps-eusb2.ko	no	yes	storage_usb	reference_source_only	drivers/usb/phy/Makefile	-	-	no	Review UFS/PHY/USB/PCIe DT nodes, regulators, clocks, resets, interconnects, IOMMU and any controller/PHY firmware contract.	defer/disable	low	A public candidate is incomplete for a 6.18 vendor-load plan; do not stage a 5.10 binary or silently omit a required early-load item.	BLOCKED: vendor-load filename gap requires disposition, native build/configuration evidence, and dependency review.
phy-msm-snps-hs.ko	no	yes	other	reference_source_only	drivers/usb/phy/Makefile	-	-	no	No generic dependency conclusion is safe; inspect the candidate source, Kconfig, DTS references, firmware request paths and userspace ABI.	defer/disable	low	A public candidate is incomplete for a 6.18 vendor-load plan; do not stage a 5.10 binary or silently omit a required early-load item.	BLOCKED: vendor-load filename gap requires disposition, native build/configuration evidence, and dependency review.
phy-msm-ssusb-qmp.ko	no	yes	storage_usb	reference_source_only	drivers/usb/phy/Makefile	-	-	no	Review UFS/PHY/USB/PCIe DT nodes, regulators, clocks, resets, interconnects, IOMMU and any controller/PHY firmware contract.	defer/disable	low	A public candidate is incomplete for a 6.18 vendor-load plan; do not stage a 5.10 binary or silently omit a required early-load item.	BLOCKED: vendor-load filename gap requires disposition, native build/configuration evidence, and dependency review.
phy-qcom-emu.ko	no	yes	other	reference_source_only	drivers/usb/phy/Makefile	-	-	no	No generic dependency conclusion is safe; inspect the candidate source, Kconfig, DTS references, firmware request paths and userspace ABI.	defer/disable	low	A public candidate is incomplete for a 6.18 vendor-load plan; do not stage a 5.10 binary or silently omit a required early-load item.	BLOCKED: vendor-load filename gap requires disposition, native build/configuration evidence, and dependency review.
phy-qcom-ufs-qmp-14nm.ko	no	yes	storage_usb	reference_source_only	drivers/phy/qualcomm/Makefile	-	-	no	Review UFS/PHY/USB/PCIe DT nodes, regulators, clocks, resets, interconnects, IOMMU and any controller/PHY firmware contract.	defer/disable	low	A public candidate is incomplete for a 6.18 vendor-load plan; do not stage a 5.10 binary or silently omit a required early-load item.	BLOCKED: vendor-load filename gap requires disposition, native build/configuration evidence, and dependency review.
phy-qcom-ufs-qmp-v3.ko	no	yes	storage_usb	reference_source_only	drivers/phy/qualcomm/Makefile	-	-	no	Review UFS/PHY/USB/PCIe DT nodes, regulators, clocks, resets, interconnects, IOMMU and any controller/PHY firmware contract.	defer/disable	low	A public candidate is incomplete for a 6.18 vendor-load plan; do not stage a 5.10 binary or silently omit a required early-load item.	BLOCKED: vendor-load filename gap requires disposition, native build/configuration evidence, and dependency review.
phy-qcom-ufs-qmp-v4-anarok.ko	no	yes	storage_usb	reference_source_only	drivers/phy/qualcomm/Makefile	-	-	no	Review UFS/PHY/USB/PCIe DT nodes, regulators, clocks, resets, interconnects, IOMMU and any controller/PHY firmware contract.	defer/disable	low	A public candidate is incomplete for a 6.18 vendor-load plan; do not stage a 5.10 binary or silently omit a required early-load item.	BLOCKED: vendor-load filename gap requires disposition, native build/configuration evidence, and dependency review.
phy-qcom-ufs-qmp-v4-cape.ko	yes	no	storage_usb	reference_source_only	drivers/phy/qualcomm/Makefile	-	-	no	Review UFS/PHY/USB/PCIe DT nodes, regulators, clocks, resets, interconnects, IOMMU and any controller/PHY firmware contract.	defer/disable	low	A public candidate is incomplete for a 6.18 vendor-load plan; do not stage a 5.10 binary or silently omit a required early-load item.	BLOCKED: first-stage filename gap requires a reviewed native 6.18 replacement and load-order evidence.
phy-qcom-ufs-qmp-v4-diwali.ko	yes	no	storage_usb	reference_source_only	drivers/phy/qualcomm/Makefile	-	-	no	Review UFS/PHY/USB/PCIe DT nodes, regulators, clocks, resets, interconnects, IOMMU and any controller/PHY firmware contract.	defer/disable	low	A public candidate is incomplete for a 6.18 vendor-load plan; do not stage a 5.10 binary or silently omit a required early-load item.	BLOCKED: first-stage filename gap requires a reviewed native 6.18 replacement and load-order evidence.
phy-qcom-ufs-qmp-v4-lahaina.ko	no	yes	storage_usb	reference_source_only	drivers/phy/qualcomm/Makefile	-	-	no	Review UFS/PHY/USB/PCIe DT nodes, regulators, clocks, resets, interconnects, IOMMU and any controller/PHY firmware contract.	defer/disable	low	A public candidate is incomplete for a 6.18 vendor-load plan; do not stage a 5.10 binary or silently omit a required early-load item.	BLOCKED: vendor-load filename gap requires disposition, native build/configuration evidence, and dependency review.
phy-qcom-ufs-qmp-v4-parrot.ko	no	yes	storage_usb	reference_source_only	drivers/phy/qualcomm/Makefile	-	-	no	Review UFS/PHY/USB/PCIe DT nodes, regulators, clocks, resets, interconnects, IOMMU and any controller/PHY firmware contract.	defer/disable	low	A public candidate is incomplete for a 6.18 vendor-load plan; do not stage a 5.10 binary or silently omit a required early-load item.	BLOCKED: vendor-load filename gap requires disposition, native build/configuration evidence, and dependency review.
phy-qcom-ufs-qmp-v4-waipio.ko	yes	no	storage_usb	reference_source_only	drivers/phy/qualcomm/Makefile	-	-	no	Review UFS/PHY/USB/PCIe DT nodes, regulators, clocks, resets, interconnects, IOMMU and any controller/PHY firmware contract.	defer/disable	low	A public candidate is incomplete for a 6.18 vendor-load plan; do not stage a 5.10 binary or silently omit a required early-load item.	BLOCKED: first-stage filename gap requires a reviewed native 6.18 replacement and load-order evidence.
phy-qcom-ufs.ko	yes	no	storage_usb	reference_source_only	drivers/phy/qualcomm/Makefile	-	-	no	Review UFS/PHY/USB/PCIe DT nodes, regulators, clocks, resets, interconnects, IOMMU and any controller/PHY firmware contract.	defer/disable	low	A public candidate is incomplete for a 6.18 vendor-load plan; do not stage a 5.10 binary or silently omit a required early-load item.	BLOCKED: first-stage filename gap requires a reviewed native 6.18 replacement and load-order evidence.
pinctrl-cape.ko	yes	no	other	reference_source_only	drivers/pinctrl/qcom/Makefile	-	-	no	No generic dependency conclusion is safe; inspect the candidate source, Kconfig, DTS references, firmware request paths and userspace ABI.	defer/disable	low	A public candidate is incomplete for a 6.18 vendor-load plan; do not stage a 5.10 binary or silently omit a required early-load item.	BLOCKED: first-stage filename gap requires a reviewed native 6.18 replacement and load-order evidence.
pinctrl-diwali.ko	yes	no	other	reference_source_only	drivers/pinctrl/qcom/Makefile	-	-	no	No generic dependency conclusion is safe; inspect the candidate source, Kconfig, DTS references, firmware request paths and userspace ABI.	defer/disable	low	A public candidate is incomplete for a 6.18 vendor-load plan; do not stage a 5.10 binary or silently omit a required early-load item.	BLOCKED: first-stage filename gap requires a reviewed native 6.18 replacement and load-order evidence.
pinctrl-msm.ko	yes	no	other	ack_source_candidate	drivers/pinctrl/qcom/Makefile	drivers/pinctrl/qcom/Makefile	drivers/pinctrl/qcom/Kconfig	yes	No generic dependency conclusion is safe; inspect the candidate source, Kconfig, DTS references, firmware request paths and userspace ABI.	upstream	medium	Existing contract identifies an ACK candidate; native configuration, module form, KMI and load-order validation still required.	BLOCKED: first-stage filename gap requires a reviewed native 6.18 replacement and load-order evidence.
pinctrl-spmi-gpio.ko	no	yes	other	ack_source_candidate	drivers/pinctrl/qcom/Makefile	drivers/pinctrl/qcom/Makefile	drivers/pinctrl/qcom/Kconfig	yes	No generic dependency conclusion is safe; inspect the candidate source, Kconfig, DTS references, firmware request paths and userspace ABI.	upstream	medium	Existing contract identifies an ACK candidate; native configuration, module form, KMI and load-order validation still required.	BLOCKED: vendor-load filename gap requires disposition, native build/configuration evidence, and dependency review.
pinctrl-spmi-mpp.ko	no	yes	other	ack_source_candidate	drivers/pinctrl/qcom/Makefile	drivers/pinctrl/qcom/Makefile	drivers/pinctrl/qcom/Kconfig	yes	No generic dependency conclusion is safe; inspect the candidate source, Kconfig, DTS references, firmware request paths and userspace ABI.	upstream	medium	Existing contract identifies an ACK candidate; native configuration, module form, KMI and load-order validation still required.	BLOCKED: vendor-load filename gap requires disposition, native build/configuration evidence, and dependency review.
pinctrl-waipio.ko	yes	no	other	reference_source_only	drivers/pinctrl/qcom/Makefile	-	-	no	No generic dependency conclusion is safe; inspect the candidate source, Kconfig, DTS references, firmware request paths and userspace ABI.	defer/disable	low	A public candidate is incomplete for a 6.18 vendor-load plan; do not stage a 5.10 binary or silently omit a required early-load item.	BLOCKED: first-stage filename gap requires a reviewed native 6.18 replacement and load-order evidence.
pinctrl_lpi_dlkm.ko	no	yes	other	unmapped	-	-	-	no	No generic dependency conclusion is safe; inspect the candidate source, Kconfig, DTS references, firmware request paths and userspace ABI.	proprietary-blocked	none	No verified public source candidate was recorded by the existing contract; this is an unresolved blocker, not proof that the artifact is proprietary.	BLOCKED: vendor-load filename gap requires disposition, native build/configuration evidence, and dependency review.
plh_scmi.ko	no	yes	other	reference_source_only	drivers/soc/qcom/Makefile	-	-	no	No generic dependency conclusion is safe; inspect the candidate source, Kconfig, DTS references, firmware request paths and userspace ABI.	defer/disable	low	A public candidate is incomplete for a 6.18 vendor-load plan; do not stage a 5.10 binary or silently omit a required early-load item.	BLOCKED: vendor-load filename gap requires disposition, native build/configuration evidence, and dependency review.
plh_vendor.ko	no	yes	other	reference_source_only	drivers/firmware/arm_scmi/Makefile	-	-	no	No generic dependency conclusion is safe; inspect the candidate source, Kconfig, DTS references, firmware request paths and userspace ABI.	defer/disable	low	A public candidate is incomplete for a 6.18 vendor-load plan; do not stage a 5.10 binary or silently omit a required early-load item.	BLOCKED: vendor-load filename gap requires disposition, native build/configuration evidence, and dependency review.
pm8941-pwrkey.ko	no	yes	other	ack_source_candidate	drivers/input/misc/Makefile	drivers/input/misc/Makefile	drivers/input/misc/Kconfig	yes	No generic dependency conclusion is safe; inspect the candidate source, Kconfig, DTS references, firmware request paths and userspace ABI.	upstream	medium	Existing contract identifies an ACK candidate; native configuration, module form, KMI and load-order validation still required.	BLOCKED: vendor-load filename gap requires disposition, native build/configuration evidence, and dependency review.
pmic-pon-log.ko	no	yes	power_clock_interconnect	reference_source_only	drivers/soc/qcom/Makefile	-	-	no	Review PMIC/RPMh/AOP, regulator, clock, interconnect and thermal DT nodes; verify firmware ownership and sequencing where applicable.	defer/disable	low	A public candidate is incomplete for a 6.18 vendor-load plan; do not stage a 5.10 binary or silently omit a required early-load item.	BLOCKED: vendor-load filename gap requires disposition, native build/configuration evidence, and dependency review.
pmic_glink.ko	no	yes	power_clock_interconnect	ack_source_candidate	drivers/soc/qcom/Makefile	drivers/soc/qcom/Makefile	drivers/soc/qcom/Kconfig	yes	Review PMIC/RPMh/AOP, regulator, clock, interconnect and thermal DT nodes; verify firmware ownership and sequencing where applicable.	upstream	medium	Existing contract identifies an ACK candidate; native configuration, module form, KMI and load-order validation still required.	BLOCKED: vendor-load filename gap requires disposition, native build/configuration evidence, and dependency review.
pmu_scmi.ko	yes	no	other	reference_source_only	drivers/soc/qcom/dcvs/Makefile	-	-	no	No generic dependency conclusion is safe; inspect the candidate source, Kconfig, DTS references, firmware request paths and userspace ABI.	defer/disable	low	A public candidate is incomplete for a 6.18 vendor-load plan; do not stage a 5.10 binary or silently omit a required early-load item.	BLOCKED: first-stage filename gap requires a reviewed native 6.18 replacement and load-order evidence.
pmu_vendor.ko	yes	no	other	reference_source_only	drivers/firmware/arm_scmi/Makefile	-	-	no	No generic dependency conclusion is safe; inspect the candidate source, Kconfig, DTS references, firmware request paths and userspace ABI.	defer/disable	low	A public candidate is incomplete for a 6.18 vendor-load plan; do not stage a 5.10 binary or silently omit a required early-load item.	BLOCKED: first-stage filename gap requires a reviewed native 6.18 replacement and load-order evidence.
policy_engine.ko	no	yes	other	reference_source_only	drivers/thermal/qcom/Makefile;drivers/usb/pd/Makefile	-	-	no	No generic dependency conclusion is safe; inspect the candidate source, Kconfig, DTS references, firmware request paths and userspace ABI.	defer/disable	low	A public candidate is incomplete for a 6.18 vendor-load plan; do not stage a 5.10 binary or silently omit a required early-load item.	BLOCKED: vendor-load filename gap requires disposition, native build/configuration evidence, and dependency review.
proxy-consumer.ko	yes	no	other	reference_source_only	drivers/regulator/Makefile	-	-	no	No generic dependency conclusion is safe; inspect the candidate source, Kconfig, DTS references, firmware request paths and userspace ABI.	defer/disable	low	A public candidate is incomplete for a 6.18 vendor-load plan; do not stage a 5.10 binary or silently omit a required early-load item.	BLOCKED: first-stage filename gap requires a reviewed native 6.18 replacement and load-order evidence.
pwm-qti-lpg.ko	no	yes	other	reference_source_only	drivers/pwm/Makefile	-	-	no	No generic dependency conclusion is safe; inspect the candidate source, Kconfig, DTS references, firmware request paths and userspace ABI.	defer/disable	low	A public candidate is incomplete for a 6.18 vendor-load plan; do not stage a 5.10 binary or silently omit a required early-load item.	BLOCKED: vendor-load filename gap requires disposition, native build/configuration evidence, and dependency review.
q6_dlkm.ko	no	yes	qcom_vendor	unmapped	-	-	-	no	Review SMEM, mailbox, interrupt, remoteproc and reserved-memory DT contracts; firmware plus userspace ABI is normally required.	proprietary-blocked	none	No verified public source candidate was recorded by the existing contract; this is an unresolved blocker, not proof that the artifact is proprietary.	BLOCKED: vendor-load filename gap requires disposition, native build/configuration evidence, and dependency review.
q6_notifier_dlkm.ko	no	yes	qcom_vendor	unmapped	-	-	-	no	Review SMEM, mailbox, interrupt, remoteproc and reserved-memory DT contracts; firmware plus userspace ABI is normally required.	proprietary-blocked	none	No verified public source candidate was recorded by the existing contract; this is an unresolved blocker, not proof that the artifact is proprietary.	BLOCKED: vendor-load filename gap requires disposition, native build/configuration evidence, and dependency review.
q6_pdr_dlkm.ko	no	yes	qcom_vendor	unmapped	-	-	-	no	Review SMEM, mailbox, interrupt, remoteproc and reserved-memory DT contracts; firmware plus userspace ABI is normally required.	proprietary-blocked	none	No verified public source candidate was recorded by the existing contract; this is an unresolved blocker, not proof that the artifact is proprietary.	BLOCKED: vendor-load filename gap requires disposition, native build/configuration evidence, and dependency review.
qbt_handler.ko	no	yes	other	reference_source_only	drivers/soc/qcom/Makefile	-	-	no	No generic dependency conclusion is safe; inspect the candidate source, Kconfig, DTS references, firmware request paths and userspace ABI.	defer/disable	low	A public candidate is incomplete for a 6.18 vendor-load plan; do not stage a 5.10 binary or silently omit a required early-load item.	BLOCKED: vendor-load filename gap requires disposition, native build/configuration evidence, and dependency review.
qca_cld3_qca6490.ko	no	yes	other	unmapped	-	-	-	no	No generic dependency conclusion is safe; inspect the candidate source, Kconfig, DTS references, firmware request paths and userspace ABI.	proprietary-blocked	none	No verified public source candidate was recorded by the existing contract; this is an unresolved blocker, not proof that the artifact is proprietary.	BLOCKED: vendor-load filename gap requires disposition, native build/configuration evidence, and dependency review.
qca_cld3_qca6750.ko	no	yes	other	unmapped	-	-	-	no	No generic dependency conclusion is safe; inspect the candidate source, Kconfig, DTS references, firmware request paths and userspace ABI.	proprietary-blocked	none	No verified public source candidate was recorded by the existing contract; this is an unresolved blocker, not proof that the artifact is proprietary.	BLOCKED: vendor-load filename gap requires disposition, native build/configuration evidence, and dependency review.
qce50.ko	no	yes	other	reference_source_only	drivers/crypto/msm/Makefile	-	-	no	No generic dependency conclusion is safe; inspect the candidate source, Kconfig, DTS references, firmware request paths and userspace ABI.	defer/disable	low	A public candidate is incomplete for a 6.18 vendor-load plan; do not stage a 5.10 binary or silently omit a required early-load item.	BLOCKED: vendor-load filename gap requires disposition, native build/configuration evidence, and dependency review.
qcedev-mod.ko	no	yes	other	reference_source_only	drivers/crypto/msm/Makefile	-	-	no	No generic dependency conclusion is safe; inspect the candidate source, Kconfig, DTS references, firmware request paths and userspace ABI.	defer/disable	low	A public candidate is incomplete for a 6.18 vendor-load plan; do not stage a 5.10 binary or silently omit a required early-load item.	BLOCKED: vendor-load filename gap requires disposition, native build/configuration evidence, and dependency review.
qcom-cpufreq-hw-debug.ko	no	yes	other	reference_source_only	drivers/cpufreq/Makefile	-	-	no	No generic dependency conclusion is safe; inspect the candidate source, Kconfig, DTS references, firmware request paths and userspace ABI.	defer/disable	low	A public candidate is incomplete for a 6.18 vendor-load plan; do not stage a 5.10 binary or silently omit a required early-load item.	BLOCKED: vendor-load filename gap requires disposition, native build/configuration evidence, and dependency review.
qcom-cpufreq-hw.ko	yes	no	other	ack_source_candidate	drivers/cpufreq/Makefile	drivers/cpufreq/Makefile	drivers/cpufreq/Kconfig	yes	No generic dependency conclusion is safe; inspect the candidate source, Kconfig, DTS references, firmware request paths and userspace ABI.	upstream	medium	Existing contract identifies an ACK candidate; native configuration, module form, KMI and load-order validation still required.	BLOCKED: first-stage filename gap requires a reviewed native 6.18 replacement and load-order evidence.
qcom-dcvs.ko	yes	no	power_clock_interconnect	reference_source_only	drivers/soc/qcom/dcvs/Makefile	-	-	no	Review PMIC/RPMh/AOP, regulator, clock, interconnect and thermal DT nodes; verify firmware ownership and sequencing where applicable.	defer/disable	low	A public candidate is incomplete for a 6.18 vendor-load plan; do not stage a 5.10 binary or silently omit a required early-load item.	BLOCKED: first-stage filename gap requires a reviewed native 6.18 replacement and load-order evidence.
qcom-dload-mode.ko	yes	no	other	reference_source_only	drivers/power/reset/Makefile	-	-	no	No generic dependency conclusion is safe; inspect the candidate source, Kconfig, DTS references, firmware request paths and userspace ABI.	defer/disable	low	A public candidate is incomplete for a 6.18 vendor-load plan; do not stage a 5.10 binary or silently omit a required early-load item.	BLOCKED: first-stage filename gap requires a reviewed native 6.18 replacement and load-order evidence.
qcom-hv-haptics.ko	no	yes	touch_biometrics	reference_source_only	drivers/input/misc/Makefile	-	-	no	Review input/bus/IRQ/regulator DT contracts and proprietary HAL/TEE implications; defer unless an early-boot dependency is evidenced.	defer/disable	low	A public candidate is incomplete for a 6.18 vendor-load plan; do not stage a 5.10 binary or silently omit a required early-load item.	BLOCKED: vendor-load filename gap requires disposition, native build/configuration evidence, and dependency review.
qcom-i2c-pmic.ko	no	yes	power_clock_interconnect	reference_source_only	drivers/mfd/Makefile	-	-	no	Review PMIC/RPMh/AOP, regulator, clock, interconnect and thermal DT nodes; verify firmware ownership and sequencing where applicable.	defer/disable	low	A public candidate is incomplete for a 6.18 vendor-load plan; do not stage a 5.10 binary or silently omit a required early-load item.	BLOCKED: vendor-load filename gap requires disposition, native build/configuration evidence, and dependency review.
qcom-pdc.ko	yes	no	other	ack_source_candidate	drivers/irqchip/Makefile	drivers/irqchip/Makefile	drivers/irqchip/Kconfig	yes	No generic dependency conclusion is safe; inspect the candidate source, Kconfig, DTS references, firmware request paths and userspace ABI.	upstream	medium	Existing contract identifies an ACK candidate; native configuration, module form, KMI and load-order validation still required.	BLOCKED: first-stage filename gap requires a reviewed native 6.18 replacement and load-order evidence.
qcom-pmu-lib.ko	yes	no	other	reference_source_only	drivers/soc/qcom/dcvs/Makefile	-	-	no	No generic dependency conclusion is safe; inspect the candidate source, Kconfig, DTS references, firmware request paths and userspace ABI.	defer/disable	low	A public candidate is incomplete for a 6.18 vendor-load plan; do not stage a 5.10 binary or silently omit a required early-load item.	BLOCKED: first-stage filename gap requires a reviewed native 6.18 replacement and load-order evidence.
qcom-pon.ko	no	yes	other	ack_source_candidate	drivers/power/reset/Makefile	drivers/power/reset/Makefile	drivers/power/reset/Kconfig	yes	No generic dependency conclusion is safe; inspect the candidate source, Kconfig, DTS references, firmware request paths and userspace ABI.	upstream	medium	Existing contract identifies an ACK candidate; native configuration, module form, KMI and load-order validation still required.	BLOCKED: vendor-load filename gap requires disposition, native build/configuration evidence, and dependency review.
qcom-reboot-reason.ko	yes	no	other	reference_source_only	drivers/power/reset/Makefile	-	-	no	No generic dependency conclusion is safe; inspect the candidate source, Kconfig, DTS references, firmware request paths and userspace ABI.	defer/disable	low	A public candidate is incomplete for a 6.18 vendor-load plan; do not stage a 5.10 binary or silently omit a required early-load item.	BLOCKED: first-stage filename gap requires a reviewed native 6.18 replacement and load-order evidence.
qcom-scm.ko	yes	no	other	built_6_18_builtin	drivers/firmware/Makefile	drivers/firmware/qcom/Makefile	drivers/firmware/qcom/Kconfig	yes	No generic dependency conclusion is safe; inspect the candidate source, Kconfig, DTS references, firmware request paths and userspace ABI.	defer/disable	low	A public candidate is incomplete for a 6.18 vendor-load plan; do not stage a 5.10 binary or silently omit a required early-load item.	BLOCKED: first-stage filename gap requires a reviewed native 6.18 replacement and load-order evidence.
qcom-spmi-adc5.ko	no	yes	other	built_6_18_builtin	drivers/iio/adc/Makefile	drivers/iio/adc/Makefile	drivers/iio/adc/Kconfig	yes	No generic dependency conclusion is safe; inspect the candidate source, Kconfig, DTS references, firmware request paths and userspace ABI.	defer/disable	low	A public candidate is incomplete for a 6.18 vendor-load plan; do not stage a 5.10 binary or silently omit a required early-load item.	BLOCKED: vendor-load filename gap requires disposition, native build/configuration evidence, and dependency review.
qcom-spmi-pmic.ko	yes	no	power_clock_interconnect	ack_source_candidate	drivers/mfd/Makefile	drivers/mfd/Makefile	drivers/mfd/Kconfig	yes	Review PMIC/RPMh/AOP, regulator, clock, interconnect and thermal DT nodes; verify firmware ownership and sequencing where applicable.	upstream	medium	Existing contract identifies an ACK candidate; native configuration, module form, KMI and load-order validation still required.	BLOCKED: first-stage filename gap requires a reviewed native 6.18 replacement and load-order evidence.
qcom-spmi-temp-alarm.ko	no	yes	other	ack_source_candidate	drivers/thermal/qcom/Makefile	drivers/thermal/qcom/Makefile	drivers/thermal/qcom/Kconfig	yes	No generic dependency conclusion is safe; inspect the candidate source, Kconfig, DTS references, firmware request paths and userspace ABI.	upstream	medium	Existing contract identifies an ACK candidate; native configuration, module form, KMI and load-order validation still required.	BLOCKED: vendor-load filename gap requires disposition, native build/configuration evidence, and dependency review.
qcom-vadc-common.ko	no	yes	other	built_6_18_builtin	drivers/iio/adc/Makefile	drivers/iio/adc/Makefile	drivers/iio/adc/Kconfig	yes	No generic dependency conclusion is safe; inspect the candidate source, Kconfig, DTS references, firmware request paths and userspace ABI.	defer/disable	low	A public candidate is incomplete for a 6.18 vendor-load plan; do not stage a 5.10 binary or silently omit a required early-load item.	BLOCKED: vendor-load filename gap requires disposition, native build/configuration evidence, and dependency review.
qcom_aoss.ko	yes	no	other	ack_source_candidate	drivers/soc/qcom/Makefile	drivers/soc/qcom/Makefile	drivers/soc/qcom/Kconfig	yes	No generic dependency conclusion is safe; inspect the candidate source, Kconfig, DTS references, firmware request paths and userspace ABI.	upstream	medium	Existing contract identifies an ACK candidate; native configuration, module form, KMI and load-order validation still required.	BLOCKED: first-stage filename gap requires a reviewed native 6.18 replacement and load-order evidence.
qcom_cpu_vendor_hooks.ko	yes	no	other	reference_source_only	drivers/soc/qcom/Makefile	-	-	no	No generic dependency conclusion is safe; inspect the candidate source, Kconfig, DTS references, firmware request paths and userspace ABI.	defer/disable	low	A public candidate is incomplete for a 6.18 vendor-load plan; do not stage a 5.10 binary or silently omit a required early-load item.	BLOCKED: first-stage filename gap requires a reviewed native 6.18 replacement and load-order evidence.
qcom_dma_heaps.ko	yes	no	other	reference_source_only	drivers/dma-buf/heaps/Makefile	-	-	no	No generic dependency conclusion is safe; inspect the candidate source, Kconfig, DTS references, firmware request paths and userspace ABI.	defer/disable	low	A public candidate is incomplete for a 6.18 vendor-load plan; do not stage a 5.10 binary or silently omit a required early-load item.	BLOCKED: first-stage filename gap requires a reviewed native 6.18 replacement and load-order evidence.
qcom_edac.ko	no	yes	other	ack_source_candidate	drivers/edac/Makefile	drivers/edac/Makefile	drivers/edac/Kconfig	yes	No generic dependency conclusion is safe; inspect the candidate source, Kconfig, DTS references, firmware request paths and userspace ABI.	upstream	medium	Existing contract identifies an ACK candidate; native configuration, module form, KMI and load-order validation still required.	BLOCKED: vendor-load filename gap requires disposition, native build/configuration evidence, and dependency review.
qcom_esoc.ko	no	yes	other	reference_source_only	drivers/remoteproc/Makefile	-	-	no	No generic dependency conclusion is safe; inspect the candidate source, Kconfig, DTS references, firmware request paths and userspace ABI.	defer/disable	low	A public candidate is incomplete for a 6.18 vendor-load plan; do not stage a 5.10 binary or silently omit a required early-load item.	BLOCKED: vendor-load filename gap requires disposition, native build/configuration evidence, and dependency review.
qcom_gic_intr_routing.ko	yes	no	other	reference_source_only	drivers/soc/qcom/Makefile	-	-	no	No generic dependency conclusion is safe; inspect the candidate source, Kconfig, DTS references, firmware request paths and userspace ABI.	defer/disable	low	A public candidate is incomplete for a 6.18 vendor-load plan; do not stage a 5.10 binary or silently omit a required early-load item.	BLOCKED: first-stage filename gap requires a reviewed native 6.18 replacement and load-order evidence.
qcom_glink.ko	no	yes	qcom_vendor	ack_source_candidate	drivers/rpmsg/Makefile	drivers/rpmsg/Makefile	drivers/rpmsg/Kconfig	yes	Review SMEM, mailbox, interrupt, remoteproc and reserved-memory DT contracts; firmware plus userspace ABI is normally required.	upstream	medium	Existing contract identifies an ACK candidate; native configuration, module form, KMI and load-order validation still required.	BLOCKED: vendor-load filename gap requires disposition, native build/configuration evidence, and dependency review.
qcom_glink_smem.ko	no	yes	qcom_vendor	ack_source_candidate	drivers/rpmsg/Makefile	drivers/rpmsg/Makefile	drivers/rpmsg/Kconfig	yes	Review SMEM, mailbox, interrupt, remoteproc and reserved-memory DT contracts; firmware plus userspace ABI is normally required.	upstream	medium	Existing contract identifies an ACK candidate; native configuration, module form, KMI and load-order validation still required.	BLOCKED: vendor-load filename gap requires disposition, native build/configuration evidence, and dependency review.
qcom_hwspinlock.ko	yes	no	other	ack_source_candidate	drivers/hwspinlock/Makefile	drivers/hwspinlock/Makefile	drivers/hwspinlock/Kconfig	yes	No generic dependency conclusion is safe; inspect the candidate source, Kconfig, DTS references, firmware request paths and userspace ABI.	upstream	medium	Existing contract identifies an ACK candidate; native configuration, module form, KMI and load-order validation still required.	BLOCKED: first-stage filename gap requires a reviewed native 6.18 replacement and load-order evidence.
qcom_iommu_util.ko	yes	no	other	reference_source_only	drivers/iommu/Makefile	-	-	no	No generic dependency conclusion is safe; inspect the candidate source, Kconfig, DTS references, firmware request paths and userspace ABI.	defer/disable	low	A public candidate is incomplete for a 6.18 vendor-load plan; do not stage a 5.10 binary or silently omit a required early-load item.	BLOCKED: first-stage filename gap requires a reviewed native 6.18 replacement and load-order evidence.
qcom_ipc_lite.ko	no	yes	other	reference_source_only	drivers/media/platform/msm/synx/Makefile	-	-	no	No generic dependency conclusion is safe; inspect the candidate source, Kconfig, DTS references, firmware request paths and userspace ABI.	defer/disable	low	A public candidate is incomplete for a 6.18 vendor-load plan; do not stage a 5.10 binary or silently omit a required early-load item.	BLOCKED: vendor-load filename gap requires disposition, native build/configuration evidence, and dependency review.
qcom_ipcc.ko	yes	no	other	reference_source_only	drivers/soc/qcom/Makefile	-	-	no	No generic dependency conclusion is safe; inspect the candidate source, Kconfig, DTS references, firmware request paths and userspace ABI.	defer/disable	low	A public candidate is incomplete for a 6.18 vendor-load plan; do not stage a 5.10 binary or silently omit a required early-load item.	BLOCKED: first-stage filename gap requires a reviewed native 6.18 replacement and load-order evidence.
qcom_llcc_pmu.ko	yes	no	other	reference_source_only	drivers/perf/Makefile	-	-	no	No generic dependency conclusion is safe; inspect the candidate source, Kconfig, DTS references, firmware request paths and userspace ABI.	defer/disable	low	A public candidate is incomplete for a 6.18 vendor-load plan; do not stage a 5.10 binary or silently omit a required early-load item.	BLOCKED: first-stage filename gap requires a reviewed native 6.18 replacement and load-order evidence.
qcom_logbuf_vendor_hooks.ko	no	yes	other	reference_source_only	drivers/soc/qcom/Makefile	-	-	no	No generic dependency conclusion is safe; inspect the candidate source, Kconfig, DTS references, firmware request paths and userspace ABI.	defer/disable	low	A public candidate is incomplete for a 6.18 vendor-load plan; do not stage a 5.10 binary or silently omit a required early-load item.	BLOCKED: vendor-load filename gap requires disposition, native build/configuration evidence, and dependency review.
qcom_lpm.ko	no	yes	other	reference_source_only	drivers/cpuidle/governors/Makefile	-	-	no	No generic dependency conclusion is safe; inspect the candidate source, Kconfig, DTS references, firmware request paths and userspace ABI.	defer/disable	low	A public candidate is incomplete for a 6.18 vendor-load plan; do not stage a 5.10 binary or silently omit a required early-load item.	BLOCKED: vendor-load filename gap requires disposition, native build/configuration evidence, and dependency review.
qcom_pil_info.ko	no	yes	other	ack_source_candidate	drivers/remoteproc/Makefile	drivers/remoteproc/Makefile	drivers/remoteproc/Kconfig	yes	No generic dependency conclusion is safe; inspect the candidate source, Kconfig, DTS references, firmware request paths and userspace ABI.	upstream	medium	Existing contract identifies an ACK candidate; native configuration, module form, KMI and load-order validation still required.	BLOCKED: vendor-load filename gap requires disposition, native build/configuration evidence, and dependency review.
qcom_pm8008-regulator.ko	no	yes	power_clock_interconnect	reference_source_only	drivers/regulator/Makefile	-	-	no	Review PMIC/RPMh/AOP, regulator, clock, interconnect and thermal DT nodes; verify firmware ownership and sequencing where applicable.	defer/disable	low	A public candidate is incomplete for a 6.18 vendor-load plan; do not stage a 5.10 binary or silently omit a required early-load item.	BLOCKED: vendor-load filename gap requires disposition, native build/configuration evidence, and dependency review.
qcom_q6v5.ko	no	yes	storage_usb	ack_source_candidate	drivers/remoteproc/Makefile	drivers/remoteproc/Makefile	drivers/remoteproc/Kconfig	yes	Review UFS/PHY/USB/PCIe DT nodes, regulators, clocks, resets, interconnects, IOMMU and any controller/PHY firmware contract.	upstream	medium	Existing contract identifies an ACK candidate; native configuration, module form, KMI and load-order validation still required.	BLOCKED: vendor-load filename gap requires disposition, native build/configuration evidence, and dependency review.
qcom_q6v5_pas.ko	no	yes	storage_usb	ack_source_candidate	drivers/remoteproc/Makefile	drivers/remoteproc/Makefile	drivers/remoteproc/Kconfig	yes	Review UFS/PHY/USB/PCIe DT nodes, regulators, clocks, resets, interconnects, IOMMU and any controller/PHY firmware contract.	upstream	medium	Existing contract identifies an ACK candidate; native configuration, module form, KMI and load-order validation still required.	BLOCKED: vendor-load filename gap requires disposition, native build/configuration evidence, and dependency review.
qcom_ramdump.ko	no	yes	other	reference_source_only	drivers/soc/qcom/Makefile	-	-	no	No generic dependency conclusion is safe; inspect the candidate source, Kconfig, DTS references, firmware request paths and userspace ABI.	defer/disable	low	A public candidate is incomplete for a 6.18 vendor-load plan; do not stage a 5.10 binary or silently omit a required early-load item.	BLOCKED: vendor-load filename gap requires disposition, native build/configuration evidence, and dependency review.
qcom_rimps.ko	yes	no	other	reference_source_only	drivers/soc/qcom/Makefile	-	-	no	No generic dependency conclusion is safe; inspect the candidate source, Kconfig, DTS references, firmware request paths and userspace ABI.	defer/disable	low	A public candidate is incomplete for a 6.18 vendor-load plan; do not stage a 5.10 binary or silently omit a required early-load item.	BLOCKED: first-stage filename gap requires a reviewed native 6.18 replacement and load-order evidence.
qcom_rpmh.ko	yes	no	power_clock_interconnect	built_6_18_builtin	drivers/soc/qcom/Makefile	drivers/soc/qcom/Makefile	drivers/soc/qcom/Kconfig	yes	Review PMIC/RPMh/AOP, regulator, clock, interconnect and thermal DT nodes; verify firmware ownership and sequencing where applicable.	defer/disable	low	A public candidate is incomplete for a 6.18 vendor-load plan; do not stage a 5.10 binary or silently omit a required early-load item.	BLOCKED: first-stage filename gap requires a reviewed native 6.18 replacement and load-order evidence.
qcom_smd.ko	no	yes	other	ack_source_candidate	drivers/regulator/Makefile;drivers/rpmsg/Makefile	drivers/regulator/Makefile;drivers/rpmsg/Makefile	drivers/regulator/Kconfig;drivers/rpmsg/Kconfig	yes	No generic dependency conclusion is safe; inspect the candidate source, Kconfig, DTS references, firmware request paths and userspace ABI.	upstream	medium	Existing contract identifies an ACK candidate; native configuration, module form, KMI and load-order validation still required.	BLOCKED: vendor-load filename gap requires disposition, native build/configuration evidence, and dependency review.
qcom_soc_wdt.ko	no	yes	other	reference_source_only	drivers/soc/qcom/Makefile	-	-	no	No generic dependency conclusion is safe; inspect the candidate source, Kconfig, DTS references, firmware request paths and userspace ABI.	defer/disable	low	A public candidate is incomplete for a 6.18 vendor-load plan; do not stage a 5.10 binary or silently omit a required early-load item.	BLOCKED: vendor-load filename gap requires disposition, native build/configuration evidence, and dependency review.
qcom_sync_file.ko	no	yes	other	reference_source_only	drivers/soc/qcom/sync_fence/Makefile	-	-	no	No generic dependency conclusion is safe; inspect the candidate source, Kconfig, DTS references, firmware request paths and userspace ABI.	defer/disable	low	A public candidate is incomplete for a 6.18 vendor-load plan; do not stage a 5.10 binary or silently omit a required early-load item.	BLOCKED: vendor-load filename gap requires disposition, native build/configuration evidence, and dependency review.
qcom_sysmon.ko	no	yes	other	ack_source_candidate	drivers/remoteproc/Makefile	drivers/remoteproc/Makefile	drivers/remoteproc/Kconfig	yes	No generic dependency conclusion is safe; inspect the candidate source, Kconfig, DTS references, firmware request paths and userspace ABI.	upstream	medium	Existing contract identifies an ACK candidate; native configuration, module form, KMI and load-order validation still required.	BLOCKED: vendor-load filename gap requires disposition, native build/configuration evidence, and dependency review.
qcom_tsens.ko	yes	no	other	ack_source_candidate	drivers/thermal/qcom/Makefile	drivers/thermal/qcom/Makefile	drivers/thermal/qcom/Kconfig	yes	No generic dependency conclusion is safe; inspect the candidate source, Kconfig, DTS references, firmware request paths and userspace ABI.	upstream	medium	Existing contract identifies an ACK candidate; native configuration, module form, KMI and load-order validation still required.	BLOCKED: first-stage filename gap requires a reviewed native 6.18 replacement and load-order evidence.
qcom_wdt_core.ko	yes	no	other	reference_source_only	drivers/soc/qcom/Makefile	-	-	no	No generic dependency conclusion is safe; inspect the candidate source, Kconfig, DTS references, firmware request paths and userspace ABI.	defer/disable	low	A public candidate is incomplete for a 6.18 vendor-load plan; do not stage a 5.10 binary or silently omit a required early-load item.	BLOCKED: first-stage filename gap requires a reviewed native 6.18 replacement and load-order evidence.
qdss_bridge.ko	no	yes	other	reference_source_only	drivers/soc/qcom/Makefile	-	-	no	No generic dependency conclusion is safe; inspect the candidate source, Kconfig, DTS references, firmware request paths and userspace ABI.	defer/disable	low	A public candidate is incomplete for a 6.18 vendor-load plan; do not stage a 5.10 binary or silently omit a required early-load item.	BLOCKED: vendor-load filename gap requires disposition, native build/configuration evidence, and dependency review.
qfprom-sys.ko	no	yes	other	reference_source_only	drivers/soc/qcom/Makefile	-	-	no	No generic dependency conclusion is safe; inspect the candidate source, Kconfig, DTS references, firmware request paths and userspace ABI.	defer/disable	low	A public candidate is incomplete for a 6.18 vendor-load plan; do not stage a 5.10 binary or silently omit a required early-load item.	BLOCKED: vendor-load filename gap requires disposition, native build/configuration evidence, and dependency review.
qmi_helpers.ko	no	yes	qcom_vendor	ack_source_candidate	drivers/soc/qcom/Makefile	drivers/soc/qcom/Makefile	drivers/soc/qcom/Kconfig	yes	Review SMEM, mailbox, interrupt, remoteproc and reserved-memory DT contracts; firmware plus userspace ABI is normally required.	upstream	medium	Existing contract identifies an ACK candidate; native configuration, module form, KMI and load-order validation still required.	BLOCKED: vendor-load filename gap requires disposition, native build/configuration evidence, and dependency review.
qnoc-diwali.ko	yes	no	other	reference_source_only	drivers/interconnect/qcom/Makefile	-	-	no	No generic dependency conclusion is safe; inspect the candidate source, Kconfig, DTS references, firmware request paths and userspace ABI.	defer/disable	low	A public candidate is incomplete for a 6.18 vendor-load plan; do not stage a 5.10 binary or silently omit a required early-load item.	BLOCKED: first-stage filename gap requires a reviewed native 6.18 replacement and load-order evidence.
qnoc-parrot.ko	no	yes	other	reference_source_only	drivers/interconnect/qcom/Makefile	-	-	no	No generic dependency conclusion is safe; inspect the candidate source, Kconfig, DTS references, firmware request paths and userspace ABI.	defer/disable	low	A public candidate is incomplete for a 6.18 vendor-load plan; do not stage a 5.10 binary or silently omit a required early-load item.	BLOCKED: vendor-load filename gap requires disposition, native build/configuration evidence, and dependency review.
qnoc-qos.ko	yes	no	other	reference_source_only	drivers/interconnect/qcom/Makefile	-	-	no	No generic dependency conclusion is safe; inspect the candidate source, Kconfig, DTS references, firmware request paths and userspace ABI.	defer/disable	low	A public candidate is incomplete for a 6.18 vendor-load plan; do not stage a 5.10 binary or silently omit a required early-load item.	BLOCKED: first-stage filename gap requires a reviewed native 6.18 replacement and load-order evidence.
qnoc-waipio.ko	yes	no	other	reference_source_only	drivers/interconnect/qcom/Makefile	-	-	no	No generic dependency conclusion is safe; inspect the candidate source, Kconfig, DTS references, firmware request paths and userspace ABI.	defer/disable	low	A public candidate is incomplete for a 6.18 vendor-load plan; do not stage a 5.10 binary or silently omit a required early-load item.	BLOCKED: first-stage filename gap requires a reviewed native 6.18 replacement and load-order evidence.
qpnp-amoled-regulator.ko	no	yes	power_clock_interconnect	reference_source_only	drivers/regulator/Makefile	-	-	no	Review PMIC/RPMh/AOP, regulator, clock, interconnect and thermal DT nodes; verify firmware ownership and sequencing where applicable.	defer/disable	low	A public candidate is incomplete for a 6.18 vendor-load plan; do not stage a 5.10 binary or silently omit a required early-load item.	BLOCKED: vendor-load filename gap requires disposition, native build/configuration evidence, and dependency review.
qpnp-pbs.ko	no	yes	other	reference_source_only	drivers/soc/qcom/Makefile	-	-	no	No generic dependency conclusion is safe; inspect the candidate source, Kconfig, DTS references, firmware request paths and userspace ABI.	defer/disable	low	A public candidate is incomplete for a 6.18 vendor-load plan; do not stage a 5.10 binary or silently omit a required early-load item.	BLOCKED: vendor-load filename gap requires disposition, native build/configuration evidence, and dependency review.
qrtr-gunyah.ko	no	yes	qcom_vendor	reference_source_only	net/qrtr/Makefile	-	-	no	Review SMEM, mailbox, interrupt, remoteproc and reserved-memory DT contracts; firmware plus userspace ABI is normally required.	defer/disable	low	A public candidate is incomplete for a 6.18 vendor-load plan; do not stage a 5.10 binary or silently omit a required early-load item.	BLOCKED: vendor-load filename gap requires disposition, native build/configuration evidence, and dependency review.
qrtr-mhi.ko	no	yes	qcom_vendor	ack_source_candidate	net/qrtr/Makefile	net/qrtr/Makefile	net/qrtr/Kconfig	yes	Review SMEM, mailbox, interrupt, remoteproc and reserved-memory DT contracts; firmware plus userspace ABI is normally required.	upstream	medium	Existing contract identifies an ACK candidate; native configuration, module form, KMI and load-order validation still required.	BLOCKED: vendor-load filename gap requires disposition, native build/configuration evidence, and dependency review.
qrtr-smd.ko	no	yes	qcom_vendor	ack_source_candidate	net/qrtr/Makefile	net/qrtr/Makefile	net/qrtr/Kconfig	yes	Review SMEM, mailbox, interrupt, remoteproc and reserved-memory DT contracts; firmware plus userspace ABI is normally required.	upstream	medium	Existing contract identifies an ACK candidate; native configuration, module form, KMI and load-order validation still required.	BLOCKED: vendor-load filename gap requires disposition, native build/configuration evidence, and dependency review.
qrtr.ko	yes	no	qcom_vendor	ack_source_candidate	net/Makefile;net/qrtr/Makefile	net/Makefile;net/qrtr/Makefile	net/Kconfig;net/qrtr/Kconfig	yes	Review SMEM, mailbox, interrupt, remoteproc and reserved-memory DT contracts; firmware plus userspace ABI is normally required.	upstream	medium	Existing contract identifies an ACK candidate; native configuration, module form, KMI and load-order validation still required.	BLOCKED: first-stage filename gap requires a reviewed native 6.18 replacement and load-order evidence.
qsee_ipc_irq_bridge.ko	no	yes	other	reference_source_only	drivers/soc/qcom/Makefile	-	-	no	No generic dependency conclusion is safe; inspect the candidate source, Kconfig, DTS references, firmware request paths and userspace ABI.	defer/disable	low	A public candidate is incomplete for a 6.18 vendor-load plan; do not stage a 5.10 binary or silently omit a required early-load item.	BLOCKED: vendor-load filename gap requires disposition, native build/configuration evidence, and dependency review.
qseecom-mod.ko	no	yes	other	reference_source_only	drivers/misc/Makefile	-	-	no	No generic dependency conclusion is safe; inspect the candidate source, Kconfig, DTS references, firmware request paths and userspace ABI.	defer/disable	low	A public candidate is incomplete for a 6.18 vendor-load plan; do not stage a 5.10 binary or silently omit a required early-load item.	BLOCKED: vendor-load filename gap requires disposition, native build/configuration evidence, and dependency review.
qti-adc-tm.ko	no	yes	other	reference_source_only	drivers/thermal/qcom/Makefile	-	-	no	No generic dependency conclusion is safe; inspect the candidate source, Kconfig, DTS references, firmware request paths and userspace ABI.	defer/disable	low	A public candidate is incomplete for a 6.18 vendor-load plan; do not stage a 5.10 binary or silently omit a required early-load item.	BLOCKED: vendor-load filename gap requires disposition, native build/configuration evidence, and dependency review.
qti-fixed-regulator.ko	yes	no	power_clock_interconnect	reference_source_only	drivers/regulator/Makefile	-	-	no	Review PMIC/RPMh/AOP, regulator, clock, interconnect and thermal DT nodes; verify firmware ownership and sequencing where applicable.	defer/disable	low	A public candidate is incomplete for a 6.18 vendor-load plan; do not stage a 5.10 binary or silently omit a required early-load item.	BLOCKED: first-stage filename gap requires a reviewed native 6.18 replacement and load-order evidence.
qti_amoled_ecm.ko	no	yes	other	reference_source_only	drivers/hwmon/Makefile	-	-	no	No generic dependency conclusion is safe; inspect the candidate source, Kconfig, DTS references, firmware request paths and userspace ABI.	defer/disable	low	A public candidate is incomplete for a 6.18 vendor-load plan; do not stage a 5.10 binary or silently omit a required early-load item.	BLOCKED: vendor-load filename gap requires disposition, native build/configuration evidence, and dependency review.
qti_battery_charger_main.ko	no	yes	other	reference_source_only	drivers/power/supply/Makefile	-	-	no	No generic dependency conclusion is safe; inspect the candidate source, Kconfig, DTS references, firmware request paths and userspace ABI.	defer/disable	low	A public candidate is incomplete for a 6.18 vendor-load plan; do not stage a 5.10 binary or silently omit a required early-load item.	BLOCKED: vendor-load filename gap requires disposition, native build/configuration evidence, and dependency review.
qti_battery_debug.ko	no	yes	other	reference_source_only	drivers/soc/qcom/Makefile	-	-	no	No generic dependency conclusion is safe; inspect the candidate source, Kconfig, DTS references, firmware request paths and userspace ABI.	defer/disable	low	A public candidate is incomplete for a 6.18 vendor-load plan; do not stage a 5.10 binary or silently omit a required early-load item.	BLOCKED: vendor-load filename gap requires disposition, native build/configuration evidence, and dependency review.
qti_cpufreq_cdev.ko	no	yes	other	reference_source_only	drivers/thermal/qcom/Makefile	-	-	no	No generic dependency conclusion is safe; inspect the candidate source, Kconfig, DTS references, firmware request paths and userspace ABI.	defer/disable	low	A public candidate is incomplete for a 6.18 vendor-load plan; do not stage a 5.10 binary or silently omit a required early-load item.	BLOCKED: vendor-load filename gap requires disposition, native build/configuration evidence, and dependency review.
qti_devfreq_cdev.ko	no	yes	power_clock_interconnect	reference_source_only	drivers/thermal/qcom/Makefile	-	-	no	Review PMIC/RPMh/AOP, regulator, clock, interconnect and thermal DT nodes; verify firmware ownership and sequencing where applicable.	defer/disable	low	A public candidate is incomplete for a 6.18 vendor-load plan; do not stage a 5.10 binary or silently omit a required early-load item.	BLOCKED: vendor-load filename gap requires disposition, native build/configuration evidence, and dependency review.
qti_qmi_cdev.ko	no	yes	qcom_vendor	reference_source_only	drivers/thermal/qcom/Makefile	-	-	no	Review SMEM, mailbox, interrupt, remoteproc and reserved-memory DT contracts; firmware plus userspace ABI is normally required.	defer/disable	low	A public candidate is incomplete for a 6.18 vendor-load plan; do not stage a 5.10 binary or silently omit a required early-load item.	BLOCKED: vendor-load filename gap requires disposition, native build/configuration evidence, and dependency review.
qti_qmi_sensor_v2.ko	no	yes	qcom_vendor	reference_source_only	drivers/thermal/qcom/Makefile	-	-	no	Review SMEM, mailbox, interrupt, remoteproc and reserved-memory DT contracts; firmware plus userspace ABI is normally required.	defer/disable	low	A public candidate is incomplete for a 6.18 vendor-load plan; do not stage a 5.10 binary or silently omit a required early-load item.	BLOCKED: vendor-load filename gap requires disposition, native build/configuration evidence, and dependency review.
qti_userspace_cdev.ko	no	yes	other	reference_source_only	drivers/thermal/qcom/Makefile	-	-	no	No generic dependency conclusion is safe; inspect the candidate source, Kconfig, DTS references, firmware request paths and userspace ABI.	defer/disable	low	A public candidate is incomplete for a 6.18 vendor-load plan; do not stage a 5.10 binary or silently omit a required early-load item.	BLOCKED: vendor-load filename gap requires disposition, native build/configuration evidence, and dependency review.
radio-i2c-rtc6226-qca.ko	no	yes	other	reference_source_only	drivers/media/radio/rtc6226/Makefile	-	-	no	No generic dependency conclusion is safe; inspect the candidate source, Kconfig, DTS references, firmware request paths and userspace ABI.	defer/disable	low	A public candidate is incomplete for a 6.18 vendor-load plan; do not stage a 5.10 binary or silently omit a required early-load item.	BLOCKED: vendor-load filename gap requires disposition, native build/configuration evidence, and dependency review.
rdbg.ko	no	yes	other	reference_source_only	drivers/char/Makefile	-	-	no	No generic dependency conclusion is safe; inspect the candidate source, Kconfig, DTS references, firmware request paths and userspace ABI.	defer/disable	low	A public candidate is incomplete for a 6.18 vendor-load plan; do not stage a 5.10 binary or silently omit a required early-load item.	BLOCKED: vendor-load filename gap requires disposition, native build/configuration evidence, and dependency review.
reboot-mode.ko	yes	no	other	ack_source_candidate	drivers/power/reset/Makefile	drivers/power/reset/Makefile	drivers/power/reset/Kconfig	yes	No generic dependency conclusion is safe; inspect the candidate source, Kconfig, DTS references, firmware request paths and userspace ABI.	upstream	medium	Existing contract identifies an ACK candidate; native configuration, module form, KMI and load-order validation still required.	BLOCKED: first-stage filename gap requires a reviewed native 6.18 replacement and load-order evidence.
redriver.ko	no	yes	other	reference_source_only	drivers/usb/Makefile;!missing:drivers/usb/redriver/Makefile	-	-	no	No generic dependency conclusion is safe; inspect the candidate source, Kconfig, DTS references, firmware request paths and userspace ABI.	defer/disable	low	A public candidate is incomplete for a 6.18 vendor-load plan; do not stage a 5.10 binary or silently omit a required early-load item.	BLOCKED: vendor-load filename gap requires disposition, native build/configuration evidence, and dependency review.
regmap-spmi.ko	yes	no	other	built_6_18_builtin	drivers/base/regmap/Makefile	drivers/base/regmap/Makefile	drivers/base/regmap/Kconfig	yes	No generic dependency conclusion is safe; inspect the candidate source, Kconfig, DTS references, firmware request paths and userspace ABI.	defer/disable	low	A public candidate is incomplete for a 6.18 vendor-load plan; do not stage a 5.10 binary or silently omit a required early-load item.	BLOCKED: first-stage filename gap requires a reviewed native 6.18 replacement and load-order evidence.
repeater-i2c-eusb2.ko	no	yes	storage_usb	reference_source_only	drivers/usb/repeater/Makefile	-	-	no	Review UFS/PHY/USB/PCIe DT nodes, regulators, clocks, resets, interconnects, IOMMU and any controller/PHY firmware contract.	defer/disable	low	A public candidate is incomplete for a 6.18 vendor-load plan; do not stage a 5.10 binary or silently omit a required early-load item.	BLOCKED: vendor-load filename gap requires disposition, native build/configuration evidence, and dependency review.
repeater.ko	no	yes	other	reference_source_only	drivers/usb/Makefile;drivers/usb/repeater/Makefile	-	-	no	No generic dependency conclusion is safe; inspect the candidate source, Kconfig, DTS references, firmware request paths and userspace ABI.	defer/disable	low	A public candidate is incomplete for a 6.18 vendor-load plan; do not stage a 5.10 binary or silently omit a required early-load item.	BLOCKED: vendor-load filename gap requires disposition, native build/configuration evidence, and dependency review.
rmnet_aps.ko	no	yes	other	unmapped	-	-	-	no	No generic dependency conclusion is safe; inspect the candidate source, Kconfig, DTS references, firmware request paths and userspace ABI.	proprietary-blocked	none	No verified public source candidate was recorded by the existing contract; this is an unresolved blocker, not proof that the artifact is proprietary.	BLOCKED: vendor-load filename gap requires disposition, native build/configuration evidence, and dependency review.
rmnet_core.ko	no	yes	other	unmapped	-	-	-	no	No generic dependency conclusion is safe; inspect the candidate source, Kconfig, DTS references, firmware request paths and userspace ABI.	proprietary-blocked	none	No verified public source candidate was recorded by the existing contract; this is an unresolved blocker, not proof that the artifact is proprietary.	BLOCKED: vendor-load filename gap requires disposition, native build/configuration evidence, and dependency review.
rmnet_ctl.ko	no	yes	other	unmapped	-	-	-	no	No generic dependency conclusion is safe; inspect the candidate source, Kconfig, DTS references, firmware request paths and userspace ABI.	proprietary-blocked	none	No verified public source candidate was recorded by the existing contract; this is an unresolved blocker, not proof that the artifact is proprietary.	BLOCKED: vendor-load filename gap requires disposition, native build/configuration evidence, and dependency review.
rmnet_offload.ko	no	yes	other	unmapped	-	-	-	no	No generic dependency conclusion is safe; inspect the candidate source, Kconfig, DTS references, firmware request paths and userspace ABI.	proprietary-blocked	none	No verified public source candidate was recorded by the existing contract; this is an unresolved blocker, not proof that the artifact is proprietary.	BLOCKED: vendor-load filename gap requires disposition, native build/configuration evidence, and dependency review.
rmnet_perf.ko	no	yes	other	unmapped	-	-	-	no	No generic dependency conclusion is safe; inspect the candidate source, Kconfig, DTS references, firmware request paths and userspace ABI.	proprietary-blocked	none	No verified public source candidate was recorded by the existing contract; this is an unresolved blocker, not proof that the artifact is proprietary.	BLOCKED: vendor-load filename gap requires disposition, native build/configuration evidence, and dependency review.
rmnet_perf_tether.ko	no	yes	other	unmapped	-	-	-	no	No generic dependency conclusion is safe; inspect the candidate source, Kconfig, DTS references, firmware request paths and userspace ABI.	proprietary-blocked	none	No verified public source candidate was recorded by the existing contract; this is an unresolved blocker, not proof that the artifact is proprietary.	BLOCKED: vendor-load filename gap requires disposition, native build/configuration evidence, and dependency review.
rmnet_sch.ko	no	yes	other	unmapped	-	-	-	no	No generic dependency conclusion is safe; inspect the candidate source, Kconfig, DTS references, firmware request paths and userspace ABI.	proprietary-blocked	none	No verified public source candidate was recorded by the existing contract; this is an unresolved blocker, not proof that the artifact is proprietary.	BLOCKED: vendor-load filename gap requires disposition, native build/configuration evidence, and dependency review.
rmnet_shs.ko	no	yes	other	unmapped	-	-	-	no	No generic dependency conclusion is safe; inspect the candidate source, Kconfig, DTS references, firmware request paths and userspace ABI.	proprietary-blocked	none	No verified public source candidate was recorded by the existing contract; this is an unresolved blocker, not proof that the artifact is proprietary.	BLOCKED: vendor-load filename gap requires disposition, native build/configuration evidence, and dependency review.
rmnet_wlan.ko	no	yes	qcom_vendor	unmapped	-	-	-	no	Review SMEM, mailbox, interrupt, remoteproc and reserved-memory DT contracts; firmware plus userspace ABI is normally required.	proprietary-blocked	none	No verified public source candidate was recorded by the existing contract; this is an unresolved blocker, not proof that the artifact is proprietary.	BLOCKED: vendor-load filename gap requires disposition, native build/configuration evidence, and dependency review.
rndisipam.ko	no	yes	qcom_vendor	unmapped	-	-	-	no	Review SMEM, mailbox, interrupt, remoteproc and reserved-memory DT contracts; firmware plus userspace ABI is normally required.	proprietary-blocked	none	No verified public source candidate was recorded by the existing contract; this is an unresolved blocker, not proof that the artifact is proprietary.	BLOCKED: vendor-load filename gap requires disposition, native build/configuration evidence, and dependency review.
rpmh-regulator.ko	yes	no	power_clock_interconnect	reference_source_only	drivers/regulator/Makefile	-	-	no	Review PMIC/RPMh/AOP, regulator, clock, interconnect and thermal DT nodes; verify firmware ownership and sequencing where applicable.	defer/disable	low	A public candidate is incomplete for a 6.18 vendor-load plan; do not stage a 5.10 binary or silently omit a required early-load item.	BLOCKED: first-stage filename gap requires a reviewed native 6.18 replacement and load-order evidence.
rproc_qcom_common.ko	no	yes	other	reference_source_only	drivers/remoteproc/Makefile	-	-	no	No generic dependency conclusion is safe; inspect the candidate source, Kconfig, DTS references, firmware request paths and userspace ABI.	defer/disable	low	A public candidate is incomplete for a 6.18 vendor-load plan; do not stage a 5.10 binary or silently omit a required early-load item.	BLOCKED: vendor-load filename gap requires disposition, native build/configuration evidence, and dependency review.
rq_stats.ko	no	yes	other	reference_source_only	drivers/soc/qcom/Makefile	-	-	no	No generic dependency conclusion is safe; inspect the candidate source, Kconfig, DTS references, firmware request paths and userspace ABI.	defer/disable	low	A public candidate is incomplete for a 6.18 vendor-load plan; do not stage a 5.10 binary or silently omit a required early-load item.	BLOCKED: vendor-load filename gap requires disposition, native build/configuration evidence, and dependency review.
rtc-pm8xxx.ko	yes	no	other	ack_source_candidate	drivers/rtc/Makefile	drivers/rtc/Makefile	drivers/rtc/Kconfig	yes	No generic dependency conclusion is safe; inspect the candidate source, Kconfig, DTS references, firmware request paths and userspace ABI.	upstream	medium	Existing contract identifies an ACK candidate; native configuration, module form, KMI and load-order validation still required.	BLOCKED: first-stage filename gap requires a reviewed native 6.18 replacement and load-order evidence.
sched-walt.ko	yes	no	other	reference_source_only	kernel/sched/walt/Makefile	-	-	no	No generic dependency conclusion is safe; inspect the candidate source, Kconfig, DTS references, firmware request paths and userspace ABI.	defer/disable	low	A public candidate is incomplete for a 6.18 vendor-load plan; do not stage a 5.10 binary or silently omit a required early-load item.	BLOCKED: first-stage filename gap requires a reviewed native 6.18 replacement and load-order evidence.
sdhci-msm.ko	no	yes	other	ack_source_candidate	drivers/mmc/host/Makefile	drivers/mmc/host/Makefile	drivers/mmc/host/Kconfig	yes	No generic dependency conclusion is safe; inspect the candidate source, Kconfig, DTS references, firmware request paths and userspace ABI.	upstream	medium	Existing contract identifies an ACK candidate; native configuration, module form, KMI and load-order validation still required.	BLOCKED: vendor-load filename gap requires disposition, native build/configuration evidence, and dependency review.
sdpm_clk.ko	no	yes	power_clock_interconnect	reference_source_only	drivers/thermal/qcom/Makefile	-	-	no	Review PMIC/RPMh/AOP, regulator, clock, interconnect and thermal DT nodes; verify firmware ownership and sequencing where applicable.	defer/disable	low	A public candidate is incomplete for a 6.18 vendor-load plan; do not stage a 5.10 binary or silently omit a required early-load item.	BLOCKED: vendor-load filename gap requires disposition, native build/configuration evidence, and dependency review.
secure_buffer.ko	yes	no	other	reference_source_only	drivers/soc/qcom/Makefile	-	-	no	No generic dependency conclusion is safe; inspect the candidate source, Kconfig, DTS references, firmware request paths and userspace ABI.	defer/disable	low	A public candidate is incomplete for a 6.18 vendor-load plan; do not stage a 5.10 binary or silently omit a required early-load item.	BLOCKED: first-stage filename gap requires a reviewed native 6.18 replacement and load-order evidence.
sensors_ssc.ko	no	yes	other	reference_source_only	drivers/soc/qcom/Makefile	-	-	no	No generic dependency conclusion is safe; inspect the candidate source, Kconfig, DTS references, firmware request paths and userspace ABI.	defer/disable	low	A public candidate is incomplete for a 6.18 vendor-load plan; do not stage a 5.10 binary or silently omit a required early-load item.	BLOCKED: vendor-load filename gap requires disposition, native build/configuration evidence, and dependency review.
sg.ko	no	yes	other	ack_source_candidate	drivers/scsi/Makefile;lib/Makefile	drivers/scsi/Makefile;lib/Makefile	drivers/scsi/Kconfig;lib/Kconfig	yes	No generic dependency conclusion is safe; inspect the candidate source, Kconfig, DTS references, firmware request paths and userspace ABI.	upstream	medium	Existing contract identifies an ACK candidate; native configuration, module form, KMI and load-order validation still required.	BLOCKED: vendor-load filename gap requires disposition, native build/configuration evidence, and dependency review.
shared_rail_scmi.ko	no	yes	other	reference_source_only	drivers/soc/qcom/Makefile	-	-	no	No generic dependency conclusion is safe; inspect the candidate source, Kconfig, DTS references, firmware request paths and userspace ABI.	defer/disable	low	A public candidate is incomplete for a 6.18 vendor-load plan; do not stage a 5.10 binary or silently omit a required early-load item.	BLOCKED: vendor-load filename gap requires disposition, native build/configuration evidence, and dependency review.
shared_rail_vendor.ko	no	yes	other	reference_source_only	drivers/firmware/arm_scmi/Makefile	-	-	no	No generic dependency conclusion is safe; inspect the candidate source, Kconfig, DTS references, firmware request paths and userspace ABI.	defer/disable	low	A public candidate is incomplete for a 6.18 vendor-load plan; do not stage a 5.10 binary or silently omit a required early-load item.	BLOCKED: vendor-load filename gap requires disposition, native build/configuration evidence, and dependency review.
slim-qcom-ngd-ctrl.ko	no	yes	other	ack_source_candidate	drivers/slimbus/Makefile	drivers/slimbus/Makefile	drivers/slimbus/Kconfig	yes	No generic dependency conclusion is safe; inspect the candidate source, Kconfig, DTS references, firmware request paths and userspace ABI.	upstream	medium	Existing contract identifies an ACK candidate; native configuration, module form, KMI and load-order validation still required.	BLOCKED: vendor-load filename gap requires disposition, native build/configuration evidence, and dependency review.
slimbus.ko	no	yes	other	ack_source_candidate	drivers/Makefile;drivers/slimbus/Makefile	drivers/Makefile;drivers/slimbus/Makefile	drivers/Kconfig;drivers/slimbus/Kconfig	yes	No generic dependency conclusion is safe; inspect the candidate source, Kconfig, DTS references, firmware request paths and userspace ABI.	upstream	medium	Existing contract identifies an ACK candidate; native configuration, module form, KMI and load-order validation still required.	BLOCKED: vendor-load filename gap requires disposition, native build/configuration evidence, and dependency review.
smcinvoke_mod.ko	no	yes	other	reference_source_only	drivers/soc/qcom/Makefile	-	-	no	No generic dependency conclusion is safe; inspect the candidate source, Kconfig, DTS references, firmware request paths and userspace ABI.	defer/disable	low	A public candidate is incomplete for a 6.18 vendor-load plan; do not stage a 5.10 binary or silently omit a required early-load item.	BLOCKED: vendor-load filename gap requires disposition, native build/configuration evidence, and dependency review.
smem.ko	yes	no	qcom_vendor	ack_source_candidate	drivers/net/wireless/intel/iwlwifi/Makefile;drivers/soc/qcom/Makefile	drivers/net/wireless/intel/iwlwifi/Makefile;drivers/soc/qcom/Makefile	drivers/net/wireless/intel/iwlwifi/Kconfig;drivers/soc/qcom/Kconfig	yes	Review SMEM, mailbox, interrupt, remoteproc and reserved-memory DT contracts; firmware plus userspace ABI is normally required.	upstream	medium	Existing contract identifies an ACK candidate; native configuration, module form, KMI and load-order validation still required.	BLOCKED: first-stage filename gap requires a reviewed native 6.18 replacement and load-order evidence.
smp2p.ko	no	yes	other	ack_source_candidate	drivers/soc/qcom/Makefile	drivers/soc/qcom/Makefile	drivers/soc/qcom/Kconfig	yes	No generic dependency conclusion is safe; inspect the candidate source, Kconfig, DTS references, firmware request paths and userspace ABI.	upstream	medium	Existing contract identifies an ACK candidate; native configuration, module form, KMI and load-order validation still required.	BLOCKED: vendor-load filename gap requires disposition, native build/configuration evidence, and dependency review.
smp2p_sleepstate.ko	no	yes	other	reference_source_only	drivers/soc/qcom/Makefile	-	-	no	No generic dependency conclusion is safe; inspect the candidate source, Kconfig, DTS references, firmware request paths and userspace ABI.	defer/disable	low	A public candidate is incomplete for a 6.18 vendor-load plan; do not stage a 5.10 binary or silently omit a required early-load item.	BLOCKED: vendor-load filename gap requires disposition, native build/configuration evidence, and dependency review.
snd-usb-audio-qmi.ko	no	yes	storage_usb	ack_source_candidate	sound/usb/Makefile	sound/usb/qcom/Makefile	sound/usb/Kconfig	yes	Review UFS/PHY/USB/PCIe DT nodes, regulators, clocks, resets, interconnects, IOMMU and any controller/PHY firmware contract.	upstream	medium	Existing contract identifies an ACK candidate; native configuration, module form, KMI and load-order validation still required.	BLOCKED: vendor-load filename gap requires disposition, native build/configuration evidence, and dependency review.
snd_event_dlkm.ko	no	yes	other	unmapped	-	-	-	no	No generic dependency conclusion is safe; inspect the candidate source, Kconfig, DTS references, firmware request paths and userspace ABI.	proprietary-blocked	none	No verified public source candidate was recorded by the existing contract; this is an unresolved blocker, not proof that the artifact is proprietary.	BLOCKED: vendor-load filename gap requires disposition, native build/configuration evidence, and dependency review.
soc_sleep_stats.ko	no	yes	other	reference_source_only	drivers/soc/qcom/Makefile	-	-	no	No generic dependency conclusion is safe; inspect the candidate source, Kconfig, DTS references, firmware request paths and userspace ABI.	defer/disable	low	A public candidate is incomplete for a 6.18 vendor-load plan; do not stage a 5.10 binary or silently omit a required early-load item.	BLOCKED: vendor-load filename gap requires disposition, native build/configuration evidence, and dependency review.
socinfo.ko	yes	no	other	ack_source_candidate	drivers/soc/qcom/Makefile	drivers/soc/qcom/Makefile	drivers/soc/qcom/Kconfig	yes	No generic dependency conclusion is safe; inspect the candidate source, Kconfig, DTS references, firmware request paths and userspace ABI.	upstream	medium	Existing contract identifies an ACK candidate; native configuration, module form, KMI and load-order validation still required.	BLOCKED: first-stage filename gap requires a reviewed native 6.18 replacement and load-order evidence.
spf_core_dlkm.ko	no	yes	other	unmapped	-	-	-	no	No generic dependency conclusion is safe; inspect the candidate source, Kconfig, DTS references, firmware request paths and userspace ABI.	proprietary-blocked	none	No verified public source candidate was recorded by the existing contract; this is an unresolved blocker, not proof that the artifact is proprietary.	BLOCKED: vendor-load filename gap requires disposition, native build/configuration evidence, and dependency review.
spi-msm-geni.ko	no	yes	other	reference_source_only	drivers/spi/Makefile	-	-	no	No generic dependency conclusion is safe; inspect the candidate source, Kconfig, DTS references, firmware request paths and userspace ABI.	defer/disable	low	A public candidate is incomplete for a 6.18 vendor-load plan; do not stage a 5.10 binary or silently omit a required early-load item.	BLOCKED: vendor-load filename gap requires disposition, native build/configuration evidence, and dependency review.
spmi-glink-debug.ko	no	yes	qcom_vendor	reference_source_only	drivers/spmi/Makefile	-	-	no	Review SMEM, mailbox, interrupt, remoteproc and reserved-memory DT contracts; firmware plus userspace ABI is normally required.	defer/disable	low	A public candidate is incomplete for a 6.18 vendor-load plan; do not stage a 5.10 binary or silently omit a required early-load item.	BLOCKED: vendor-load filename gap requires disposition, native build/configuration evidence, and dependency review.
spmi-pmic-arb-debug.ko	no	yes	power_clock_interconnect	reference_source_only	drivers/spmi/Makefile	-	-	no	Review PMIC/RPMh/AOP, regulator, clock, interconnect and thermal DT nodes; verify firmware ownership and sequencing where applicable.	defer/disable	low	A public candidate is incomplete for a 6.18 vendor-load plan; do not stage a 5.10 binary or silently omit a required early-load item.	BLOCKED: vendor-load filename gap requires disposition, native build/configuration evidence, and dependency review.
spmi-pmic-arb.ko	yes	no	power_clock_interconnect	ack_source_candidate	drivers/spmi/Makefile	drivers/spmi/Makefile	drivers/spmi/Kconfig	yes	Review PMIC/RPMh/AOP, regulator, clock, interconnect and thermal DT nodes; verify firmware ownership and sequencing where applicable.	upstream	medium	Existing contract identifies an ACK candidate; native configuration, module form, KMI and load-order validation still required.	BLOCKED: first-stage filename gap requires a reviewed native 6.18 replacement and load-order evidence.
sps_drv.ko	no	yes	other	reference_source_only	drivers/platform/msm/sps/Makefile	-	-	no	No generic dependency conclusion is safe; inspect the candidate source, Kconfig, DTS references, firmware request paths and userspace ABI.	defer/disable	low	A public candidate is incomplete for a 6.18 vendor-load plan; do not stage a 5.10 binary or silently omit a required early-load item.	BLOCKED: vendor-load filename gap requires disposition, native build/configuration evidence, and dependency review.
stm_console.ko	no	yes	other	ack_source_candidate	drivers/hwtracing/stm/Makefile	drivers/hwtracing/stm/Makefile	drivers/hwtracing/stm/Kconfig	yes	No generic dependency conclusion is safe; inspect the candidate source, Kconfig, DTS references, firmware request paths and userspace ABI.	upstream	medium	Existing contract identifies an ACK candidate; native configuration, module form, KMI and load-order validation still required.	BLOCKED: vendor-load filename gap requires disposition, native build/configuration evidence, and dependency review.
stm_core.ko	no	yes	other	ack_source_candidate	drivers/hwtracing/stm/Makefile	drivers/hwtracing/stm/Makefile	drivers/hwtracing/stm/Kconfig	yes	No generic dependency conclusion is safe; inspect the candidate source, Kconfig, DTS references, firmware request paths and userspace ABI.	upstream	medium	Existing contract identifies an ACK candidate; native configuration, module form, KMI and load-order validation still required.	BLOCKED: vendor-load filename gap requires disposition, native build/configuration evidence, and dependency review.
stm_ftrace.ko	no	yes	other	ack_source_candidate	drivers/hwtracing/stm/Makefile	drivers/hwtracing/stm/Makefile	drivers/hwtracing/stm/Kconfig	yes	No generic dependency conclusion is safe; inspect the candidate source, Kconfig, DTS references, firmware request paths and userspace ABI.	upstream	medium	Existing contract identifies an ACK candidate; native configuration, module form, KMI and load-order validation still required.	BLOCKED: vendor-load filename gap requires disposition, native build/configuration evidence, and dependency review.
stm_p_basic.ko	no	yes	other	ack_source_candidate	drivers/hwtracing/stm/Makefile	drivers/hwtracing/stm/Makefile	drivers/hwtracing/stm/Kconfig	yes	No generic dependency conclusion is safe; inspect the candidate source, Kconfig, DTS references, firmware request paths and userspace ABI.	upstream	medium	Existing contract identifies an ACK candidate; native configuration, module form, KMI and load-order validation still required.	BLOCKED: vendor-load filename gap requires disposition, native build/configuration evidence, and dependency review.
stm_p_ost.ko	no	yes	other	reference_source_only	drivers/hwtracing/stm/Makefile	-	-	no	No generic dependency conclusion is safe; inspect the candidate source, Kconfig, DTS references, firmware request paths and userspace ABI.	defer/disable	low	A public candidate is incomplete for a 6.18 vendor-load plan; do not stage a 5.10 binary or silently omit a required early-load item.	BLOCKED: vendor-load filename gap requires disposition, native build/configuration evidence, and dependency review.
stmvl53l5.ko	no	yes	other	reference_source_only	drivers/input/Makefile;drivers/input/stmvl53l5/Makefile	-	-	no	No generic dependency conclusion is safe; inspect the candidate source, Kconfig, DTS references, firmware request paths and userspace ABI.	defer/disable	low	A public candidate is incomplete for a 6.18 vendor-load plan; do not stage a 5.10 binary or silently omit a required early-load item.	BLOCKED: vendor-load filename gap requires disposition, native build/configuration evidence, and dependency review.
stub-regulator.ko	yes	no	power_clock_interconnect	reference_source_only	drivers/regulator/Makefile	-	-	no	Review PMIC/RPMh/AOP, regulator, clock, interconnect and thermal DT nodes; verify firmware ownership and sequencing where applicable.	defer/disable	low	A public candidate is incomplete for a 6.18 vendor-load plan; do not stage a 5.10 binary or silently omit a required early-load item.	BLOCKED: first-stage filename gap requires a reviewed native 6.18 replacement and load-order evidence.
stub_dlkm.ko	no	yes	other	unmapped	-	-	-	no	No generic dependency conclusion is safe; inspect the candidate source, Kconfig, DTS references, firmware request paths and userspace ABI.	proprietary-blocked	none	No verified public source candidate was recorded by the existing contract; this is an unresolved blocker, not proof that the artifact is proprietary.	BLOCKED: vendor-load filename gap requires disposition, native build/configuration evidence, and dependency review.
subsystem_sleep_stats.ko	no	yes	other	reference_source_only	drivers/soc/qcom/Makefile	-	-	no	No generic dependency conclusion is safe; inspect the candidate source, Kconfig, DTS references, firmware request paths and userspace ABI.	defer/disable	low	A public candidate is incomplete for a 6.18 vendor-load plan; do not stage a 5.10 binary or silently omit a required early-load item.	BLOCKED: vendor-load filename gap requires disposition, native build/configuration evidence, and dependency review.
swr_ctrl_dlkm.ko	no	yes	other	unmapped	-	-	-	no	No generic dependency conclusion is safe; inspect the candidate source, Kconfig, DTS references, firmware request paths and userspace ABI.	proprietary-blocked	none	No verified public source candidate was recorded by the existing contract; this is an unresolved blocker, not proof that the artifact is proprietary.	BLOCKED: vendor-load filename gap requires disposition, native build/configuration evidence, and dependency review.
swr_dlkm.ko	no	yes	other	unmapped	-	-	-	no	No generic dependency conclusion is safe; inspect the candidate source, Kconfig, DTS references, firmware request paths and userspace ABI.	proprietary-blocked	none	No verified public source candidate was recorded by the existing contract; this is an unresolved blocker, not proof that the artifact is proprietary.	BLOCKED: vendor-load filename gap requires disposition, native build/configuration evidence, and dependency review.
swr_dmic_dlkm.ko	no	yes	other	unmapped	-	-	-	no	No generic dependency conclusion is safe; inspect the candidate source, Kconfig, DTS references, firmware request paths and userspace ABI.	proprietary-blocked	none	No verified public source candidate was recorded by the existing contract; this is an unresolved blocker, not proof that the artifact is proprietary.	BLOCKED: vendor-load filename gap requires disposition, native build/configuration evidence, and dependency review.
swr_haptics_dlkm.ko	no	yes	touch_biometrics	unmapped	-	-	-	no	Review input/bus/IRQ/regulator DT contracts and proprietary HAL/TEE implications; defer unless an early-boot dependency is evidenced.	proprietary-blocked	none	No verified public source candidate was recorded by the existing contract; this is an unresolved blocker, not proof that the artifact is proprietary.	BLOCKED: vendor-load filename gap requires disposition, native build/configuration evidence, and dependency review.
synaptics_dsx.ko	no	yes	other	reference_source_only	drivers/input/touchscreen/Makefile;drivers/input/touchscreen/synaptics_dsx/Makefile	-	-	no	No generic dependency conclusion is safe; inspect the candidate source, Kconfig, DTS references, firmware request paths and userspace ABI.	defer/disable	low	A public candidate is incomplete for a 6.18 vendor-load plan; do not stage a 5.10 binary or silently omit a required early-load item.	BLOCKED: vendor-load filename gap requires disposition, native build/configuration evidence, and dependency review.
synx-driver.ko	no	yes	display_gpu	reference_source_only	drivers/media/platform/msm/synx/Makefile	-	-	no	Review display/GPU DT, regulators, clocks, IOMMU, panel and firmware/userspace ABI contracts; defer from boot-critical scope.	defer/disable	low	A public candidate is incomplete for a 6.18 vendor-load plan; do not stage a 5.10 binary or silently omit a required early-load item.	BLOCKED: vendor-load filename gap requires disposition, native build/configuration evidence, and dependency review.
sys_pm_vx.ko	no	yes	other	reference_source_only	drivers/soc/qcom/Makefile	-	-	no	No generic dependency conclusion is safe; inspect the candidate source, Kconfig, DTS references, firmware request paths and userspace ABI.	defer/disable	low	A public candidate is incomplete for a 6.18 vendor-load plan; do not stage a 5.10 binary or silently omit a required early-load item.	BLOCKED: vendor-load filename gap requires disposition, native build/configuration evidence, and dependency review.
sysmon_subsystem_stats.ko	no	yes	other	reference_source_only	drivers/soc/qcom/Makefile	-	-	no	No generic dependency conclusion is safe; inspect the candidate source, Kconfig, DTS references, firmware request paths and userspace ABI.	defer/disable	low	A public candidate is incomplete for a 6.18 vendor-load plan; do not stage a 5.10 binary or silently omit a required early-load item.	BLOCKED: vendor-load filename gap requires disposition, native build/configuration evidence, and dependency review.
thermal_pause.ko	yes	no	power_clock_interconnect	reference_source_only	drivers/thermal/qcom/Makefile	-	-	no	Review PMIC/RPMh/AOP, regulator, clock, interconnect and thermal DT nodes; verify firmware ownership and sequencing where applicable.	defer/disable	low	A public candidate is incomplete for a 6.18 vendor-load plan; do not stage a 5.10 binary or silently omit a required early-load item.	BLOCKED: first-stage filename gap requires a reviewed native 6.18 replacement and load-order evidence.
tmecom-intf.ko	yes	no	other	reference_source_only	drivers/soc/qcom/tmecom/Makefile	-	-	no	No generic dependency conclusion is safe; inspect the candidate source, Kconfig, DTS references, firmware request paths and userspace ABI.	defer/disable	low	A public candidate is incomplete for a 6.18 vendor-load plan; do not stage a 5.10 binary or silently omit a required early-load item.	BLOCKED: first-stage filename gap requires a reviewed native 6.18 replacement and load-order evidence.
ucsi_glink.ko	no	yes	qcom_vendor	ack_source_candidate	drivers/usb/typec/ucsi/Makefile	drivers/usb/typec/ucsi/Makefile	drivers/usb/typec/ucsi/Kconfig	yes	Review SMEM, mailbox, interrupt, remoteproc and reserved-memory DT contracts; firmware plus userspace ABI is normally required.	upstream	medium	Existing contract identifies an ACK candidate; native configuration, module form, KMI and load-order validation still required.	BLOCKED: vendor-load filename gap requires disposition, native build/configuration evidence, and dependency review.
ufs_qcom.ko	yes	no	storage_usb	reference_source_only	drivers/scsi/ufs/Makefile	-	-	no	Review UFS/PHY/USB/PCIe DT nodes, regulators, clocks, resets, interconnects, IOMMU and any controller/PHY firmware contract.	defer/disable	low	A public candidate is incomplete for a 6.18 vendor-load plan; do not stage a 5.10 binary or silently omit a required early-load item.	BLOCKED: first-stage filename gap requires a reviewed native 6.18 replacement and load-order evidence.
ufshcd-crypto-qti.ko	yes	no	storage_usb	reference_source_only	drivers/scsi/ufs/Makefile	-	-	no	Review UFS/PHY/USB/PCIe DT nodes, regulators, clocks, resets, interconnects, IOMMU and any controller/PHY firmware contract.	defer/disable	low	A public candidate is incomplete for a 6.18 vendor-load plan; do not stage a 5.10 binary or silently omit a required early-load item.	BLOCKED: first-stage filename gap requires a reviewed native 6.18 replacement and load-order evidence.
usb_bam.ko	no	yes	storage_usb	reference_source_only	drivers/platform/msm/Makefile	-	-	no	Review UFS/PHY/USB/PCIe DT nodes, regulators, clocks, resets, interconnects, IOMMU and any controller/PHY firmware contract.	defer/disable	low	A public candidate is incomplete for a 6.18 vendor-load plan; do not stage a 5.10 binary or silently omit a required early-load item.	BLOCKED: vendor-load filename gap requires disposition, native build/configuration evidence, and dependency review.
usb_f_ccid.ko	no	yes	storage_usb	reference_source_only	drivers/usb/gadget/function/Makefile	-	-	no	Review UFS/PHY/USB/PCIe DT nodes, regulators, clocks, resets, interconnects, IOMMU and any controller/PHY firmware contract.	defer/disable	low	A public candidate is incomplete for a 6.18 vendor-load plan; do not stage a 5.10 binary or silently omit a required early-load item.	BLOCKED: vendor-load filename gap requires disposition, native build/configuration evidence, and dependency review.
usb_f_cdev.ko	no	yes	storage_usb	reference_source_only	drivers/usb/gadget/function/Makefile	-	-	no	Review UFS/PHY/USB/PCIe DT nodes, regulators, clocks, resets, interconnects, IOMMU and any controller/PHY firmware contract.	defer/disable	low	A public candidate is incomplete for a 6.18 vendor-load plan; do not stage a 5.10 binary or silently omit a required early-load item.	BLOCKED: vendor-load filename gap requires disposition, native build/configuration evidence, and dependency review.
usb_f_diag.ko	no	yes	storage_usb	reference_source_only	drivers/usb/gadget/function/Makefile	-	-	no	Review UFS/PHY/USB/PCIe DT nodes, regulators, clocks, resets, interconnects, IOMMU and any controller/PHY firmware contract.	defer/disable	low	A public candidate is incomplete for a 6.18 vendor-load plan; do not stage a 5.10 binary or silently omit a required early-load item.	BLOCKED: vendor-load filename gap requires disposition, native build/configuration evidence, and dependency review.
usb_f_gsi.ko	no	yes	storage_usb	reference_source_only	drivers/usb/gadget/function/Makefile	-	-	no	Review UFS/PHY/USB/PCIe DT nodes, regulators, clocks, resets, interconnects, IOMMU and any controller/PHY firmware contract.	defer/disable	low	A public candidate is incomplete for a 6.18 vendor-load plan; do not stage a 5.10 binary or silently omit a required early-load item.	BLOCKED: vendor-load filename gap requires disposition, native build/configuration evidence, and dependency review.
usb_f_qdss.ko	no	yes	storage_usb	reference_source_only	drivers/usb/gadget/function/Makefile	-	-	no	Review UFS/PHY/USB/PCIe DT nodes, regulators, clocks, resets, interconnects, IOMMU and any controller/PHY firmware contract.	defer/disable	low	A public candidate is incomplete for a 6.18 vendor-load plan; do not stage a 5.10 binary or silently omit a required early-load item.	BLOCKED: vendor-load filename gap requires disposition, native build/configuration evidence, and dependency review.
videocc-diwali.ko	no	yes	other	reference_source_only	drivers/clk/qcom/Makefile	-	-	no	No generic dependency conclusion is safe; inspect the candidate source, Kconfig, DTS references, firmware request paths and userspace ABI.	defer/disable	low	A public candidate is incomplete for a 6.18 vendor-load plan; do not stage a 5.10 binary or silently omit a required early-load item.	BLOCKED: vendor-load filename gap requires disposition, native build/configuration evidence, and dependency review.
videocc-waipio.ko	no	yes	other	reference_source_only	drivers/clk/qcom/Makefile	-	-	no	No generic dependency conclusion is safe; inspect the candidate source, Kconfig, DTS references, firmware request paths and userspace ABI.	defer/disable	low	A public candidate is incomplete for a 6.18 vendor-load plan; do not stage a 5.10 binary or silently omit a required early-load item.	BLOCKED: vendor-load filename gap requires disposition, native build/configuration evidence, and dependency review.
wcd937x_dlkm.ko	no	yes	other	unmapped	-	-	-	no	No generic dependency conclusion is safe; inspect the candidate source, Kconfig, DTS references, firmware request paths and userspace ABI.	proprietary-blocked	none	No verified public source candidate was recorded by the existing contract; this is an unresolved blocker, not proof that the artifact is proprietary.	BLOCKED: vendor-load filename gap requires disposition, native build/configuration evidence, and dependency review.
wcd937x_slave_dlkm.ko	no	yes	other	unmapped	-	-	-	no	No generic dependency conclusion is safe; inspect the candidate source, Kconfig, DTS references, firmware request paths and userspace ABI.	proprietary-blocked	none	No verified public source candidate was recorded by the existing contract; this is an unresolved blocker, not proof that the artifact is proprietary.	BLOCKED: vendor-load filename gap requires disposition, native build/configuration evidence, and dependency review.
wcd938x_dlkm.ko	no	yes	other	unmapped	-	-	-	no	No generic dependency conclusion is safe; inspect the candidate source, Kconfig, DTS references, firmware request paths and userspace ABI.	proprietary-blocked	none	No verified public source candidate was recorded by the existing contract; this is an unresolved blocker, not proof that the artifact is proprietary.	BLOCKED: vendor-load filename gap requires disposition, native build/configuration evidence, and dependency review.
wcd938x_slave_dlkm.ko	no	yes	other	unmapped	-	-	-	no	No generic dependency conclusion is safe; inspect the candidate source, Kconfig, DTS references, firmware request paths and userspace ABI.	proprietary-blocked	none	No verified public source candidate was recorded by the existing contract; this is an unresolved blocker, not proof that the artifact is proprietary.	BLOCKED: vendor-load filename gap requires disposition, native build/configuration evidence, and dependency review.
wcd9xxx_dlkm.ko	no	yes	other	unmapped	-	-	-	no	No generic dependency conclusion is safe; inspect the candidate source, Kconfig, DTS references, firmware request paths and userspace ABI.	proprietary-blocked	none	No verified public source candidate was recorded by the existing contract; this is an unresolved blocker, not proof that the artifact is proprietary.	BLOCKED: vendor-load filename gap requires disposition, native build/configuration evidence, and dependency review.
wcd_core_dlkm.ko	no	yes	other	unmapped	-	-	-	no	No generic dependency conclusion is safe; inspect the candidate source, Kconfig, DTS references, firmware request paths and userspace ABI.	proprietary-blocked	none	No verified public source candidate was recorded by the existing contract; this is an unresolved blocker, not proof that the artifact is proprietary.	BLOCKED: vendor-load filename gap requires disposition, native build/configuration evidence, and dependency review.
wl2866d.ko	no	yes	other	reference_source_only	drivers/misc/Makefile;drivers/regulator/Makefile	-	-	no	No generic dependency conclusion is safe; inspect the candidate source, Kconfig, DTS references, firmware request paths and userspace ABI.	defer/disable	low	A public candidate is incomplete for a 6.18 vendor-load plan; do not stage a 5.10 binary or silently omit a required early-load item.	BLOCKED: vendor-load filename gap requires disposition, native build/configuration evidence, and dependency review.
wl2866d_ldo.ko	no	yes	other	reference_source_only	drivers/misc/Makefile	-	-	no	No generic dependency conclusion is safe; inspect the candidate source, Kconfig, DTS references, firmware request paths and userspace ABI.	defer/disable	low	A public candidate is incomplete for a 6.18 vendor-load plan; do not stage a 5.10 binary or silently omit a required early-load item.	BLOCKED: vendor-load filename gap requires disposition, native build/configuration evidence, and dependency review.
wlan_firmware_service.ko	no	yes	qcom_vendor	reference_source_only	drivers/net/wireless/cnss_utils/Makefile	-	-	no	Review SMEM, mailbox, interrupt, remoteproc and reserved-memory DT contracts; firmware plus userspace ABI is normally required.	defer/disable	low	A public candidate is incomplete for a 6.18 vendor-load plan; do not stage a 5.10 binary or silently omit a required early-load item.	BLOCKED: vendor-load filename gap requires disposition, native build/configuration evidence, and dependency review.
wsa883x_dlkm.ko	no	yes	other	unmapped	-	-	-	no	No generic dependency conclusion is safe; inspect the candidate source, Kconfig, DTS references, firmware request paths and userspace ABI.	proprietary-blocked	none	No verified public source candidate was recorded by the existing contract; this is an unresolved blocker, not proof that the artifact is proprietary.	BLOCKED: vendor-load filename gap requires disposition, native build/configuration evidence, and dependency review.
xiaomi_touch.ko	no	yes	touch_biometrics	reference_source_only	-	-	-	no	Review input/bus/IRQ/regulator DT contracts and proprietary HAL/TEE implications; defer unless an early-boot dependency is evidenced.	defer/disable	none	A public candidate is incomplete for a 6.18 vendor-load plan; do not stage a 5.10 binary or silently omit a required early-load item.	BLOCKED: vendor-load filename gap requires disposition, native build/configuration evidence, and dependency review.
